Institute,Academic Program Name,Quota,Seat Type,Gender,Round 1 -Closing Rank,Round 2 - Closing Rank,Round 3 -Closing Rank,Round 4 -Closing Rank,Round 5 -Closing Rank
Indian Institute of Technology Bhubaneswar,"Civil Engineering (4 Years, Bachelor of Technology)",AI,OPEN,Gender-Neutral,14763,15329,15329,15433,16868
Indian Institute of Technology Bhubaneswar,"Civil Engineering (4 Years, Bachelor of Technology)",AI,OPEN,Female-only (including Supernumerary),24023,24547,24722,24722,24750
Indian Institute of Technology Bhubaneswar,"Civil Engineering (4 Years, Bachelor of Technology)",AI,EWS,Gender-Neutral,2197,2235,2235,2235,2510
Indian Institute of Technology Bhubaneswar,"Civil Engineering (4 Years, Bachelor of Technology)",AI,EWS,Female-only (including Supernumerary),4069,4180,4191,4191,4281
Indian Institute of Technology Bhubaneswar,"Civil Engineering (4 Years, Bachelor of Technology)",AI,OBC-NCL,Gender-Neutral,5236,5405,5405,5405,5550
Indian Institute of Technology Bhubaneswar,"Civil Engineering (4 Years, Bachelor of Technology)",AI,OBC-NCL,Female-only (including Supernumerary),9435,10085,10132,10132,10132
Indian Institute of Technology Bhubaneswar,"Civil Engineering (4 Years, Bachelor of Technology)",AI,SC,Gender-Neutral,2687,2766,2766,2766,2799
Indian Institute of Technology Bhubaneswar,"Civil Engineering (4 Years, Bachelor of Technology)",AI,SC,Female-only (including Supernumerary),4117,4371,4371,4371,4371
Indian Institute of Technology Bhubaneswar,"Civil Engineering (4 Years, Bachelor of Technology)",AI,ST,Gender-Neutral,1079,1080,1080,1080,1080
Indian Institute of Technology Bhubaneswar,"Civil Engineering (4 Years, Bachelor of Technology)",AI,ST,Female-only (including Supernumerary),1190,1338,1338,1338,1338
Indian Institute of Technology Bhubaneswar,"Computer Science and Engineering (4 Years, Bachelor of Technology)",AI,OPEN,Gender-Neutral,4582,4582,4642,4642,4899
Indian Institute of Technology Bhubaneswar,"Computer Science and Engineering (4 Years, Bachelor of Technology)",AI,OPEN,Female-only (including Supernumerary),8238,8238,8238,8238,8782
Indian Institute of Technology Bhubaneswar,"Computer Science and Engineering (4 Years, Bachelor of Technology)",AI,OPEN (PwD),Female-only (including Supernumerary),227,227,227,227,227
Indian Institute of Technology Bhubaneswar,"Computer Science and Engineering (4 Years, Bachelor of Technology)",AI,EWS,Gender-Neutral,643,643,643,643,696
Indian Institute of Technology Bhubaneswar,"Computer Science and Engineering (4 Years, Bachelor of Technology)",AI,EWS,Female-only (including Supernumerary),1393,1393,1393,1393,1393
Indian Institute of Technology Bhubaneswar,"Computer Science and Engineering (4 Years, Bachelor of Technology)",AI,OBC-NCL,Gender-Neutral,1542,1544,1544,1544,1551
Indian Institute of Technology Bhubaneswar,"Computer Science and Engineering (4 Years, Bachelor of Technology)",AI,OBC-NCL,Female-only (including Supernumerary),3481,3481,3481,3481,3481
Indian Institute of Technology Bhubaneswar,"Computer Science and Engineering (4 Years, Bachelor of Technology)",AI,OBC-NCL (PwD),Gender-Neutral,41,41,41,41,41
Indian Institute of Technology Bhubaneswar,"Computer Science and Engineering (4 Years, Bachelor of Technology)",AI,SC,Gender-Neutral,849,899,899,899,899
Indian Institute of Technology Bhubaneswar,"Computer Science and Engineering (4 Years, Bachelor of Technology)",AI,SC,Female-only (including Supernumerary),1260,1260,1260,1260,1260
Indian Institute of Technology Bhubaneswar,"Computer Science and Engineering (4 Years, Bachelor of Technology)",AI,ST,Gender-Neutral,326,326,326,326,326
Indian Institute of Technology Bhubaneswar,"Computer Science and Engineering (4 Years, Bachelor of Technology)",AI,ST,Female-only (including Supernumerary),649,649,649,649,649
Indian Institute of Technology Bhubaneswar,"Electrical Engineering (4 Years, Bachelor of Technology)",AI,OPEN,Gender-Neutral,7580,7593,7650,7660,8668
Indian Institute of Technology Bhubaneswar,"Electrical Engineering (4 Years, Bachelor of Technology)",AI,OPEN,Female-only (including Supernumerary),14907,14907,14907,14907,15477
Indian Institute of Technology Bhubaneswar,"Electrical Engineering (4 Years, Bachelor of Technology)",AI,OPEN (PwD),Gender-Neutral,298,260P,260P,260P,260P
Indian Institute of Technology Bhubaneswar,"Electrical Engineering (4 Years, Bachelor of Technology)",AI,EWS,Gender-Neutral,1114,1153,1157,1161,1180
Indian Institute of Technology Bhubaneswar,"Electrical Engineering (4 Years, Bachelor of Technology)",AI,EWS,Female-only (including Supernumerary),2267,2267,2267,2267,2267
Indian Institute of Technology Bhubaneswar,"Electrical Engineering (4 Years, Bachelor of Technology)",AI,OBC-NCL,Gender-Neutral,2910,2970,2970,2970,2970
Indian Institute of Technology Bhubaneswar,"Electrical Engineering (4 Years, Bachelor of Technology)",AI,OBC-NCL,Female-only (including Supernumerary),5970,6113,6113,6113,6113
Indian Institute of Technology Bhubaneswar,"Electrical Engineering (4 Years, Bachelor of Technology)",AI,SC,Gender-Neutral,1657,1691,1691,1691,1692
Indian Institute of Technology Bhubaneswar,"Electrical Engineering (4 Years, Bachelor of Technology)",AI,SC,Female-only (including Supernumerary),2643,2643,2643,2643,2643
Indian Institute of Technology Bhubaneswar,"Electrical Engineering (4 Years, Bachelor of Technology)",AI,ST,Gender-Neutral,774,787,787,787,787
Indian Institute of Technology Bhubaneswar,"Electrical Engineering (4 Years, Bachelor of Technology)",AI,ST,Female-only (including Supernumerary),1015,1086,1086,1086,1086
Indian Institute of Technology Bhubaneswar,"Electronics and Communication Engineering (4 Years, Bachelor of Technology)",AI,OPEN,Gender-Neutral,5807,5832,5832,5832,6314
Indian Institute of Technology Bhubaneswar,"Electronics and Communication Engineering (4 Years, Bachelor of Technology)",AI,OPEN,Female-only (including Supernumerary),11841,11841,11841,11841,12172
Indian Institute of Technology Bhubaneswar,"Electronics and Communication Engineering (4 Years, Bachelor of Technology)",AI,OPEN (PwD),Gender-Neutral,43,43,43,43,43
Indian Institute of Technology Bhubaneswar,"Electronics and Communication Engineering (4 Years, Bachelor of Technology)",AI,EWS,Gender-Neutral,801,816,816,816,891
Indian Institute of Technology Bhubaneswar,"Electronics and Communication Engineering (4 Years, Bachelor of Technology)",AI,EWS,Female-only (including Supernumerary),1745,1745,1745,1745,1745
Indian Institute of Technology Bhubaneswar,"Electronics and Communication Engineering (4 Years, Bachelor of Technology)",AI,OBC-NCL,Gender-Neutral,2074,2128,2128,2128,2132
Indian Institute of Technology Bhubaneswar,"Electronics and Communication Engineering (4 Years, Bachelor of Technology)",AI,OBC-NCL,Female-only (including Supernumerary),4475,4475,4475,4475,4475
Indian Institute of Technology Bhubaneswar,"Electronics and Communication Engineering (4 Years, Bachelor of Technology)",AI,SC,Gender-Neutral,1187,1187,1187,1187,1187
Indian Institute of Technology Bhubaneswar,"Electronics and Communication Engineering (4 Years, Bachelor of Technology)",AI,SC,Female-only (including Supernumerary),1273,1273,1273,1273,1273
Indian Institute of Technology Bhubaneswar,"Electronics and Communication Engineering (4 Years, Bachelor of Technology)",AI,ST,Gender-Neutral,617,657,657,657,657
Indian Institute of Technology Bhubaneswar,"Electronics and Communication Engineering (4 Years, Bachelor of Technology)",AI,ST,Female-only (including Supernumerary),838,838,838,838,838
Indian Institute of Technology Bhubaneswar,"Engineering Physics (4 Years, Bachelor of Technology)",AI,OPEN,Gender-Neutral,10738,11565,11565,11565,12622
Indian Institute of Technology Bhubaneswar,"Engineering Physics (4 Years, Bachelor of Technology)",AI,OPEN,Female-only (including Supernumerary),18668,18668,18668,18668,18668
Indian Institute of Technology Bhubaneswar,"Engineering Physics (4 Years, Bachelor of Technology)",AI,EWS,Gender-Neutral,1724,1724,1724,1724,2163
Indian Institute of Technology Bhubaneswar,"Engineering Physics (4 Years, Bachelor of Technology)",AI,OBC-NCL,Gender-Neutral,4399,4574,4574,4574,4967
Indian Institute of Technology Bhubaneswar,"Engineering Physics (4 Years, Bachelor of Technology)",AI,OBC-NCL,Female-only (including Supernumerary),7240,8625,8625,8625,8625
Indian Institute of Technology Bhubaneswar,"Engineering Physics (4 Years, Bachelor of Technology)",AI,SC,Gender-Neutral,2505,2592,2592,2592,2592
Indian Institute of Technology Bhubaneswar,"Engineering Physics (4 Years, Bachelor of Technology)",AI,SC,Female-only (including Supernumerary),3934,3934,3934,3934,3934
Indian Institute of Technology Bhubaneswar,"Engineering Physics (4 Years, Bachelor of Technology)",AI,ST,Gender-Neutral,1029,1029,1029,1029,1029
Indian Institute of Technology Bhubaneswar,"Mathematics and Computing (4 Years, Bachelor of Technology)",AI,OPEN,Gender-Neutral,4775,4775,4775,4946,5273
Indian Institute of Technology Bhubaneswar,"Mathematics and Computing (4 Years, Bachelor of Technology)",AI,OPEN,Female-only (including Supernumerary),9329,9329,9329,9329,10002
Indian Institute of Technology Bhubaneswar,"Mathematics and Computing (4 Years, Bachelor of Technology)",AI,EWS,Gender-Neutral,730,737,737,762,816
Indian Institute of Technology Bhubaneswar,"Mathematics and Computing (4 Years, Bachelor of Technology)",AI,OBC-NCL,Gender-Neutral,1884,1935,1935,1935,1959
Indian Institute of Technology Bhubaneswar,"Mathematics and Computing (4 Years, Bachelor of Technology)",AI,OBC-NCL,Female-only (including Supernumerary),3843,3843,3843,3843,4264
Indian Institute of Technology Bhubaneswar,"Mathematics and Computing (4 Years, Bachelor of Technology)",AI,SC,Gender-Neutral,1145,1145,1145,1145,1145
Indian Institute of Technology Bhubaneswar,"Mathematics and Computing (4 Years, Bachelor of Technology)",AI,SC,Female-only (including Supernumerary),2287,2287,2287,2287,2287
Indian Institute of Technology Bhubaneswar,"Mathematics and Computing (4 Years, Bachelor of Technology)",AI,ST,Gender-Neutral,600,600,600,600,600
Indian Institute of Technology Bhubaneswar,"Mechanical Engineering (4 Years, Bachelor of Technology)",AI,OPEN,Gender-Neutral,10367,10718,10718,10784,12064
Indian Institute of Technology Bhubaneswar,"Mechanical Engineering (4 Years, Bachelor of Technology)",AI,OPEN,Female-only (including Supernumerary),19641,20147,20147,20247,21855
Indian Institute of Technology Bhubaneswar,"Mechanical Engineering (4 Years, Bachelor of Technology)",AI,OPEN (PwD),Gender-Neutral,354P,354P,354P,354P,354P
Indian Institute of Technology Bhubaneswar,"Mechanical Engineering (4 Years, Bachelor of Technology)",AI,EWS,Gender-Neutral,1606,1640,1640,1652,1927
Indian Institute of Technology Bhubaneswar,"Mechanical Engineering (4 Years, Bachelor of Technology)",AI,EWS,Female-only (including Supernumerary),3125,3125,3125,3125,3639
Indian Institute of Technology Bhubaneswar,"Mechanical Engineering (4 Years, Bachelor of Technology)",AI,OBC-NCL,Gender-Neutral,4137,4278,4286,4286,4352
Indian Institute of Technology Bhubaneswar,"Mechanical Engineering (4 Years, Bachelor of Technology)",AI,OBC-NCL,Female-only (including Supernumerary),8315,8380,8401,8401,8560
Indian Institute of Technology Bhubaneswar,"Mechanical Engineering (4 Years, Bachelor of Technology)",AI,SC,Gender-Neutral,2241,2376,2399,2399,2401
Indian Institute of Technology Bhubaneswar,"Mechanical Engineering (4 Years, Bachelor of Technology)",AI,SC,Female-only (including Supernumerary),3443,3908,3908,3908,3925
Indian Institute of Technology Bhubaneswar,"Mechanical Engineering (4 Years, Bachelor of Technology)",AI,ST,Gender-Neutral,981,981,981,981,981
Indian Institute of Technology Bhubaneswar,"Mechanical Engineering (4 Years, Bachelor of Technology)",AI,ST,Female-only (including Supernumerary),1298,1298,1298,1298,1298
Indian Institute of Technology Bhubaneswar,"Metallurgical and Materials Engineering (4 Years, Bachelor of Technology)",AI,OPEN,Gender-Neutral,13988,14166,14166,14266,15556
Indian Institute of Technology Bhubaneswar,"Metallurgical and Materials Engineering (4 Years, Bachelor of Technology)",AI,OPEN,Female-only (including Supernumerary),22144,22144,22144,22144,25097
Indian Institute of Technology Bhubaneswar,"Metallurgical and Materials Engineering (4 Years, Bachelor of Technology)",AI,EWS,Gender-Neutral,2217,2281,2281,2321,2435
Indian Institute of Technology Bhubaneswar,"Metallurgical and Materials Engineering (4 Years, Bachelor of Technology)",AI,OBC-NCL,Gender-Neutral,5365,5586,5620,5620,5825
Indian Institute of Technology Bhubaneswar,"Metallurgical and Materials Engineering (4 Years, Bachelor of Technology)",AI,OBC-NCL,Female-only (including Supernumerary),9767,10272,10272,10272,10420
Indian Institute of Technology Bhubaneswar,"Metallurgical and Materials Engineering (4 Years, Bachelor of Technology)",AI,SC,Gender-Neutral,2763,2867,2867,2867,2901
Indian Institute of Technology Bhubaneswar,"Metallurgical and Materials Engineering (4 Years, Bachelor of Technology)",AI,SC,Female-only (including Supernumerary),4239,4501,4519,4519,4519
Indian Institute of Technology Bhubaneswar,"Metallurgical and Materials Engineering (4 Years, Bachelor of Technology)",AI,ST,Gender-Neutral,1342,1375,1375,1375,1375
Indian Institute of Technology Bhubaneswar,"Metallurgical and Materials Engineering (4 Years, Bachelor of Technology)",AI,ST,Female-only (including Supernumerary),1754,1828,1828,1828,1828
Indian Institute of Technology Bombay,"Aerospace Engineering (4 Years, Bachelor of Technology)",AI,OPEN,Gender-Neutral,2593,2607,2607,2638,2638
Indian Institute of Technology Bombay,"Aerospace Engineering (4 Years, Bachelor of Technology)",AI,OPEN,Female-only (including Supernumerary),6885,6885,6885,6885,6885
Indian Institute of Technology Bombay,"Aerospace Engineering (4 Years, Bachelor of Technology)",AI,OPEN (PwD),Gender-Neutral,103,103,103,103,103
Indian Institute of Technology Bombay,"Aerospace Engineering (4 Years, Bachelor of Technology)",AI,EWS,Gender-Neutral,574,589,589,589,589
Indian Institute of Technology Bombay,"Aerospace Engineering (4 Years, Bachelor of Technology)",AI,EWS,Female-only (including Supernumerary),970,970,970,970,970
Indian Institute of Technology Bombay,"Aerospace Engineering (4 Years, Bachelor of Technology)",AI,OBC-NCL,Gender-Neutral,1467,1546,1546,1546,1546
Indian Institute of Technology Bombay,"Aerospace Engineering (4 Years, Bachelor of Technology)",AI,OBC-NCL,Female-only (including Supernumerary),3412,3632,3632,3632,3632
Indian Institute of Technology Bombay,"Aerospace Engineering (4 Years, Bachelor of Technology)",AI,OBC-NCL (PwD),Gender-Neutral,62,62,62,62,62
Indian Institute of Technology Bombay,"Aerospace Engineering (4 Years, Bachelor of Technology)",AI,SC,Gender-Neutral,610,731,731,731,731
Indian Institute of Technology Bombay,"Aerospace Engineering (4 Years, Bachelor of Technology)",AI,SC,Female-only (including Supernumerary),889,889,889,889,889
Indian Institute of Technology Bombay,"Aerospace Engineering (4 Years, Bachelor of Technology)",AI,SC (PwD),Gender-Neutral,14P,14P,14P,14P,14P
Indian Institute of Technology Bombay,"Aerospace Engineering (4 Years, Bachelor of Technology)",AI,ST,Gender-Neutral,458,458,458,458,458
Indian Institute of Technology Bombay,"Aerospace Engineering (4 Years, Bachelor of Technology)",AI,ST,Female-only (including Supernumerary),533,533,533,533,533
Indian Institute of Technology Bombay,"Applied Geophysics (4 Years, Bachelor of Science)",AI,OPEN,Gender-Neutral,6691,6691,6691,6691,7301
Indian Institute of Technology Bombay,"Applied Geophysics (4 Years, Bachelor of Science)",AI,OPEN,Female-only (including Supernumerary),14289,14289,14289,14289,14289
Indian Institute of Technology Bombay,"Applied Geophysics (4 Years, Bachelor of Science)",AI,EWS,Gender-Neutral,1636,1636,1636,1636,1636
Indian Institute of Technology Bombay,"Applied Geophysics (4 Years, Bachelor of Science)",AI,OBC-NCL,Gender-Neutral,3464,3527,3527,3527,3641
Indian Institute of Technology Bombay,"Applied Geophysics (4 Years, Bachelor of Science)",AI,OBC-NCL,Female-only (including Supernumerary),7037,7037,7037,7037,7744
Indian Institute of Technology Bombay,"Applied Geophysics (4 Years, Bachelor of Science)",AI,SC,Gender-Neutral,2142,2142,2142,2142,2142
Indian Institute of Technology Bombay,"Applied Geophysics (4 Years, Bachelor of Science)",AI,SC,Female-only (including Supernumerary),3660,3660,3660,3660,3660
Indian Institute of Technology Bombay,"Applied Geophysics (4 Years, Bachelor of Science)",AI,ST,Gender-Neutral,998,998,998,998,998
Indian Institute of Technology Bombay,"Applied Geophysics (4 Years, Bachelor of Science)",AI,ST,Female-only (including Supernumerary),1466,1466,1466,1466,1466
Indian Institute of Technology Bombay,"BS in Mathematics (4 Years, Bachelor of Science)",AI,OPEN,Gender-Neutral,1042,1042,1042,1042,1042
Indian Institute of Technology Bombay,"BS in Mathematics (4 Years, Bachelor of Science)",AI,OPEN,Female-only (including Supernumerary),3727,3727,3727,3727,3727
Indian Institute of Technology Bombay,"BS in Mathematics (4 Years, Bachelor of Science)",AI,EWS,Gender-Neutral,287,287,287,287,287
Indian Institute of Technology Bombay,"BS in Mathematics (4 Years, Bachelor of Science)",AI,EWS,Female-only (including Supernumerary),1357,1357,1357,1357,1357
Indian Institute of Technology Bombay,"BS in Mathematics (4 Years, Bachelor of Science)",AI,OBC-NCL,Gender-Neutral,888,888,888,888,888
Indian Institute of Technology Bombay,"BS in Mathematics (4 Years, Bachelor of Science)",AI,OBC-NCL,Female-only (including Supernumerary),3185,3185,3185,3185,3185
Indian Institute of Technology Bombay,"BS in Mathematics (4 Years, Bachelor of Science)",AI,SC,Gender-Neutral,516,634,634,634,634
Indian Institute of Technology Bombay,"BS in Mathematics (4 Years, Bachelor of Science)",AI,ST,Gender-Neutral,470,470,470,470,470
Indian Institute of Technology Bombay,"BS in Mathematics (4 Years, Bachelor of Science)",AI,ST,Female-only (including Supernumerary),652,652,652,652,652
Indian Institute of Technology Bombay,"Chemical Engineering (4 Years, Bachelor of Technology)",AI,OPEN,Gender-Neutral,2750,2773,2773,2773,2833
Indian Institute of Technology Bombay,"Chemical Engineering (4 Years, Bachelor of Technology)",AI,OPEN,Female-only (including Supernumerary),6336,6336,6336,6336,6336
Indian Institute of Technology Bombay,"Chemical Engineering (4 Years, Bachelor of Technology)",AI,OPEN (PwD),Gender-Neutral,250,250,250,250,250
Indian Institute of Technology Bombay,"Chemical Engineering (4 Years, Bachelor of Technology)",AI,EWS,Gender-Neutral,542,574,574,574,574
Indian Institute of Technology Bombay,"Chemical Engineering (4 Years, Bachelor of Technology)",AI,EWS,Female-only (including Supernumerary),1139,1139,1139,1139,1139
Indian Institute of Technology Bombay,"Chemical Engineering (4 Years, Bachelor of Technology)",AI,OBC-NCL,Gender-Neutral,1324,1354,1354,1354,1354
Indian Institute of Technology Bombay,"Chemical Engineering (4 Years, Bachelor of Technology)",AI,OBC-NCL,Female-only (including Supernumerary),3247,3280,3280,3280,3280
Indian Institute of Technology Bombay,"Chemical Engineering (4 Years, Bachelor of Technology)",AI,OBC-NCL (PwD),Gender-Neutral,68P,202P,202P,202P,202P
Indian Institute of Technology Bombay,"Chemical Engineering (4 Years, Bachelor of Technology)",AI,OBC-NCL (PwD),Female-only (including Supernumerary),191P,,,,
Indian Institute of Technology Bombay,"Chemical Engineering (4 Years, Bachelor of Technology)",AI,SC,Gender-Neutral,743,814,814,814,814
Indian Institute of Technology Bombay,"Chemical Engineering (4 Years, Bachelor of Technology)",AI,SC,Female-only (including Supernumerary),1565,1565,1565,1565,1565
Indian Institute of Technology Bombay,"Chemical Engineering (4 Years, Bachelor of Technology)",AI,ST,Gender-Neutral,471,471,471,471,471
Indian Institute of Technology Bombay,"Chemical Engineering (4 Years, Bachelor of Technology)",AI,ST,Female-only (including Supernumerary),885,885,885,885,885
Indian Institute of Technology Bombay,"Chemistry (4 Years, Bachelor of Science)",AI,OPEN,Gender-Neutral,7099,7360,7360,7360,7838
Indian Institute of Technology Bombay,"Chemistry (4 Years, Bachelor of Science)",AI,OPEN,Female-only (including Supernumerary),16204,16204,16204,16204,16204
Indian Institute of Technology Bombay,"Chemistry (4 Years, Bachelor of Science)",AI,OPEN (PwD),Gender-Neutral,341P,520P,520P,520P,520P
Indian Institute of Technology Bombay,"Chemistry (4 Years, Bachelor of Science)",AI,EWS,Gender-Neutral,1639,1639,1639,1639,1691
Indian Institute of Technology Bombay,"Chemistry (4 Years, Bachelor of Science)",AI,EWS,Female-only (including Supernumerary),3398,3398,3398,3398,3398
Indian Institute of Technology Bombay,"Chemistry (4 Years, Bachelor of Science)",AI,OBC-NCL,Gender-Neutral,3724,4062,4062,4062,4062
Indian Institute of Technology Bombay,"Chemistry (4 Years, Bachelor of Science)",AI,OBC-NCL,Female-only (including Supernumerary),7623,7860,7860,7860,7860
Indian Institute of Technology Bombay,"Chemistry (4 Years, Bachelor of Science)",AI,SC,Gender-Neutral,2207,2207,2207,2207,2207
Indian Institute of Technology Bombay,"Chemistry (4 Years, Bachelor of Science)",AI,SC,Female-only (including Supernumerary),2657,2657,2657,2657,2657
Indian Institute of Technology Bombay,"Chemistry (4 Years, Bachelor of Science)",AI,ST,Gender-Neutral,946,946,946,946,975
Indian Institute of Technology Bombay,"Civil Engineering (4 Years, Bachelor of Technology)",AI,OPEN,Gender-Neutral,4376,4404,4404,4404,4417
Indian Institute of Technology Bombay,"Civil Engineering (4 Years, Bachelor of Technology)",AI,OPEN,Female-only (including Supernumerary),8730,8730,8730,8730,8730
Indian Institute of Technology Bombay,"Civil Engineering (4 Years, Bachelor of Technology)",AI,OPEN (PwD),Gender-Neutral,308,308,308,308,308
Indian Institute of Technology Bombay,"Civil Engineering (4 Years, Bachelor of Technology)",AI,OPEN (PwD),Female-only (including Supernumerary),128,128,128,128,128
Indian Institute of Technology Bombay,"Civil Engineering (4 Years, Bachelor of Technology)",AI,EWS,Gender-Neutral,711,711,711,711,711
Indian Institute of Technology Bombay,"Civil Engineering (4 Years, Bachelor of Technology)",AI,EWS,Female-only (including Supernumerary),1625,1625,1625,1625,1625
Indian Institute of Technology Bombay,"Civil Engineering (4 Years, Bachelor of Technology)",AI,OBC-NCL,Gender-Neutral,1856,1942,1942,1942,2025
Indian Institute of Technology Bombay,"Civil Engineering (4 Years, Bachelor of Technology)",AI,OBC-NCL,Female-only (including Supernumerary),4410,4410,4410,4410,4410
Indian Institute of Technology Bombay,"Civil Engineering (4 Years, Bachelor of Technology)",AI,OBC-NCL (PwD),Gender-Neutral,7P,36P,36P,36P,36P
Indian Institute of Technology Bombay,"Civil Engineering (4 Years, Bachelor of Technology)",AI,SC,Gender-Neutral,983,1027,1027,1027,1027
Indian Institute of Technology Bombay,"Civil Engineering (4 Years, Bachelor of Technology)",AI,SC,Female-only (including Supernumerary),1806,1806,1806,1806,1806
Indian Institute of Technology Bombay,"Civil Engineering (4 Years, Bachelor of Technology)",AI,ST,Gender-Neutral,339,339,339,339,339
Indian Institute of Technology Bombay,"Civil Engineering (4 Years, Bachelor of Technology)",AI,ST,Female-only (including Supernumerary),611,611,611,611,611
Indian Institute of Technology Bombay,"Computer Science and Engineering (4 Years, Bachelor of Technology)",AI,OPEN,Gender-Neutral,65,65,65,66,67
Indian Institute of Technology Bombay,"Computer Science and Engineering (4 Years, Bachelor of Technology)",AI,OPEN,Female-only (including Supernumerary),395,395,395,395,395
Indian Institute of Technology Bombay,"Computer Science and Engineering (4 Years, Bachelor of Technology)",AI,OPEN (PwD),Gender-Neutral,6,6,6,6,6
Indian Institute of Technology Bombay,"Computer Science and Engineering (4 Years, Bachelor of Technology)",AI,OPEN (PwD),Female-only (including Supernumerary),55,55,55,55,55
Indian Institute of Technology Bombay,"Computer Science and Engineering (4 Years, Bachelor of Technology)",AI,EWS,Gender-Neutral,20,20,20,20,20
Indian Institute of Technology Bombay,"Computer Science and Engineering (4 Years, Bachelor of Technology)",AI,EWS,Female-only (including Supernumerary),127,127,127,127,127
Indian Institute of Technology Bombay,"Computer Science and Engineering (4 Years, Bachelor of Technology)",AI,EWS (PwD),Gender-Neutral,2,2,2,2,2
Indian Institute of Technology Bombay,"Computer Science and Engineering (4 Years, Bachelor of Technology)",AI,OBC-NCL,Gender-Neutral,60,62,62,62,62
Indian Institute of Technology Bombay,"Computer Science and Engineering (4 Years, Bachelor of Technology)",AI,OBC-NCL,Female-only (including Supernumerary),280,280,280,280,280
Indian Institute of Technology Bombay,"Computer Science and Engineering (4 Years, Bachelor of Technology)",AI,OBC-NCL (PwD),Gender-Neutral,7,7,7,7,7
Indian Institute of Technology Bombay,"Computer Science and Engineering (4 Years, Bachelor of Technology)",AI,SC,Gender-Neutral,33,35,35,35,39
Indian Institute of Technology Bombay,"Computer Science and Engineering (4 Years, Bachelor of Technology)",AI,SC,Female-only (including Supernumerary),95,95,95,95,95
Indian Institute of Technology Bombay,"Computer Science and Engineering (4 Years, Bachelor of Technology)",AI,SC (PwD),Gender-Neutral,3,3,3,3,3
Indian Institute of Technology Bombay,"Computer Science and Engineering (4 Years, Bachelor of Technology)",AI,ST,Gender-Neutral,16,16,16,16,16
Indian Institute of Technology Bombay,"Computer Science and Engineering (4 Years, Bachelor of Technology)",AI,ST,Female-only (including Supernumerary),22,22,22,22,22
Indian Institute of Technology Bombay,"Computer Science and Engineering (4 Years, Bachelor of Technology)",AI,ST (PwD),Female-only (including Supernumerary),1,1,1,1,1
Indian Institute of Technology Bombay,"Economics (4 Years, Bachelor of Science)",AI,OPEN,Gender-Neutral,2270,2270,2270,2270,2272
Indian Institute of Technology Bombay,"Economics (4 Years, Bachelor of Science)",AI,OPEN,Female-only (including Supernumerary),5998,5998,5998,5998,5998
Indian Institute of Technology Bombay,"Economics (4 Years, Bachelor of Science)",AI,OPEN (PwD),Gender-Neutral,48,48,48,48,48
Indian Institute of Technology Bombay,"Economics (4 Years, Bachelor of Science)",AI,EWS,Gender-Neutral,573,573,573,573,573
Indian Institute of Technology Bombay,"Economics (4 Years, Bachelor of Science)",AI,EWS,Female-only (including Supernumerary),790,790,790,790,790
Indian Institute of Technology Bombay,"Economics (4 Years, Bachelor of Science)",AI,OBC-NCL,Gender-Neutral,1439,1449,1449,1449,1449
Indian Institute of Technology Bombay,"Economics (4 Years, Bachelor of Science)",AI,OBC-NCL,Female-only (including Supernumerary),3139,3139,3139,3139,3139
Indian Institute of Technology Bombay,"Economics (4 Years, Bachelor of Science)",AI,OBC-NCL (PwD),Gender-Neutral,16,16,16,16,16
Indian Institute of Technology Bombay,"Economics (4 Years, Bachelor of Science)",AI,SC,Gender-Neutral,727,727,727,727,727
Indian Institute of Technology Bombay,"Economics (4 Years, Bachelor of Science)",AI,SC,Female-only (including Supernumerary),1424,1424,1424,1424,1424
Indian Institute of Technology Bombay,"Economics (4 Years, Bachelor of Science)",AI,ST,Gender-Neutral,404,404,404,404,404
Indian Institute of Technology Bombay,"Economics (4 Years, Bachelor of Science)",AI,ST,Female-only (including Supernumerary),484,484,484,484,484
Indian Institute of Technology Bombay,"Electrical Engineering (4 Years, Bachelor of Technology)",AI,OPEN,Gender-Neutral,400,400,400,405,411
Indian Institute of Technology Bombay,"Electrical Engineering (4 Years, Bachelor of Technology)",AI,OPEN,Female-only (including Supernumerary),1600,1600,1600,1600,1600
Indian Institute of Technology Bombay,"Electrical Engineering (4 Years, Bachelor of Technology)",AI,OPEN (PwD),Gender-Neutral,7,7,7,7,7
Indian Institute of Technology Bombay,"Electrical Engineering (4 Years, Bachelor of Technology)",AI,EWS,Gender-Neutral,105,110,110,110,110
Indian Institute of Technology Bombay,"Electrical Engineering (4 Years, Bachelor of Technology)",AI,EWS,Female-only (including Supernumerary),366,366,366,366,366
Indian Institute of Technology Bombay,"Electrical Engineering (4 Years, Bachelor of Technology)",AI,OBC-NCL,Gender-Neutral,279,281,281,281,281
Indian Institute of Technology Bombay,"Electrical Engineering (4 Years, Bachelor of Technology)",AI,OBC-NCL,Female-only (including Supernumerary),885,885,885,885,885
Indian Institute of Technology Bombay,"Electrical Engineering (4 Years, Bachelor of Technology)",AI,OBC-NCL (PwD),Gender-Neutral,22,22,22,22,22
Indian Institute of Technology Bombay,"Electrical Engineering (4 Years, Bachelor of Technology)",AI,SC,Gender-Neutral,125,130,130,130,130
Indian Institute of Technology Bombay,"Electrical Engineering (4 Years, Bachelor of Technology)",AI,SC,Female-only (including Supernumerary),302,302,302,302,302
Indian Institute of Technology Bombay,"Electrical Engineering (4 Years, Bachelor of Technology)",AI,SC (PwD),Female-only (including Supernumerary),4,4,4,4,4
Indian Institute of Technology Bombay,"Electrical Engineering (4 Years, Bachelor of Technology)",AI,ST,Gender-Neutral,90,90,90,90,90
Indian Institute of Technology Bombay,"Electrical Engineering (4 Years, Bachelor of Technology)",AI,ST,Female-only (including Supernumerary),93,93,93,93,93
Indian Institute of Technology Bombay,"Electrical Engineering (5 Years, Bachelor and Master of Technology (Dual Degree))",AI,OPEN,Gender-Neutral,844,844,844,844,844
Indian Institute of Technology Bombay,"Electrical Engineering (5 Years, Bachelor and Master of Technology (Dual Degree))",AI,OPEN,Female-only (including Supernumerary),2693,2693,2693,2693,2693
Indian Institute of Technology Bombay,"Electrical Engineering (5 Years, Bachelor and Master of Technology (Dual Degree))",AI,OPEN (PwD),Gender-Neutral,25,25,25,25,25
Indian Institute of Technology Bombay,"Electrical Engineering (5 Years, Bachelor and Master of Technology (Dual Degree))",AI,OPEN (PwD),Female-only (including Supernumerary),134,134,134,134,134
Indian Institute of Technology Bombay,"Electrical Engineering (5 Years, Bachelor and Master of Technology (Dual Degree))",AI,EWS,Gender-Neutral,211,211,211,211,211
Indian Institute of Technology Bombay,"Electrical Engineering (5 Years, Bachelor and Master of Technology (Dual Degree))",AI,EWS,Female-only (including Supernumerary),916,916,916,916,916
Indian Institute of Technology Bombay,"Electrical Engineering (5 Years, Bachelor and Master of Technology (Dual Degree))",AI,EWS (PwD),Gender-Neutral,27,27,27,27,27
Indian Institute of Technology Bombay,"Electrical Engineering (5 Years, Bachelor and Master of Technology (Dual Degree))",AI,OBC-NCL,Gender-Neutral,537,545,545,545,545
Indian Institute of Technology Bombay,"Electrical Engineering (5 Years, Bachelor and Master of Technology (Dual Degree))",AI,OBC-NCL,Female-only (including Supernumerary),1651,1651,1651,1651,1651
Indian Institute of Technology Bombay,"Electrical Engineering (5 Years, Bachelor and Master of Technology (Dual Degree))",AI,OBC-NCL (PwD),Gender-Neutral,26,26,26,26,26
Indian Institute of Technology Bombay,"Electrical Engineering (5 Years, Bachelor and Master of Technology (Dual Degree))",AI,SC,Gender-Neutral,260,275,275,275,294
Indian Institute of Technology Bombay,"Electrical Engineering (5 Years, Bachelor and Master of Technology (Dual Degree))",AI,SC,Female-only (including Supernumerary),807,807,807,807,807
Indian Institute of Technology Bombay,"Electrical Engineering (5 Years, Bachelor and Master of Technology (Dual Degree))",AI,ST,Gender-Neutral,167,167,167,167,167
Indian Institute of Technology Bombay,"Electrical Engineering (5 Years, Bachelor and Master of Technology (Dual Degree))",AI,ST,Female-only (including Supernumerary),227,227,227,227,227
Indian Institute of Technology Bombay,"Electrical Engineering (5 Years, Bachelor and Master of Technology (Dual Degree))",AI,ST (PwD),Gender-Neutral,8P,8P,8P,8P,8P
Indian Institute of Technology Bombay,"Energy Engineering (4 Years, Bachelor of Technology)",AI,OPEN,Gender-Neutral,2588,2588,2588,2588,2605
Indian Institute of Technology Bombay,"Energy Engineering (4 Years, Bachelor of Technology)",AI,OPEN,Female-only (including Supernumerary),6945,6945,6945,6945,6945
Indian Institute of Technology Bombay,"Energy Engineering (4 Years, Bachelor of Technology)",AI,OPEN (PwD),Gender-Neutral,244,244,244,244,244
Indian Institute of Technology Bombay,"Energy Engineering (4 Years, Bachelor of Technology)",AI,EWS,Gender-Neutral,506,606,606,606,606
Indian Institute of Technology Bombay,"Energy Engineering (4 Years, Bachelor of Technology)",AI,EWS,Female-only (including Supernumerary),1143,1143,1143,1143,1143
Indian Institute of Technology Bombay,"Energy Engineering (4 Years, Bachelor of Technology)",AI,OBC-NCL,Gender-Neutral,1540,1566,1566,1566,1577
Indian Institute of Technology Bombay,"Energy Engineering (4 Years, Bachelor of Technology)",AI,OBC-NCL,Female-only (including Supernumerary),3840,4123,4123,4123,4313
Indian Institute of Technology Bombay,"Energy Engineering (4 Years, Bachelor of Technology)",AI,OBC-NCL (PwD),Gender-Neutral,16P,16P,16P,16P,
Indian Institute of Technology Bombay,"Energy Engineering (4 Years, Bachelor of Technology)",AI,SC,Gender-Neutral,812,870,870,870,870
Indian Institute of Technology Bombay,"Energy Engineering (4 Years, Bachelor of Technology)",AI,SC,Female-only (including Supernumerary),1398,1398,1398,1398,1398
Indian Institute of Technology Bombay,"Energy Engineering (4 Years, Bachelor of Technology)",AI,ST,Gender-Neutral,607,607,607,607,607
Indian Institute of Technology Bombay,"Energy Engineering (4 Years, Bachelor of Technology)",AI,ST,Female-only (including Supernumerary),741,741,741,741,741
Indian Institute of Technology Bombay,"Engineering Physics (4 Years, Bachelor of Technology)",AI,OPEN,Gender-Neutral,1435,1479,1479,1479,1575
Indian Institute of Technology Bombay,"Engineering Physics (4 Years, Bachelor of Technology)",AI,OPEN,Female-only (including Supernumerary),4090,4541,4541,4541,4541
Indian Institute of Technology Bombay,"Engineering Physics (4 Years, Bachelor of Technology)",AI,OPEN (PwD),Gender-Neutral,139,139,139,139,139
Indian Institute of Technology Bombay,"Engineering Physics (4 Years, Bachelor of Technology)",AI,OPEN (PwD),Female-only (including Supernumerary),181,,,,
Indian Institute of Technology Bombay,"Engineering Physics (4 Years, Bachelor of Technology)",AI,EWS,Gender-Neutral,425,425,425,425,425
Indian Institute of Technology Bombay,"Engineering Physics (4 Years, Bachelor of Technology)",AI,EWS,Female-only (including Supernumerary),1156,1156,1156,1156,1156
Indian Institute of Technology Bombay,"Engineering Physics (4 Years, Bachelor of Technology)",AI,EWS (PwD),Gender-Neutral,37P,37P,37P,37P,37P
Indian Institute of Technology Bombay,"Engineering Physics (4 Years, Bachelor of Technology)",AI,OBC-NCL,Gender-Neutral,1140,1146,1146,1146,1162
Indian Institute of Technology Bombay,"Engineering Physics (4 Years, Bachelor of Technology)",AI,OBC-NCL,Female-only (including Supernumerary),3153,3239,3239,3239,3840
Indian Institute of Technology Bombay,"Engineering Physics (4 Years, Bachelor of Technology)",AI,SC,Gender-Neutral,794,794,794,794,949
Indian Institute of Technology Bombay,"Engineering Physics (4 Years, Bachelor of Technology)",AI,SC,Female-only (including Supernumerary),917,917,917,917,917
Indian Institute of Technology Bombay,"Engineering Physics (4 Years, Bachelor of Technology)",AI,ST,Gender-Neutral,632,674,674,674,786
Indian Institute of Technology Bombay,"Engineering Physics (4 Years, Bachelor of Technology)",AI,ST,Female-only (including Supernumerary),745,745,745,745,1054
Indian Institute of Technology Bombay,"Environmental Science and Engineering (4 Years, Bachelor of Technology)",AI,OPEN,Gender-Neutral,4979,5137,5137,5137,5473
Indian Institute of Technology Bombay,"Environmental Science and Engineering (4 Years, Bachelor of Technology)",AI,OPEN,Female-only (including Supernumerary),9532,9532,9532,9532,9532
Indian Institute of Technology Bombay,"Environmental Science and Engineering (4 Years, Bachelor of Technology)",AI,OPEN (PwD),Gender-Neutral,291,291,291,291,291
Indian Institute of Technology Bombay,"Environmental Science and Engineering (4 Years, Bachelor of Technology)",AI,EWS,Gender-Neutral,907,907,907,924,1002
Indian Institute of Technology Bombay,"Environmental Science and Engineering (4 Years, Bachelor of Technology)",AI,EWS,Female-only (including Supernumerary),2068,2068,2068,2068,2068
Indian Institute of Technology Bombay,"Environmental Science and Engineering (4 Years, Bachelor of Technology)",AI,OBC-NCL,Gender-Neutral,2624,2648,2648,2648,2648
Indian Institute of Technology Bombay,"Environmental Science and Engineering (4 Years, Bachelor of Technology)",AI,OBC-NCL,Female-only (including Supernumerary),5353,5353,5353,5353,5353
Indian Institute of Technology Bombay,"Environmental Science and Engineering (4 Years, Bachelor of Technology)",AI,SC,Gender-Neutral,1487,1570,1570,1570,1570
Indian Institute of Technology Bombay,"Environmental Science and Engineering (4 Years, Bachelor of Technology)",AI,SC,Female-only (including Supernumerary),2435,2435,2435,2435,2435
Indian Institute of Technology Bombay,"Environmental Science and Engineering (4 Years, Bachelor of Technology)",AI,ST,Gender-Neutral,907,931,931,931,931
Indian Institute of Technology Bombay,"Environmental Science and Engineering (4 Years, Bachelor of Technology)",AI,ST,Female-only (including Supernumerary),1055,1055,1055,1055,1055
Indian Institute of Technology Bombay,"Industrial Engineering and Operations Research (4 Years, Bachelor of Technology)",AI,OPEN,Gender-Neutral,834,834,834,834,834
Indian Institute of Technology Bombay,"Industrial Engineering and Operations Research (4 Years, Bachelor of Technology)",AI,OPEN,Female-only (including Supernumerary),3189,3189,3189,3189,3189
Indian Institute of Technology Bombay,"Industrial Engineering and Operations Research (4 Years, Bachelor of Technology)",AI,EWS,Gender-Neutral,128,128,128,128,128
Indian Institute of Technology Bombay,"Industrial Engineering and Operations Research (4 Years, Bachelor of Technology)",AI,EWS,Female-only (including Supernumerary),695,695,695,695,695
Indian Institute of Technology Bombay,"Industrial Engineering and Operations Research (4 Years, Bachelor of Technology)",AI,EWS (PwD),Gender-Neutral,43P,68P,68P,68P,68P
Indian Institute of Technology Bombay,"Industrial Engineering and Operations Research (4 Years, Bachelor of Technology)",AI,OBC-NCL,Gender-Neutral,864,864,864,864,864
Indian Institute of Technology Bombay,"Industrial Engineering and Operations Research (4 Years, Bachelor of Technology)",AI,OBC-NCL,Female-only (including Supernumerary),2608,2608,2608,2608,2608
Indian Institute of Technology Bombay,"Industrial Engineering and Operations Research (4 Years, Bachelor of Technology)",AI,SC,Gender-Neutral,431,431,431,431,433
Indian Institute of Technology Bombay,"Industrial Engineering and Operations Research (4 Years, Bachelor of Technology)",AI,SC,Female-only (including Supernumerary),1114,1114,1114,1114,1114
Indian Institute of Technology Bombay,"Industrial Engineering and Operations Research (4 Years, Bachelor of Technology)",AI,ST,Gender-Neutral,248,248,248,248,248
Indian Institute of Technology Bombay,"Industrial Engineering and Operations Research (4 Years, Bachelor of Technology)",AI,ST,Female-only (including Supernumerary),605,605,605,605,605
Indian Institute of Technology Bombay,"Mechanical Engineering (4 Years, Bachelor of Technology)",AI,OPEN,Gender-Neutral,1852,1877,1877,1891,1900
Indian Institute of Technology Bombay,"Mechanical Engineering (4 Years, Bachelor of Technology)",AI,OPEN,Female-only (including Supernumerary),4903,4903,4903,4903,4903
Indian Institute of Technology Bombay,"Mechanical Engineering (4 Years, Bachelor of Technology)",AI,OPEN (PwD),Gender-Neutral,93,93,93,93,93
Indian Institute of Technology Bombay,"Mechanical Engineering (4 Years, Bachelor of Technology)",AI,OPEN (PwD),Female-only (including Supernumerary),176,176,176,176,176
Indian Institute of Technology Bombay,"Mechanical Engineering (4 Years, Bachelor of Technology)",AI,EWS,Gender-Neutral,410,452,452,452,452
Indian Institute of Technology Bombay,"Mechanical Engineering (4 Years, Bachelor of Technology)",AI,EWS,Female-only (including Supernumerary),1185,1185,1185,1185,1185
Indian Institute of Technology Bombay,"Mechanical Engineering (4 Years, Bachelor of Technology)",AI,EWS (PwD),Gender-Neutral,21,21,21,21,21
Indian Institute of Technology Bombay,"Mechanical Engineering (4 Years, Bachelor of Technology)",AI,OBC-NCL,Gender-Neutral,1038,1048,1048,1048,1048
Indian Institute of Technology Bombay,"Mechanical Engineering (4 Years, Bachelor of Technology)",AI,OBC-NCL,Female-only (including Supernumerary),2839,2990,2990,2990,2990
Indian Institute of Technology Bombay,"Mechanical Engineering (4 Years, Bachelor of Technology)",AI,OBC-NCL (PwD),Gender-Neutral,104,104,104,104,104
Indian Institute of Technology Bombay,"Mechanical Engineering (4 Years, Bachelor of Technology)",AI,OBC-NCL (PwD),Female-only (including Supernumerary),86,86,86,86,86
Indian Institute of Technology Bombay,"Mechanical Engineering (4 Years, Bachelor of Technology)",AI,SC,Gender-Neutral,598,610,610,610,610
Indian Institute of Technology Bombay,"Mechanical Engineering (4 Years, Bachelor of Technology)",AI,SC,Female-only (including Supernumerary),1282,1282,1282,1282,1282
Indian Institute of Technology Bombay,"Mechanical Engineering (4 Years, Bachelor of Technology)",AI,SC (PwD),Gender-Neutral,9P,9P,9P,9P,9P
Indian Institute of Technology Bombay,"Mechanical Engineering (4 Years, Bachelor of Technology)",AI,ST,Gender-Neutral,325,325,325,325,325
Indian Institute of Technology Bombay,"Mechanical Engineering (4 Years, Bachelor of Technology)",AI,ST,Female-only (including Supernumerary),606,606,606,606,606
Indian Institute of Technology Bombay,"Metallurgical Engineering and Materials Science (4 Years, Bachelor of Technology)",AI,OPEN,Gender-Neutral,3941,3941,3941,3941,3995
Indian Institute of Technology Bombay,"Metallurgical Engineering and Materials Science (4 Years, Bachelor of Technology)",AI,OPEN,Female-only (including Supernumerary),8335,8335,8335,8335,8335
Indian Institute of Technology Bombay,"Metallurgical Engineering and Materials Science (4 Years, Bachelor of Technology)",AI,OPEN (PwD),Gender-Neutral,141P,141P,141P,141P,141P
Indian Institute of Technology Bombay,"Metallurgical Engineering and Materials Science (4 Years, Bachelor of Technology)",AI,EWS,Gender-Neutral,751,764,764,764,788
Indian Institute of Technology Bombay,"Metallurgical Engineering and Materials Science (4 Years, Bachelor of Technology)",AI,EWS,Female-only (including Supernumerary),1949,1949,1949,1949,1949
Indian Institute of Technology Bombay,"Metallurgical Engineering and Materials Science (4 Years, Bachelor of Technology)",AI,EWS (PwD),Gender-Neutral,52P,,,,
Indian Institute of Technology Bombay,"Metallurgical Engineering and Materials Science (4 Years, Bachelor of Technology)",AI,OBC-NCL,Gender-Neutral,2237,2250,2250,2250,2289
Indian Institute of Technology Bombay,"Metallurgical Engineering and Materials Science (4 Years, Bachelor of Technology)",AI,OBC-NCL,Female-only (including Supernumerary),4498,4498,4498,4498,4498
Indian Institute of Technology Bombay,"Metallurgical Engineering and Materials Science (4 Years, Bachelor of Technology)",AI,OBC-NCL (PwD),Gender-Neutral,141P,200P,200P,200P,200P
Indian Institute of Technology Bombay,"Metallurgical Engineering and Materials Science (4 Years, Bachelor of Technology)",AI,SC,Gender-Neutral,1239,1239,1239,1239,1239
Indian Institute of Technology Bombay,"Metallurgical Engineering and Materials Science (4 Years, Bachelor of Technology)",AI,SC,Female-only (including Supernumerary),2319,2319,2319,2319,2319
Indian Institute of Technology Bombay,"Metallurgical Engineering and Materials Science (4 Years, Bachelor of Technology)",AI,ST,Gender-Neutral,662,662,662,662,662
Indian Institute of Technology Bombay,"Metallurgical Engineering and Materials Science (4 Years, Bachelor of Technology)",AI,ST,Female-only (including Supernumerary),1183,1183,1183,1183,1294
Indian Institute of Technology Mandi,"Agricultural Engineering with Data Analytics (4 Years, Bachelor of Technology)",AI,OPEN,Gender-Neutral,14987,15593,15593,15593,16689
Indian Institute of Technology Mandi,"Agricultural Engineering with Data Analytics (4 Years, Bachelor of Technology)",AI,OPEN,Female-only (including Supernumerary),25733,25733,25733,25733,25733
Indian Institute of Technology Mandi,"Agricultural Engineering with Data Analytics (4 Years, Bachelor of Technology)",AI,EWS,Gender-Neutral,2238,2257,2257,2257,2417
Indian Institute of Technology Mandi,"Agricultural Engineering with Data Analytics (4 Years, Bachelor of Technology)",AI,EWS,Female-only (including Supernumerary),4282,4282,4282,4282,4282
Indian Institute of Technology Mandi,"Agricultural Engineering with Data Analytics (4 Years, Bachelor of Technology)",AI,OBC-NCL,Gender-Neutral,5595,5676,5676,5676,5705
Indian Institute of Technology Mandi,"Agricultural Engineering with Data Analytics (4 Years, Bachelor of Technology)",AI,OBC-NCL,Female-only (including Supernumerary),10201,10201,10201,10420,10542
Indian Institute of Technology Mandi,"Agricultural Engineering with Data Analytics (4 Years, Bachelor of Technology)",AI,SC,Gender-Neutral,3172,3266,3266,3266,3273
Indian Institute of Technology Mandi,"Agricultural Engineering with Data Analytics (4 Years, Bachelor of Technology)",AI,SC,Female-only (including Supernumerary),4577,4657,4657,4657,4748
Indian Institute of Technology Mandi,"Agricultural Engineering with Data Analytics (4 Years, Bachelor of Technology)",AI,ST,Gender-Neutral,1233,1233,1233,1233,1233
Indian Institute of Technology Mandi,"B.Tech in General Engineering (4 Years, Bachelor of Technology)",AI,OPEN,Gender-Neutral,8455,8574,8574,8574,9733
Indian Institute of Technology Mandi,"B.Tech in General Engineering (4 Years, Bachelor of Technology)",AI,OPEN,Female-only (including Supernumerary),14571,16277,16277,16277,16277
Indian Institute of Technology Mandi,"B.Tech in General Engineering (4 Years, Bachelor of Technology)",AI,OPEN (PwD),Gender-Neutral,277P,,,,
Indian Institute of Technology Mandi,"B.Tech in General Engineering (4 Years, Bachelor of Technology)",AI,EWS,Gender-Neutral,1672,1672,1672,1672,1672
Indian Institute of Technology Mandi,"B.Tech in General Engineering (4 Years, Bachelor of Technology)",AI,EWS,Female-only (including Supernumerary),2703,2703,2703,2703,2703
Indian Institute of Technology Mandi,"B.Tech in General Engineering (4 Years, Bachelor of Technology)",AI,OBC-NCL,Gender-Neutral,4162,4208,4208,4208,4208
Indian Institute of Technology Mandi,"B.Tech in General Engineering (4 Years, Bachelor of Technology)",AI,OBC-NCL,Female-only (including Supernumerary),7966,7966,7966,7966,7966
Indian Institute of Technology Mandi,"B.Tech in General Engineering (4 Years, Bachelor of Technology)",AI,SC,Gender-Neutral,2299,2461,2461,2461,2461
Indian Institute of Technology Mandi,"B.Tech in General Engineering (4 Years, Bachelor of Technology)",AI,SC,Female-only (including Supernumerary),3672,3672,3672,3672,3672
Indian Institute of Technology Mandi,"B.Tech in General Engineering (4 Years, Bachelor of Technology)",AI,ST,Gender-Neutral,1389,1483,1483,1483,1584
Indian Institute of Technology Mandi,"B.Tech in Materials Science and Engineering (4 Years, Bachelor of Technology)",AI,OPEN,Gender-Neutral,12412,12919,12919,12919,13925
Indian Institute of Technology Mandi,"B.Tech in Materials Science and Engineering (4 Years, Bachelor of Technology)",AI,OPEN,Female-only (including Supernumerary),22516,22516,22516,22516,27454
Indian Institute of Technology Mandi,"B.Tech in Materials Science and Engineering (4 Years, Bachelor of Technology)",AI,EWS,Gender-Neutral,1870,2029,2029,2029,2265
Indian Institute of Technology Mandi,"B.Tech in Materials Science and Engineering (4 Years, Bachelor of Technology)",AI,EWS,Female-only (including Supernumerary),3788,4220,4220,4220,4220
Indian Institute of Technology Mandi,"B.Tech in Materials Science and Engineering (4 Years, Bachelor of Technology)",AI,OBC-NCL,Gender-Neutral,5032,5376,5376,5376,5734
Indian Institute of Technology Mandi,"B.Tech in Materials Science and Engineering (4 Years, Bachelor of Technology)",AI,OBC-NCL,Female-only (including Supernumerary),9269,10058,10058,10058,10058
Indian Institute of Technology Mandi,"B.Tech in Materials Science and Engineering (4 Years, Bachelor of Technology)",AI,SC,Gender-Neutral,2877,3002,3002,3002,3002
Indian Institute of Technology Mandi,"B.Tech in Materials Science and Engineering (4 Years, Bachelor of Technology)",AI,SC,Female-only (including Supernumerary),4357,4456,4456,4456,4711
Indian Institute of Technology Mandi,"B.Tech in Materials Science and Engineering (4 Years, Bachelor of Technology)",AI,ST,Gender-Neutral,1422,1461,1461,1461,1461
Indian Institute of Technology Mandi,"B.Tech in Mathematics and Computing (4 Years, Bachelor of Technology)",AI,OPEN,Gender-Neutral,4823,4823,4823,4860,5251
Indian Institute of Technology Mandi,"B.Tech in Mathematics and Computing (4 Years, Bachelor of Technology)",AI,OPEN,Female-only (including Supernumerary),9859,9859,9859,10002,10630
Indian Institute of Technology Mandi,"B.Tech in Mathematics and Computing (4 Years, Bachelor of Technology)",AI,OPEN (PwD),Female-only (including Supernumerary),564P,564P,564P,564P,564P
Indian Institute of Technology Mandi,"B.Tech in Mathematics and Computing (4 Years, Bachelor of Technology)",AI,EWS,Gender-Neutral,640,670,670,670,786
Indian Institute of Technology Mandi,"B.Tech in Mathematics and Computing (4 Years, Bachelor of Technology)",AI,EWS,Female-only (including Supernumerary),1585,1585,1585,1585,1669
Indian Institute of Technology Mandi,"B.Tech in Mathematics and Computing (4 Years, Bachelor of Technology)",AI,EWS (PwD),Gender-Neutral,28P,,,,
Indian Institute of Technology Mandi,"B.Tech in Mathematics and Computing (4 Years, Bachelor of Technology)",AI,OBC-NCL,Gender-Neutral,1863,1911,1911,1911,1920
Indian Institute of Technology Mandi,"B.Tech in Mathematics and Computing (4 Years, Bachelor of Technology)",AI,OBC-NCL,Female-only (including Supernumerary),4295,4295,4295,4295,4295
Indian Institute of Technology Mandi,"B.Tech in Mathematics and Computing (4 Years, Bachelor of Technology)",AI,OBC-NCL (PwD),Gender-Neutral,160P,160P,160P,160P,160P
Indian Institute of Technology Mandi,"B.Tech in Mathematics and Computing (4 Years, Bachelor of Technology)",AI,SC,Gender-Neutral,1166,1289,1289,1289,1289
Indian Institute of Technology Mandi,"B.Tech in Mathematics and Computing (4 Years, Bachelor of Technology)",AI,SC,Female-only (including Supernumerary),1788,1788,1788,1788,1788
Indian Institute of Technology Mandi,"B.Tech in Mathematics and Computing (4 Years, Bachelor of Technology)",AI,ST,Gender-Neutral,640,640,640,640,640
Indian Institute of Technology Mandi,"B.Tech in Mathematics and Computing (4 Years, Bachelor of Technology)",AI,ST,Female-only (including Supernumerary),1259,1259,1259,1259,1272
Indian Institute of Technology Mandi,"B.Tech in Microelectronics & VLSI (4 Years, Bachelor of Technology)",AI,OPEN,Gender-Neutral,5718,5774,5774,5852,6316
Indian Institute of Technology Mandi,"B.Tech in Microelectronics & VLSI (4 Years, Bachelor of Technology)",AI,OPEN,Female-only (including Supernumerary),13194,13194,13194,13194,13194
Indian Institute of Technology Mandi,"B.Tech in Microelectronics & VLSI (4 Years, Bachelor of Technology)",AI,OPEN (PwD),Gender-Neutral,160P,160P,160P,160P,160P
Indian Institute of Technology Mandi,"B.Tech in Microelectronics & VLSI (4 Years, Bachelor of Technology)",AI,EWS,Gender-Neutral,929,954,954,954,954
Indian Institute of Technology Mandi,"B.Tech in Microelectronics & VLSI (4 Years, Bachelor of Technology)",AI,EWS,Female-only (including Supernumerary),1834,1834,1834,1834,1834
Indian Institute of Technology Mandi,"B.Tech in Microelectronics & VLSI (4 Years, Bachelor of Technology)",AI,OBC-NCL,Gender-Neutral,2543,2543,2543,2543,2543
Indian Institute of Technology Mandi,"B.Tech in Microelectronics & VLSI (4 Years, Bachelor of Technology)",AI,OBC-NCL,Female-only (including Supernumerary),6124,6124,6124,6124,6124
Indian Institute of Technology Mandi,"B.Tech in Microelectronics & VLSI (4 Years, Bachelor of Technology)",AI,SC,Gender-Neutral,1673,1673,1673,1673,1673
Indian Institute of Technology Mandi,"B.Tech in Microelectronics & VLSI (4 Years, Bachelor of Technology)",AI,SC,Female-only (including Supernumerary),2522,2522,2522,2522,2522
Indian Institute of Technology Mandi,"B.Tech in Microelectronics & VLSI (4 Years, Bachelor of Technology)",AI,ST,Gender-Neutral,710,872,872,872,872
Indian Institute of Technology Mandi,"Bio Engineering (4 Years, Bachelor of Technology)",AI,OPEN,Gender-Neutral,14098,14359,14359,14522,16526
Indian Institute of Technology Mandi,"Bio Engineering (4 Years, Bachelor of Technology)",AI,OPEN,Female-only (including Supernumerary),22709,23813,23813,23813,23813
Indian Institute of Technology Mandi,"Bio Engineering (4 Years, Bachelor of Technology)",AI,EWS,Gender-Neutral,2218,2265,2265,2265,2491
Indian Institute of Technology Mandi,"Bio Engineering (4 Years, Bachelor of Technology)",AI,EWS,Female-only (including Supernumerary),3473,4023,4023,4023,4649
Indian Institute of Technology Mandi,"Bio Engineering (4 Years, Bachelor of Technology)",AI,OBC-NCL,Gender-Neutral,5674,5798,5798,5798,5979
Indian Institute of Technology Mandi,"Bio Engineering (4 Years, Bachelor of Technology)",AI,OBC-NCL,Female-only (including Supernumerary),10058,10225,10225,10225,10546
Indian Institute of Technology Mandi,"Bio Engineering (4 Years, Bachelor of Technology)",AI,SC,Gender-Neutral,2916,2916,2916,2916,3191
Indian Institute of Technology Mandi,"Bio Engineering (4 Years, Bachelor of Technology)",AI,SC,Female-only (including Supernumerary),4623,4623,4623,4623,4823
Indian Institute of Technology Mandi,"Bio Engineering (4 Years, Bachelor of Technology)",AI,ST,Gender-Neutral,1476,1590,1590,1590,1590
Indian Institute of Technology Mandi,"BS in Chemical Sciences (4 Years, Bachelor of Science)",AI,OPEN,Gender-Neutral,16066,16572,16572,16572,18835
Indian Institute of Technology Mandi,"BS in Chemical Sciences (4 Years, Bachelor of Science)",AI,OPEN,Female-only (including Supernumerary),24082,24082,24082,24082,27211
Indian Institute of Technology Mandi,"BS in Chemical Sciences (4 Years, Bachelor of Science)",AI,EWS,Gender-Neutral,2372,2428,2428,2428,2782
Indian Institute of Technology Mandi,"BS in Chemical Sciences (4 Years, Bachelor of Science)",AI,EWS,Female-only (including Supernumerary),4220,4335,4335,4335,4724
Indian Institute of Technology Mandi,"BS in Chemical Sciences (4 Years, Bachelor of Science)",AI,OBC-NCL,Gender-Neutral,5900,6036,6078,6078,6312
Indian Institute of Technology Mandi,"BS in Chemical Sciences (4 Years, Bachelor of Science)",AI,OBC-NCL,Female-only (including Supernumerary),10576,10768,10768,10768,10910
Indian Institute of Technology Mandi,"BS in Chemical Sciences (4 Years, Bachelor of Science)",AI,SC,Gender-Neutral,3291,3318,3321,3321,3378
Indian Institute of Technology Mandi,"BS in Chemical Sciences (4 Years, Bachelor of Science)",AI,SC,Female-only (including Supernumerary),4652,4662,4725,4725,4833
Indian Institute of Technology Mandi,"BS in Chemical Sciences (4 Years, Bachelor of Science)",AI,ST,Gender-Neutral,1524,1596,1596,1596,1628
Indian Institute of Technology Mandi,"Chemical Engineering with Data Analytics (4 Years, Bachelor of Technology)",AI,OPEN,Gender-Neutral,11168,11463,11463,11630,12307
Indian Institute of Technology Mandi,"Chemical Engineering with Data Analytics (4 Years, Bachelor of Technology)",AI,OPEN,Female-only (including Supernumerary),17249,17249,17249,17249,18689
Indian Institute of Technology Mandi,"Chemical Engineering with Data Analytics (4 Years, Bachelor of Technology)",AI,EWS,Gender-Neutral,1600,1651,1651,1651,1802
Indian Institute of Technology Mandi,"Chemical Engineering with Data Analytics (4 Years, Bachelor of Technology)",AI,EWS,Female-only (including Supernumerary),3064,3064,3064,3064,3064
Indian Institute of Technology Mandi,"Chemical Engineering with Data Analytics (4 Years, Bachelor of Technology)",AI,OBC-NCL,Gender-Neutral,4605,4611,4611,4611,4623
Indian Institute of Technology Mandi,"Chemical Engineering with Data Analytics (4 Years, Bachelor of Technology)",AI,OBC-NCL,Female-only (including Supernumerary),8509,8629,8629,8629,8629
Indian Institute of Technology Mandi,"Chemical Engineering with Data Analytics (4 Years, Bachelor of Technology)",AI,SC,Gender-Neutral,2416,2523,2523,2523,2525
Indian Institute of Technology Mandi,"Chemical Engineering with Data Analytics (4 Years, Bachelor of Technology)",AI,SC,Female-only (including Supernumerary),4022,4022,4022,4022,4022
Indian Institute of Technology Mandi,"Chemical Engineering with Data Analytics (4 Years, Bachelor of Technology)",AI,ST,Gender-Neutral,1251,1273,1273,1273,1273
Indian Institute of Technology Mandi,"Civil Engineering (4 Years, Bachelor of Technology)",AI,OPEN,Gender-Neutral,13219,14098,14098,14098,15702
Indian Institute of Technology Mandi,"Civil Engineering (4 Years, Bachelor of Technology)",AI,OPEN,Female-only (including Supernumerary),23017,23017,23017,23017,23863
Indian Institute of Technology Mandi,"Civil Engineering (4 Years, Bachelor of Technology)",AI,OPEN (PwD),Gender-Neutral,494P,,,,
Indian Institute of Technology Mandi,"Civil Engineering (4 Years, Bachelor of Technology)",AI,EWS,Gender-Neutral,1958,2137,2137,2137,2334
Indian Institute of Technology Mandi,"Civil Engineering (4 Years, Bachelor of Technology)",AI,EWS,Female-only (including Supernumerary),3610,3610,3610,3610,3992
Indian Institute of Technology Mandi,"Civil Engineering (4 Years, Bachelor of Technology)",AI,OBC-NCL,Gender-Neutral,5089,5340,5340,5346,5432
Indian Institute of Technology Mandi,"Civil Engineering (4 Years, Bachelor of Technology)",AI,OBC-NCL,Female-only (including Supernumerary),9090,9090,9090,9090,9090
Indian Institute of Technology Mandi,"Civil Engineering (4 Years, Bachelor of Technology)",AI,SC,Gender-Neutral,2400,2400,2400,2400,2580
Indian Institute of Technology Mandi,"Civil Engineering (4 Years, Bachelor of Technology)",AI,SC,Female-only (including Supernumerary),4286,4427,4427,4427,4447
Indian Institute of Technology Mandi,"Civil Engineering (4 Years, Bachelor of Technology)",AI,ST,Gender-Neutral,1074,1074,1074,1074,1074
Indian Institute of Technology Mandi,"Civil Engineering (4 Years, Bachelor of Technology)",AI,ST,Female-only (including Supernumerary),1107,1107,1107,1107,1107
Indian Institute of Technology Mandi,"Computer Science and Engineering (4 Years, Bachelor of Technology)",AI,OPEN,Gender-Neutral,3609,3674,3674,3701,3762
Indian Institute of Technology Mandi,"Computer Science and Engineering (4 Years, Bachelor of Technology)",AI,OPEN,Female-only (including Supernumerary),7920,7920,8084,8245,8245
Indian Institute of Technology Mandi,"Computer Science and Engineering (4 Years, Bachelor of Technology)",AI,OPEN (PwD),Gender-Neutral,131,131,131,131,131
Indian Institute of Technology Mandi,"Computer Science and Engineering (4 Years, Bachelor of Technology)",AI,EWS,Gender-Neutral,525,531,531,531,590
Indian Institute of Technology Mandi,"Computer Science and Engineering (4 Years, Bachelor of Technology)",AI,EWS,Female-only (including Supernumerary),1415,1415,1415,1415,1415
Indian Institute of Technology Mandi,"Computer Science and Engineering (4 Years, Bachelor of Technology)",AI,EWS (PwD),Gender-Neutral,2P,2P,2P,2P,2P
Indian Institute of Technology Mandi,"Computer Science and Engineering (4 Years, Bachelor of Technology)",AI,OBC-NCL,Gender-Neutral,1407,1434,1434,1434,1434
Indian Institute of Technology Mandi,"Computer Science and Engineering (4 Years, Bachelor of Technology)",AI,OBC-NCL,Female-only (including Supernumerary),3712,3809,3809,3809,3809
Indian Institute of Technology Mandi,"Computer Science and Engineering (4 Years, Bachelor of Technology)",AI,OBC-NCL (PwD),Gender-Neutral,80,80,80,80,80
Indian Institute of Technology Mandi,"Computer Science and Engineering (4 Years, Bachelor of Technology)",AI,SC,Gender-Neutral,841,856,856,856,856
Indian Institute of Technology Mandi,"Computer Science and Engineering (4 Years, Bachelor of Technology)",AI,SC,Female-only (including Supernumerary),1628,1654,1654,1654,1654
Indian Institute of Technology Mandi,"Computer Science and Engineering (4 Years, Bachelor of Technology)",AI,ST,Gender-Neutral,421,483,483,483,489
Indian Institute of Technology Mandi,"Computer Science and Engineering (4 Years, Bachelor of Technology)",AI,ST,Female-only (including Supernumerary),563,563,563,563,563
Indian Institute of Technology Mandi,"Data Science and Artificial Intelligence (4 Years, Bachelor of Technology)",AI,OPEN,Gender-Neutral,4627,4627,4627,4649,4916
Indian Institute of Technology Mandi,"Data Science and Artificial Intelligence (4 Years, Bachelor of Technology)",AI,OPEN,Female-only (including Supernumerary),8682,8682,8682,9859,9859
Indian Institute of Technology Mandi,"Data Science and Artificial Intelligence (4 Years, Bachelor of Technology)",AI,OPEN (PwD),Female-only (including Supernumerary),209P,209P,209P,209P,209P
Indian Institute of Technology Mandi,"Data Science and Artificial Intelligence (4 Years, Bachelor of Technology)",AI,EWS,Gender-Neutral,634,634,634,634,656
Indian Institute of Technology Mandi,"Data Science and Artificial Intelligence (4 Years, Bachelor of Technology)",AI,EWS,Female-only (including Supernumerary),1518,1518,1518,1518,1585
Indian Institute of Technology Mandi,"Data Science and Artificial Intelligence (4 Years, Bachelor of Technology)",AI,OBC-NCL,Gender-Neutral,1807,1850,1850,1850,1850
Indian Institute of Technology Mandi,"Data Science and Artificial Intelligence (4 Years, Bachelor of Technology)",AI,OBC-NCL,Female-only (including Supernumerary),4684,4684,4684,4684,4684
Indian Institute of Technology Mandi,"Data Science and Artificial Intelligence (4 Years, Bachelor of Technology)",AI,OBC-NCL (PwD),Gender-Neutral,49P,49P,49P,49P,49P
Indian Institute of Technology Mandi,"Data Science and Artificial Intelligence (4 Years, Bachelor of Technology)",AI,SC,Gender-Neutral,1031,1031,1031,1098,1098
Indian Institute of Technology Mandi,"Data Science and Artificial Intelligence (4 Years, Bachelor of Technology)",AI,SC,Female-only (including Supernumerary),1840,1840,1840,1840,1840
Indian Institute of Technology Mandi,"Data Science and Artificial Intelligence (4 Years, Bachelor of Technology)",AI,ST,Gender-Neutral,562,562,562,562,562
Indian Institute of Technology Mandi,"Data Science and Artificial Intelligence (4 Years, Bachelor of Technology)",AI,ST,Female-only (including Supernumerary),937,937,937,937,937
Indian Institute of Technology Mandi,"Electrical Engineering (4 Years, Bachelor of Technology)",AI,OPEN,Gender-Neutral,6770,7130,7130,7147,7947
Indian Institute of Technology Mandi,"Electrical Engineering (4 Years, Bachelor of Technology)",AI,OPEN,Female-only (including Supernumerary),13760,13760,13760,14106,14320
Indian Institute of Technology Mandi,"Electrical Engineering (4 Years, Bachelor of Technology)",AI,OPEN (PwD),Gender-Neutral,276,276,276,276,276
Indian Institute of Technology Mandi,"Electrical Engineering (4 Years, Bachelor of Technology)",AI,EWS,Gender-Neutral,1026,1078,1078,1078,1118
Indian Institute of Technology Mandi,"Electrical Engineering (4 Years, Bachelor of Technology)",AI,EWS,Female-only (including Supernumerary),2119,2119,2119,2119,2119
Indian Institute of Technology Mandi,"Electrical Engineering (4 Years, Bachelor of Technology)",AI,OBC-NCL,Gender-Neutral,2904,2985,2985,2985,3005
Indian Institute of Technology Mandi,"Electrical Engineering (4 Years, Bachelor of Technology)",AI,OBC-NCL,Female-only (including Supernumerary),6083,6741,6741,6741,6932
Indian Institute of Technology Mandi,"Electrical Engineering (4 Years, Bachelor of Technology)",AI,SC,Gender-Neutral,1679,1714,1714,1714,1751
Indian Institute of Technology Mandi,"Electrical Engineering (4 Years, Bachelor of Technology)",AI,SC,Female-only (including Supernumerary),3053,3053,3053,3053,3096
Indian Institute of Technology Mandi,"Electrical Engineering (4 Years, Bachelor of Technology)",AI,ST,Gender-Neutral,872,876,876,876,876
Indian Institute of Technology Mandi,"Electrical Engineering (4 Years, Bachelor of Technology)",AI,ST,Female-only (including Supernumerary),892,892,892,892,892
Indian Institute of Technology Mandi,"Engineering Physics (4 Years, Bachelor of Technology)",AI,OPEN,Gender-Neutral,9934,10146,10146,10146,11744
Indian Institute of Technology Mandi,"Engineering Physics (4 Years, Bachelor of Technology)",AI,OPEN,Female-only (including Supernumerary),18270,19931,19931,19931,19931
Indian Institute of Technology Mandi,"Engineering Physics (4 Years, Bachelor of Technology)",AI,OPEN (PwD),Gender-Neutral,220P,,,,
Indian Institute of Technology Mandi,"Engineering Physics (4 Years, Bachelor of Technology)",AI,EWS,Gender-Neutral,1802,1802,1802,1802,1876
Indian Institute of Technology Mandi,"Engineering Physics (4 Years, Bachelor of Technology)",AI,EWS,Female-only (including Supernumerary),3044,3044,3044,3044,3044
Indian Institute of Technology Mandi,"Engineering Physics (4 Years, Bachelor of Technology)",AI,OBC-NCL,Gender-Neutral,4623,4623,4623,4846,5041
Indian Institute of Technology Mandi,"Engineering Physics (4 Years, Bachelor of Technology)",AI,OBC-NCL,Female-only (including Supernumerary),8672,9644,9790,9790,10363
Indian Institute of Technology Mandi,"Engineering Physics (4 Years, Bachelor of Technology)",AI,SC,Gender-Neutral,2592,2784,2799,2799,2811
Indian Institute of Technology Mandi,"Engineering Physics (4 Years, Bachelor of Technology)",AI,SC,Female-only (including Supernumerary),3748,3748,3748,3748,3748
Indian Institute of Technology Mandi,"Engineering Physics (4 Years, Bachelor of Technology)",AI,ST,Gender-Neutral,1443,1454,1454,1454,1480
Indian Institute of Technology Mandi,"Mechanical Engineering (4 Years, Bachelor of Technology)",AI,OPEN,Gender-Neutral,9743,9949,9949,9951,11085
Indian Institute of Technology Mandi,"Mechanical Engineering (4 Years, Bachelor of Technology)",AI,OPEN,Female-only (including Supernumerary),18830,18830,18830,18830,22360
Indian Institute of Technology Mandi,"Mechanical Engineering (4 Years, Bachelor of Technology)",AI,OPEN (PwD),Gender-Neutral,554P,554P,554P,554P,554P
Indian Institute of Technology Mandi,"Mechanical Engineering (4 Years, Bachelor of Technology)",AI,EWS,Gender-Neutral,1496,1496,1496,1496,1761
Indian Institute of Technology Mandi,"Mechanical Engineering (4 Years, Bachelor of Technology)",AI,EWS,Female-only (including Supernumerary),2988,2988,2988,2988,4113
Indian Institute of Technology Mandi,"Mechanical Engineering (4 Years, Bachelor of Technology)",AI,OBC-NCL,Gender-Neutral,4159,4292,4292,4298,4459
Indian Institute of Technology Mandi,"Mechanical Engineering (4 Years, Bachelor of Technology)",AI,OBC-NCL,Female-only (including Supernumerary),8137,8672,8672,8826,8826
Indian Institute of Technology Mandi,"Mechanical Engineering (4 Years, Bachelor of Technology)",AI,SC,Gender-Neutral,2138,2148,2148,2148,2191
Indian Institute of Technology Mandi,"Mechanical Engineering (4 Years, Bachelor of Technology)",AI,SC,Female-only (including Supernumerary),3995,3995,3995,3995,3995
Indian Institute of Technology Mandi,"Mechanical Engineering (4 Years, Bachelor of Technology)",AI,ST,Gender-Neutral,1078,1081,1081,1081,1081
Indian Institute of Technology Mandi,"Mechanical Engineering (4 Years, Bachelor of Technology)",AI,ST,Female-only (including Supernumerary),1532,1532,1532,1532,1532
Indian Institute of Technology Mandi,"Quantum Science and Engineering (4 Years, Bachelor of Technology)",AI,OPEN,Gender-Neutral,6695,6695,6695,6849,7351
Indian Institute of Technology Mandi,"Quantum Science and Engineering (4 Years, Bachelor of Technology)",AI,OPEN,Female-only (including Supernumerary),14182,14182,14182,14182,14182
Indian Institute of Technology Mandi,"Quantum Science and Engineering (4 Years, Bachelor of Technology)",AI,EWS,Gender-Neutral,1196,1196,1196,1196,1295
Indian Institute of Technology Mandi,"Quantum Science and Engineering (4 Years, Bachelor of Technology)",AI,EWS,Female-only (including Supernumerary),2674,2674,2674,2674,2674
Indian Institute of Technology Mandi,"Quantum Science and Engineering (4 Years, Bachelor of Technology)",AI,OBC-NCL,Gender-Neutral,2804,2937,2937,2937,3219
Indian Institute of Technology Mandi,"Quantum Science and Engineering (4 Years, Bachelor of Technology)",AI,OBC-NCL,Female-only (including Supernumerary),7633,7633,7633,7633,7633
Indian Institute of Technology Mandi,"Quantum Science and Engineering (4 Years, Bachelor of Technology)",AI,OBC-NCL (PwD),Gender-Neutral,125P,,,,
Indian Institute of Technology Mandi,"Quantum Science and Engineering (4 Years, Bachelor of Technology)",AI,SC,Gender-Neutral,1773,2020,2020,2020,2020
Indian Institute of Technology Mandi,"Quantum Science and Engineering (4 Years, Bachelor of Technology)",AI,SC,Female-only (including Supernumerary),2810,2810,2810,2810,2810
Indian Institute of Technology Mandi,"Quantum Science and Engineering (4 Years, Bachelor of Technology)",AI,ST,Gender-Neutral,926,926,926,926,926
Indian Institute of Technology Delhi,"Abu Dhabi Campus - Chemical Engineering (4 Years, Bachelor of Technology)",AI,OPEN,Gender-Neutral,5920,6052,6052,6052,6145
Indian Institute of Technology Delhi,"Abu Dhabi Campus - Chemical Engineering (4 Years, Bachelor of Technology)",AI,OPEN,Female-only (including Supernumerary),11269,11269,11269,11269,11269
Indian Institute of Technology Delhi,"Abu Dhabi Campus - Chemical Engineering (4 Years, Bachelor of Technology)",AI,EWS,Gender-Neutral,1221,1221,1221,1221,1221
Indian Institute of Technology Delhi,"Abu Dhabi Campus - Chemical Engineering (4 Years, Bachelor of Technology)",AI,OBC-NCL,Gender-Neutral,2351,2351,2351,2351,2351
Indian Institute of Technology Delhi,"Abu Dhabi Campus - Chemical Engineering (4 Years, Bachelor of Technology)",AI,OBC-NCL,Female-only (including Supernumerary),5381,5381,5381,5381,5381
Indian Institute of Technology Delhi,"Abu Dhabi Campus - Chemical Engineering (4 Years, Bachelor of Technology)",AI,SC,Gender-Neutral,1618,1618,1618,1618,1618
Indian Institute of Technology Delhi,"Abu Dhabi Campus - Computer Science and Engineering (4 Years, Bachelor of Technology)",AI,OPEN,Gender-Neutral,1788,1788,1788,1788,1788
Indian Institute of Technology Delhi,"Abu Dhabi Campus - Computer Science and Engineering (4 Years, Bachelor of Technology)",AI,OPEN,Female-only (including Supernumerary),5125,5125,5125,5125,5125
Indian Institute of Technology Delhi,"Abu Dhabi Campus - Computer Science and Engineering (4 Years, Bachelor of Technology)",AI,EWS,Gender-Neutral,311,311,311,311,311
Indian Institute of Technology Delhi,"Abu Dhabi Campus - Computer Science and Engineering (4 Years, Bachelor of Technology)",AI,OBC-NCL,Gender-Neutral,543,543,543,543,543
Indian Institute of Technology Delhi,"Abu Dhabi Campus - Computer Science and Engineering (4 Years, Bachelor of Technology)",AI,OBC-NCL,Female-only (including Supernumerary),3554,3554,3554,3554,3554
Indian Institute of Technology Delhi,"Abu Dhabi Campus - Computer Science and Engineering (4 Years, Bachelor of Technology)",AI,OBC-NCL (PwD),Gender-Neutral,50,50,50,50,50
Indian Institute of Technology Delhi,"Abu Dhabi Campus - Computer Science and Engineering (4 Years, Bachelor of Technology)",AI,SC,Gender-Neutral,355,355,355,355,355
Indian Institute of Technology Delhi,"Abu Dhabi Campus - Computer Science and Engineering (4 Years, Bachelor of Technology)",AI,ST,Gender-Neutral,211,211,211,211,211
Indian Institute of Technology Delhi,"Abu Dhabi Campus - Electrical Engineering (4 Years, Bachelor of Technology)",AI,OPEN,Gender-Neutral,3155,3436,3436,3436,3436
Indian Institute of Technology Delhi,"Abu Dhabi Campus - Electrical Engineering (4 Years, Bachelor of Technology)",AI,OPEN,Female-only (including Supernumerary),10850,10850,10850,10850,10850
Indian Institute of Technology Delhi,"Abu Dhabi Campus - Electrical Engineering (4 Years, Bachelor of Technology)",AI,EWS,Gender-Neutral,466,466,466,466,466
Indian Institute of Technology Delhi,"Abu Dhabi Campus - Electrical Engineering (4 Years, Bachelor of Technology)",AI,OBC-NCL,Gender-Neutral,1107,1107,1107,1107,1107
Indian Institute of Technology Delhi,"Abu Dhabi Campus - Electrical Engineering (4 Years, Bachelor of Technology)",AI,OBC-NCL,Female-only (including Supernumerary),4618,4618,4618,4618,4618
Indian Institute of Technology Delhi,"Abu Dhabi Campus - Electrical Engineering (4 Years, Bachelor of Technology)",AI,SC,Gender-Neutral,714,714,714,714,714
Indian Institute of Technology Delhi,"Abu Dhabi Campus - Electrical Engineering (4 Years, Bachelor of Technology)",AI,ST,Gender-Neutral,453,453,453,453,453
Indian Institute of Technology Delhi,"Abu Dhabi Campus - Energy Engineering (4 Years, Bachelor of Technology)",AI,OPEN,Gender-Neutral,4465,4465,4465,4465,4465
Indian Institute of Technology Delhi,"Abu Dhabi Campus - Energy Engineering (4 Years, Bachelor of Technology)",AI,OPEN,Female-only (including Supernumerary),9837,9837,9837,9837,9837
Indian Institute of Technology Delhi,"Abu Dhabi Campus - Energy Engineering (4 Years, Bachelor of Technology)",AI,OPEN (PwD),Gender-Neutral,26P,40P,40P,40P,309P
Indian Institute of Technology Delhi,"Abu Dhabi Campus - Energy Engineering (4 Years, Bachelor of Technology)",AI,EWS,Gender-Neutral,1025,1025,1025,1025,1025
Indian Institute of Technology Delhi,"Abu Dhabi Campus - Energy Engineering (4 Years, Bachelor of Technology)",AI,OBC-NCL,Gender-Neutral,1827,1827,1827,1827,1827
Indian Institute of Technology Delhi,"Abu Dhabi Campus - Energy Engineering (4 Years, Bachelor of Technology)",AI,OBC-NCL,Female-only (including Supernumerary),6189,6189,6189,6189,6189
Indian Institute of Technology Delhi,"Abu Dhabi Campus - Energy Engineering (4 Years, Bachelor of Technology)",AI,SC,Gender-Neutral,1611,1611,1611,1611,1611
Indian Institute of Technology Delhi,"Abu Dhabi Campus - Energy Engineering (4 Years, Bachelor of Technology)",AI,ST,Gender-Neutral,541,541,541,541,541
Indian Institute of Technology Delhi,"Biotechnology and Biochemical Engineering (4 Years, Bachelor of Technology)",AI,OPEN,Gender-Neutral,4921,4921,4921,4921,4990
Indian Institute of Technology Delhi,"Biotechnology and Biochemical Engineering (4 Years, Bachelor of Technology)",AI,OPEN,Female-only (including Supernumerary),10141,10141,10141,10141,10812
Indian Institute of Technology Delhi,"Biotechnology and Biochemical Engineering (4 Years, Bachelor of Technology)",AI,OPEN (PwD),Gender-Neutral,92,92,92,92,92
Indian Institute of Technology Delhi,"Biotechnology and Biochemical Engineering (4 Years, Bachelor of Technology)",AI,EWS,Gender-Neutral,924,924,924,1092,1092
Indian Institute of Technology Delhi,"Biotechnology and Biochemical Engineering (4 Years, Bachelor of Technology)",AI,EWS,Female-only (including Supernumerary),2493,2493,2493,2493,2493
Indian Institute of Technology Delhi,"Biotechnology and Biochemical Engineering (4 Years, Bachelor of Technology)",AI,OBC-NCL,Gender-Neutral,2622,2704,2704,2731,3035
Indian Institute of Technology Delhi,"Biotechnology and Biochemical Engineering (4 Years, Bachelor of Technology)",AI,OBC-NCL,Female-only (including Supernumerary),6855,6855,6855,6855,6855
Indian Institute of Technology Delhi,"Biotechnology and Biochemical Engineering (4 Years, Bachelor of Technology)",AI,OBC-NCL (PwD),Gender-Neutral,117,117,117,,
Indian Institute of Technology Delhi,"Biotechnology and Biochemical Engineering (4 Years, Bachelor of Technology)",AI,SC,Gender-Neutral,1665,1665,1665,1665,1665
Indian Institute of Technology Delhi,"Biotechnology and Biochemical Engineering (4 Years, Bachelor of Technology)",AI,SC,Female-only (including Supernumerary),2703,2703,2703,2703,2703
Indian Institute of Technology Delhi,"Biotechnology and Biochemical Engineering (4 Years, Bachelor of Technology)",AI,ST,Gender-Neutral,982,982,982,982,982
Indian Institute of Technology Delhi,"Biotechnology and Biochemical Engineering (4 Years, Bachelor of Technology)",AI,ST,Female-only (including Supernumerary),1106,1106,1106,1106,1106
Indian Institute of Technology Delhi,"Chemical Engineering (4 Years, Bachelor of Technology)",AI,OPEN,Gender-Neutral,2649,2649,2649,2649,2724
Indian Institute of Technology Delhi,"Chemical Engineering (4 Years, Bachelor of Technology)",AI,OPEN,Female-only (including Supernumerary),6370,6370,6370,6370,6370
Indian Institute of Technology Delhi,"Chemical Engineering (4 Years, Bachelor of Technology)",AI,OPEN (PwD),Gender-Neutral,179,179,179,179,179
Indian Institute of Technology Delhi,"Chemical Engineering (4 Years, Bachelor of Technology)",AI,EWS,Gender-Neutral,539,577,577,577,577
Indian Institute of Technology Delhi,"Chemical Engineering (4 Years, Bachelor of Technology)",AI,EWS,Female-only (including Supernumerary),1490,1490,1490,1490,1490
Indian Institute of Technology Delhi,"Chemical Engineering (4 Years, Bachelor of Technology)",AI,OBC-NCL,Gender-Neutral,1429,1452,1452,1452,1452
Indian Institute of Technology Delhi,"Chemical Engineering (4 Years, Bachelor of Technology)",AI,OBC-NCL,Female-only (including Supernumerary),4023,4023,4023,4023,4023
Indian Institute of Technology Delhi,"Chemical Engineering (4 Years, Bachelor of Technology)",AI,OBC-NCL (PwD),Gender-Neutral,94,94,94,94,94
Indian Institute of Technology Delhi,"Chemical Engineering (4 Years, Bachelor of Technology)",AI,SC,Gender-Neutral,826,826,826,826,848
Indian Institute of Technology Delhi,"Chemical Engineering (4 Years, Bachelor of Technology)",AI,SC,Female-only (including Supernumerary),1595,1595,1595,1595,1595
Indian Institute of Technology Delhi,"Chemical Engineering (4 Years, Bachelor of Technology)",AI,ST,Gender-Neutral,474,474,474,474,474
Indian Institute of Technology Delhi,"Chemical Engineering (4 Years, Bachelor of Technology)",AI,ST,Female-only (including Supernumerary),371,371,371,371,371
Indian Institute of Technology Delhi,"Chemical Engineering (5 Years, Bachelor and Master of Technology (Dual Degree))",AI,OPEN,Gender-Neutral,3779,3779,3779,3779,3968
Indian Institute of Technology Delhi,"Chemical Engineering (5 Years, Bachelor and Master of Technology (Dual Degree))",AI,OPEN,Female-only (including Supernumerary),8394,8394,8394,8394,8394
Indian Institute of Technology Delhi,"Chemical Engineering (5 Years, Bachelor and Master of Technology (Dual Degree))",AI,OPEN (PwD),Gender-Neutral,233,233,233,233,233
Indian Institute of Technology Delhi,"Chemical Engineering (5 Years, Bachelor and Master of Technology (Dual Degree))",AI,EWS,Gender-Neutral,671,671,671,671,671
Indian Institute of Technology Delhi,"Chemical Engineering (5 Years, Bachelor and Master of Technology (Dual Degree))",AI,EWS,Female-only (including Supernumerary),1877,1877,1877,1877,1877
Indian Institute of Technology Delhi,"Chemical Engineering (5 Years, Bachelor and Master of Technology (Dual Degree))",AI,OBC-NCL,Gender-Neutral,2005,2190,2190,2190,2198
Indian Institute of Technology Delhi,"Chemical Engineering (5 Years, Bachelor and Master of Technology (Dual Degree))",AI,OBC-NCL,Female-only (including Supernumerary),4954,5075,5075,5075,5075
Indian Institute of Technology Delhi,"Chemical Engineering (5 Years, Bachelor and Master of Technology (Dual Degree))",AI,SC,Gender-Neutral,1009,1009,1009,1009,1009
Indian Institute of Technology Delhi,"Chemical Engineering (5 Years, Bachelor and Master of Technology (Dual Degree))",AI,SC,Female-only (including Supernumerary),2551,2767,2767,2767,2767
Indian Institute of Technology Delhi,"Chemical Engineering (5 Years, Bachelor and Master of Technology (Dual Degree))",AI,ST,Gender-Neutral,618,618,618,618,618
Indian Institute of Technology Delhi,"Chemical Engineering (5 Years, Bachelor and Master of Technology (Dual Degree))",AI,ST,Female-only (including Supernumerary),995,995,995,995,995
Indian Institute of Technology Delhi,"Chemistry (4 Years, Bachelor of Science)",AI,OPEN,Gender-Neutral,8228,8430,8430,8461,8823
Indian Institute of Technology Delhi,"Chemistry (4 Years, Bachelor of Science)",AI,OPEN,Female-only (including Supernumerary),15833,15833,15833,15833,15833
Indian Institute of Technology Delhi,"Chemistry (4 Years, Bachelor of Science)",AI,OPEN (PwD),Gender-Neutral,520P,,,,
Indian Institute of Technology Delhi,"Chemistry (4 Years, Bachelor of Science)",AI,EWS,Gender-Neutral,1527,1527,1527,1527,1527
Indian Institute of Technology Delhi,"Chemistry (4 Years, Bachelor of Science)",AI,EWS,Female-only (including Supernumerary),3734,3734,3734,3734,3734
Indian Institute of Technology Delhi,"Chemistry (4 Years, Bachelor of Science)",AI,OBC-NCL,Gender-Neutral,4439,4604,4604,4604,4691
Indian Institute of Technology Delhi,"Chemistry (4 Years, Bachelor of Science)",AI,OBC-NCL,Female-only (including Supernumerary),9163,9163,9163,9163,9163
Indian Institute of Technology Delhi,"Chemistry (4 Years, Bachelor of Science)",AI,SC,Gender-Neutral,2267,2267,2267,2267,2267
Indian Institute of Technology Delhi,"Chemistry (4 Years, Bachelor of Science)",AI,SC,Female-only (including Supernumerary),2767,3939,3939,3939,3939
Indian Institute of Technology Delhi,"Chemistry (4 Years, Bachelor of Science)",AI,ST,Gender-Neutral,1211,1211,1211,1211,1291
Indian Institute of Technology Delhi,"Chemistry (4 Years, Bachelor of Science)",AI,ST,Female-only (including Supernumerary),1721,1721,1721,1721,1721
Indian Institute of Technology Delhi,"Civil Engineering (4 Years, Bachelor of Technology)",AI,OPEN,Gender-Neutral,4798,4798,4798,4798,4901
Indian Institute of Technology Delhi,"Civil Engineering (4 Years, Bachelor of Technology)",AI,OPEN,Female-only (including Supernumerary),10184,10184,10184,10184,10332
Indian Institute of Technology Delhi,"Civil Engineering (4 Years, Bachelor of Technology)",AI,OPEN (PwD),Gender-Neutral,28P,28P,28P,28P,28P
Indian Institute of Technology Delhi,"Civil Engineering (4 Years, Bachelor of Technology)",AI,OPEN (PwD),Female-only (including Supernumerary),326P,326P,326P,326P,326P
Indian Institute of Technology Delhi,"Civil Engineering (4 Years, Bachelor of Technology)",AI,EWS,Gender-Neutral,764,813,813,813,813
Indian Institute of Technology Delhi,"Civil Engineering (4 Years, Bachelor of Technology)",AI,EWS,Female-only (including Supernumerary),2132,2132,2132,2132,2132
Indian Institute of Technology Delhi,"Civil Engineering (4 Years, Bachelor of Technology)",AI,EWS (PwD),Gender-Neutral,78P,78P,78P,78P,78P
Indian Institute of Technology Delhi,"Civil Engineering (4 Years, Bachelor of Technology)",AI,OBC-NCL,Gender-Neutral,2231,2280,2280,2280,2318
Indian Institute of Technology Delhi,"Civil Engineering (4 Years, Bachelor of Technology)",AI,OBC-NCL,Female-only (including Supernumerary),5336,5336,5336,5336,5414
Indian Institute of Technology Delhi,"Civil Engineering (4 Years, Bachelor of Technology)",AI,OBC-NCL (PwD),Gender-Neutral,44P,44P,44P,44P,44P
Indian Institute of Technology Delhi,"Civil Engineering (4 Years, Bachelor of Technology)",AI,SC,Gender-Neutral,1005,1156,1156,1156,1156
Indian Institute of Technology Delhi,"Civil Engineering (4 Years, Bachelor of Technology)",AI,SC,Female-only (including Supernumerary),2235,2274,2274,2274,2274
Indian Institute of Technology Delhi,"Civil Engineering (4 Years, Bachelor of Technology)",AI,SC (PwD),Gender-Neutral,30P,30P,30P,30P,30P
Indian Institute of Technology Delhi,"Civil Engineering (4 Years, Bachelor of Technology)",AI,ST,Gender-Neutral,138,164,164,164,164
Indian Institute of Technology Delhi,"Civil Engineering (4 Years, Bachelor of Technology)",AI,ST,Female-only (including Supernumerary),566,566,566,566,566
Indian Institute of Technology Delhi,"Computer Science and Engineering (4 Years, Bachelor of Technology)",AI,OPEN,Gender-Neutral,123,123,123,128,128
Indian Institute of Technology Delhi,"Computer Science and Engineering (4 Years, Bachelor of Technology)",AI,OPEN,Female-only (including Supernumerary),681,681,733,733,733
Indian Institute of Technology Delhi,"Computer Science and Engineering (4 Years, Bachelor of Technology)",AI,OPEN (PwD),Gender-Neutral,9,9,9,9,9
Indian Institute of Technology Delhi,"Computer Science and Engineering (4 Years, Bachelor of Technology)",AI,EWS,Gender-Neutral,35,35,35,35,35
Indian Institute of Technology Delhi,"Computer Science and Engineering (4 Years, Bachelor of Technology)",AI,EWS,Female-only (including Supernumerary),101,101,101,101,101
Indian Institute of Technology Delhi,"Computer Science and Engineering (4 Years, Bachelor of Technology)",AI,EWS (PwD),Gender-Neutral,4,4,4,4,4
Indian Institute of Technology Delhi,"Computer Science and Engineering (4 Years, Bachelor of Technology)",AI,EWS (PwD),Female-only (including Supernumerary),11,11,11,11,11
Indian Institute of Technology Delhi,"Computer Science and Engineering (4 Years, Bachelor of Technology)",AI,OBC-NCL,Gender-Neutral,103,108,108,108,108
Indian Institute of Technology Delhi,"Computer Science and Engineering (4 Years, Bachelor of Technology)",AI,OBC-NCL,Female-only (including Supernumerary),375,375,375,375,375
Indian Institute of Technology Delhi,"Computer Science and Engineering (4 Years, Bachelor of Technology)",AI,OBC-NCL (PwD),Gender-Neutral,6,6,6,6,6
Indian Institute of Technology Delhi,"Computer Science and Engineering (4 Years, Bachelor of Technology)",AI,SC,Gender-Neutral,57,60,60,60,62
Indian Institute of Technology Delhi,"Computer Science and Engineering (4 Years, Bachelor of Technology)",AI,SC,Female-only (including Supernumerary),232,232,232,232,232
Indian Institute of Technology Delhi,"Computer Science and Engineering (4 Years, Bachelor of Technology)",AI,ST,Gender-Neutral,28,28,28,28,28
Indian Institute of Technology Delhi,"Computer Science and Engineering (4 Years, Bachelor of Technology)",AI,ST,Female-only (including Supernumerary),59,59,59,59,59
Indian Institute of Technology Delhi,"Computer Science and Engineering (5 Years, Bachelor and Master of Technology (Dual Degree))",AI,OPEN,Gender-Neutral,211,211,211,212,212
Indian Institute of Technology Delhi,"Computer Science and Engineering (5 Years, Bachelor and Master of Technology (Dual Degree))",AI,OPEN,Female-only (including Supernumerary),741,741,767,767,767
Indian Institute of Technology Delhi,"Computer Science and Engineering (5 Years, Bachelor and Master of Technology (Dual Degree))",AI,OPEN (PwD),Gender-Neutral,16,16,16,16,16
Indian Institute of Technology Delhi,"Computer Science and Engineering (5 Years, Bachelor and Master of Technology (Dual Degree))",AI,OPEN (PwD),Female-only (including Supernumerary),104,104,104,104,104
Indian Institute of Technology Delhi,"Computer Science and Engineering (5 Years, Bachelor and Master of Technology (Dual Degree))",AI,EWS,Gender-Neutral,50,50,50,50,50
Indian Institute of Technology Delhi,"Computer Science and Engineering (5 Years, Bachelor and Master of Technology (Dual Degree))",AI,EWS,Female-only (including Supernumerary),280,280,280,280,280
Indian Institute of Technology Delhi,"Computer Science and Engineering (5 Years, Bachelor and Master of Technology (Dual Degree))",AI,OBC-NCL,Gender-Neutral,163,166,166,166,166
Indian Institute of Technology Delhi,"Computer Science and Engineering (5 Years, Bachelor and Master of Technology (Dual Degree))",AI,OBC-NCL,Female-only (including Supernumerary),563,563,563,563,563
Indian Institute of Technology Delhi,"Computer Science and Engineering (5 Years, Bachelor and Master of Technology (Dual Degree))",AI,SC,Gender-Neutral,65,75,75,75,89
Indian Institute of Technology Delhi,"Computer Science and Engineering (5 Years, Bachelor and Master of Technology (Dual Degree))",AI,SC,Female-only (including Supernumerary),400,400,400,400,400
Indian Institute of Technology Delhi,"Computer Science and Engineering (5 Years, Bachelor and Master of Technology (Dual Degree))",AI,SC (PwD),Gender-Neutral,1,1,1,1,1
Indian Institute of Technology Delhi,"Computer Science and Engineering (5 Years, Bachelor and Master of Technology (Dual Degree))",AI,ST,Gender-Neutral,37,37,37,37,37
Indian Institute of Technology Delhi,"Computer Science and Engineering (5 Years, Bachelor and Master of Technology (Dual Degree))",AI,ST,Female-only (including Supernumerary),157,157,157,157,157
Indian Institute of Technology Delhi,"Design (4 Years, Bachelor of Technology)",AI,OPEN,Gender-Neutral,11563,12244,12730,12730,12730
Indian Institute of Technology Delhi,"Design (4 Years, Bachelor of Technology)",AI,OPEN,Female-only (including Supernumerary),16295,16295,16295,16295,16295
Indian Institute of Technology Delhi,"Design (4 Years, Bachelor of Technology)",AI,EWS,Gender-Neutral,1836,2403,3628,3628,3628
Indian Institute of Technology Delhi,"Design (4 Years, Bachelor of Technology)",AI,OBC-NCL,Gender-Neutral,3916,4854,5459,5459,5459
Indian Institute of Technology Delhi,"Design (4 Years, Bachelor of Technology)",AI,OBC-NCL,Female-only (including Supernumerary),5238,5238,5238,5238,5238
Indian Institute of Technology Delhi,"Design (4 Years, Bachelor of Technology)",AI,OBC-NCL (PwD),Gender-Neutral,88P,,,,
Indian Institute of Technology Delhi,"Design (4 Years, Bachelor of Technology)",AI,SC,Gender-Neutral,2018,2018,2018,2018,2018
Indian Institute of Technology Delhi,"Design (4 Years, Bachelor of Technology)",AI,SC,Female-only (including Supernumerary),2847,4442,4442,4442,4442
Indian Institute of Technology Delhi,"Design (4 Years, Bachelor of Technology)",AI,ST,Gender-Neutral,1032,1414,1856,1856,1856
Indian Institute of Technology Delhi,"Electrical Engineering (4 Years, Bachelor of Technology)",AI,OPEN,Gender-Neutral,593,593,593,599,612
Indian Institute of Technology Delhi,"Electrical Engineering (4 Years, Bachelor of Technology)",AI,OPEN,Female-only (including Supernumerary),1974,1974,1974,1974,1974
Indian Institute of Technology Delhi,"Electrical Engineering (4 Years, Bachelor of Technology)",AI,OPEN (PwD),Gender-Neutral,63,70,70,70,70
Indian Institute of Technology Delhi,"Electrical Engineering (4 Years, Bachelor of Technology)",AI,OPEN (PwD),Female-only (including Supernumerary),145,145,145,145,145
Indian Institute of Technology Delhi,"Electrical Engineering (4 Years, Bachelor of Technology)",AI,EWS,Gender-Neutral,163,163,166,166,166
Indian Institute of Technology Delhi,"Electrical Engineering (4 Years, Bachelor of Technology)",AI,EWS,Female-only (including Supernumerary),528,528,528,528,528
Indian Institute of Technology Delhi,"Electrical Engineering (4 Years, Bachelor of Technology)",AI,OBC-NCL,Gender-Neutral,415,425,425,425,425
Indian Institute of Technology Delhi,"Electrical Engineering (4 Years, Bachelor of Technology)",AI,OBC-NCL,Female-only (including Supernumerary),1238,1238,1238,1238,1238
Indian Institute of Technology Delhi,"Electrical Engineering (4 Years, Bachelor of Technology)",AI,OBC-NCL (PwD),Gender-Neutral,28,28,28,28,28
Indian Institute of Technology Delhi,"Electrical Engineering (4 Years, Bachelor of Technology)",AI,SC,Gender-Neutral,188,196,196,196,196
Indian Institute of Technology Delhi,"Electrical Engineering (4 Years, Bachelor of Technology)",AI,SC,Female-only (including Supernumerary),597,597,597,597,597
Indian Institute of Technology Delhi,"Electrical Engineering (4 Years, Bachelor of Technology)",AI,ST,Gender-Neutral,139,139,139,139,139
Indian Institute of Technology Delhi,"Electrical Engineering (4 Years, Bachelor of Technology)",AI,ST,Female-only (including Supernumerary),135,135,135,135,135
Indian Institute of Technology Delhi,"Electrical Engineering (4 Years, Bachelor of Technology)",AI,ST (PwD),Gender-Neutral,10P,10P,10P,10P,10P
Indian Institute of Technology Delhi,"Electrical Engineering (Power and Automation) (4 Years, Bachelor of Technology)",AI,OPEN,Gender-Neutral,805,805,805,815,823
Indian Institute of Technology Delhi,"Electrical Engineering (Power and Automation) (4 Years, Bachelor of Technology)",AI,OPEN,Female-only (including Supernumerary),2406,2406,2406,2406,2406
Indian Institute of Technology Delhi,"Electrical Engineering (Power and Automation) (4 Years, Bachelor of Technology)",AI,OPEN (PwD),Gender-Neutral,70,80,80,80,80
Indian Institute of Technology Delhi,"Electrical Engineering (Power and Automation) (4 Years, Bachelor of Technology)",AI,EWS,Gender-Neutral,174,174,195,195,195
Indian Institute of Technology Delhi,"Electrical Engineering (Power and Automation) (4 Years, Bachelor of Technology)",AI,EWS,Female-only (including Supernumerary),912,912,912,912,912
Indian Institute of Technology Delhi,"Electrical Engineering (Power and Automation) (4 Years, Bachelor of Technology)",AI,OBC-NCL,Gender-Neutral,518,524,524,524,524
Indian Institute of Technology Delhi,"Electrical Engineering (Power and Automation) (4 Years, Bachelor of Technology)",AI,OBC-NCL,Female-only (including Supernumerary),1965,1965,1965,1965,1965
Indian Institute of Technology Delhi,"Electrical Engineering (Power and Automation) (4 Years, Bachelor of Technology)",AI,OBC-NCL (PwD),Gender-Neutral,105,105,105,105,105
Indian Institute of Technology Delhi,"Electrical Engineering (Power and Automation) (4 Years, Bachelor of Technology)",AI,SC,Gender-Neutral,281,281,281,281,281
Indian Institute of Technology Delhi,"Electrical Engineering (Power and Automation) (4 Years, Bachelor of Technology)",AI,SC,Female-only (including Supernumerary),704,704,704,704,704
Indian Institute of Technology Delhi,"Electrical Engineering (Power and Automation) (4 Years, Bachelor of Technology)",AI,ST,Gender-Neutral,181,181,181,181,181
Indian Institute of Technology Delhi,"Electrical Engineering (Power and Automation) (4 Years, Bachelor of Technology)",AI,ST,Female-only (including Supernumerary),323,370,370,370,370
Indian Institute of Technology Delhi,"Energy Engineering (4 Years, Bachelor of Technology)",AI,OPEN,Gender-Neutral,2836,2921,2921,2921,2965
Indian Institute of Technology Delhi,"Energy Engineering (4 Years, Bachelor of Technology)",AI,OPEN,Female-only (including Supernumerary),7662,7662,7662,7662,7662
Indian Institute of Technology Delhi,"Energy Engineering (4 Years, Bachelor of Technology)",AI,OPEN (PwD),Gender-Neutral,182,182,182,182,182
Indian Institute of Technology Delhi,"Energy Engineering (4 Years, Bachelor of Technology)",AI,EWS,Gender-Neutral,534,610,610,610,610
Indian Institute of Technology Delhi,"Energy Engineering (4 Years, Bachelor of Technology)",AI,EWS,Female-only (including Supernumerary),1730,1730,1730,1730,1730
Indian Institute of Technology Delhi,"Energy Engineering (4 Years, Bachelor of Technology)",AI,OBC-NCL,Gender-Neutral,1821,1821,1821,1821,1821
Indian Institute of Technology Delhi,"Energy Engineering (4 Years, Bachelor of Technology)",AI,OBC-NCL,Female-only (including Supernumerary),4249,4249,4249,4249,4249
Indian Institute of Technology Delhi,"Energy Engineering (4 Years, Bachelor of Technology)",AI,SC,Gender-Neutral,875,875,875,875,875
Indian Institute of Technology Delhi,"Energy Engineering (4 Years, Bachelor of Technology)",AI,SC,Female-only (including Supernumerary),1475,2519,2519,2519,2829
Indian Institute of Technology Delhi,"Energy Engineering (4 Years, Bachelor of Technology)",AI,ST,Gender-Neutral,524,524,524,524,524
Indian Institute of Technology Delhi,"Energy Engineering (4 Years, Bachelor of Technology)",AI,ST,Female-only (including Supernumerary),884,884,884,884,884
Indian Institute of Technology Delhi,"Engineering and Computational Mechanics (4 Years, Bachelor of Technology)",AI,OPEN,Gender-Neutral,1076,1088,1088,1088,1107
Indian Institute of Technology Delhi,"Engineering and Computational Mechanics (4 Years, Bachelor of Technology)",AI,OPEN,Female-only (including Supernumerary),2740,2740,2740,2740,2740
Indian Institute of Technology Delhi,"Engineering and Computational Mechanics (4 Years, Bachelor of Technology)",AI,OPEN (PwD),Female-only (including Supernumerary),399P,399P,399P,399P,399P
Indian Institute of Technology Delhi,"Engineering and Computational Mechanics (4 Years, Bachelor of Technology)",AI,EWS,Gender-Neutral,318,318,318,318,321
Indian Institute of Technology Delhi,"Engineering and Computational Mechanics (4 Years, Bachelor of Technology)",AI,EWS,Female-only (including Supernumerary),997,997,997,997,997
Indian Institute of Technology Delhi,"Engineering and Computational Mechanics (4 Years, Bachelor of Technology)",AI,OBC-NCL,Gender-Neutral,775,783,783,783,783
Indian Institute of Technology Delhi,"Engineering and Computational Mechanics (4 Years, Bachelor of Technology)",AI,OBC-NCL,Female-only (including Supernumerary),2020,2020,2020,2020,2020
Indian Institute of Technology Delhi,"Engineering and Computational Mechanics (4 Years, Bachelor of Technology)",AI,OBC-NCL (PwD),Gender-Neutral,95,95,95,95,95
Indian Institute of Technology Delhi,"Engineering and Computational Mechanics (4 Years, Bachelor of Technology)",AI,SC,Gender-Neutral,454,454,454,454,454
Indian Institute of Technology Delhi,"Engineering and Computational Mechanics (4 Years, Bachelor of Technology)",AI,SC,Female-only (including Supernumerary),1193,1193,1193,1193,1193
Indian Institute of Technology Delhi,"Engineering and Computational Mechanics (4 Years, Bachelor of Technology)",AI,ST,Gender-Neutral,256,256,256,256,256
Indian Institute of Technology Delhi,"Engineering and Computational Mechanics (4 Years, Bachelor of Technology)",AI,ST,Female-only (including Supernumerary),842,842,842,842,842
Indian Institute of Technology Delhi,"Engineering Physics (4 Years, Bachelor of Technology)",AI,OPEN,Gender-Neutral,2256,2299,2299,2299,2435
Indian Institute of Technology Delhi,"Engineering Physics (4 Years, Bachelor of Technology)",AI,OPEN,Female-only (including Supernumerary),6634,6634,6634,6634,6657
Indian Institute of Technology Delhi,"Engineering Physics (4 Years, Bachelor of Technology)",AI,OPEN (PwD),Gender-Neutral,236,236,236,236,236
Indian Institute of Technology Delhi,"Engineering Physics (4 Years, Bachelor of Technology)",AI,EWS,Gender-Neutral,563,636,636,636,636
Indian Institute of Technology Delhi,"Engineering Physics (4 Years, Bachelor of Technology)",AI,EWS,Female-only (including Supernumerary),1532,1532,1532,1532,1532
Indian Institute of Technology Delhi,"Engineering Physics (4 Years, Bachelor of Technology)",AI,OBC-NCL,Gender-Neutral,1587,1587,1587,1587,1679
Indian Institute of Technology Delhi,"Engineering Physics (4 Years, Bachelor of Technology)",AI,OBC-NCL,Female-only (including Supernumerary),4701,4968,4968,4968,4968
Indian Institute of Technology Delhi,"Engineering Physics (4 Years, Bachelor of Technology)",AI,OBC-NCL (PwD),Gender-Neutral,24P,24P,24P,24P,24P
Indian Institute of Technology Delhi,"Engineering Physics (4 Years, Bachelor of Technology)",AI,SC,Gender-Neutral,969,969,969,969,1008
Indian Institute of Technology Delhi,"Engineering Physics (4 Years, Bachelor of Technology)",AI,SC,Female-only (including Supernumerary),2095,2095,2095,2095,2095
Indian Institute of Technology Delhi,"Engineering Physics (4 Years, Bachelor of Technology)",AI,ST,Gender-Neutral,580,580,580,580,580
Indian Institute of Technology Delhi,"Engineering Physics (4 Years, Bachelor of Technology)",AI,ST,Female-only (including Supernumerary),1124,1124,1124,1124,1124
Indian Institute of Technology Delhi,"Materials Engineering (4 Years, Bachelor of Technology)",AI,OPEN,Gender-Neutral,3605,3605,3605,3605,3706
Indian Institute of Technology Delhi,"Materials Engineering (4 Years, Bachelor of Technology)",AI,OPEN,Female-only (including Supernumerary),9547,9547,9547,9547,9547
Indian Institute of Technology Delhi,"Materials Engineering (4 Years, Bachelor of Technology)",AI,EWS,Gender-Neutral,814,833,833,833,833
Indian Institute of Technology Delhi,"Materials Engineering (4 Years, Bachelor of Technology)",AI,EWS,Female-only (including Supernumerary),1959,1959,1959,1959,1959
Indian Institute of Technology Delhi,"Materials Engineering (4 Years, Bachelor of Technology)",AI,OBC-NCL,Gender-Neutral,2289,2320,2320,2320,2359
Indian Institute of Technology Delhi,"Materials Engineering (4 Years, Bachelor of Technology)",AI,OBC-NCL,Female-only (including Supernumerary),5611,5611,5611,5611,5611
Indian Institute of Technology Delhi,"Materials Engineering (4 Years, Bachelor of Technology)",AI,SC,Gender-Neutral,1276,1276,1276,1276,1276
Indian Institute of Technology Delhi,"Materials Engineering (4 Years, Bachelor of Technology)",AI,SC,Female-only (including Supernumerary),2455,2455,2455,2455,2455
Indian Institute of Technology Delhi,"Materials Engineering (4 Years, Bachelor of Technology)",AI,ST,Gender-Neutral,844,844,844,844,844
Indian Institute of Technology Delhi,"Materials Engineering (4 Years, Bachelor of Technology)",AI,ST,Female-only (including Supernumerary),1048,1048,1048,1048,1048
Indian Institute of Technology Delhi,"Mathematics and Computing (4 Years, Bachelor of Technology)",AI,OPEN,Gender-Neutral,320,320,320,320,338
Indian Institute of Technology Delhi,"Mathematics and Computing (4 Years, Bachelor of Technology)",AI,OPEN,Female-only (including Supernumerary),1075,1075,1090,1090,1090
Indian Institute of Technology Delhi,"Mathematics and Computing (4 Years, Bachelor of Technology)",AI,OPEN (PwD),Gender-Neutral,19,19,19,19,19
Indian Institute of Technology Delhi,"Mathematics and Computing (4 Years, Bachelor of Technology)",AI,OPEN (PwD),Female-only (including Supernumerary),113,113,113,113,113
Indian Institute of Technology Delhi,"Mathematics and Computing (4 Years, Bachelor of Technology)",AI,EWS,Gender-Neutral,72,77,77,77,77
Indian Institute of Technology Delhi,"Mathematics and Computing (4 Years, Bachelor of Technology)",AI,EWS,Female-only (including Supernumerary),278,278,278,278,278
Indian Institute of Technology Delhi,"Mathematics and Computing (4 Years, Bachelor of Technology)",AI,OBC-NCL,Gender-Neutral,199,199,199,199,199
Indian Institute of Technology Delhi,"Mathematics and Computing (4 Years, Bachelor of Technology)",AI,OBC-NCL,Female-only (including Supernumerary),956,956,956,956,956
Indian Institute of Technology Delhi,"Mathematics and Computing (4 Years, Bachelor of Technology)",AI,OBC-NCL (PwD),Gender-Neutral,30,36,36,36,36
Indian Institute of Technology Delhi,"Mathematics and Computing (4 Years, Bachelor of Technology)",AI,SC,Gender-Neutral,111,115,115,115,115
Indian Institute of Technology Delhi,"Mathematics and Computing (4 Years, Bachelor of Technology)",AI,SC,Female-only (including Supernumerary),458,458,458,458,458
Indian Institute of Technology Delhi,"Mathematics and Computing (4 Years, Bachelor of Technology)",AI,SC (PwD),Gender-Neutral,13P,13P,13P,13P,13P
Indian Institute of Technology Delhi,"Mathematics and Computing (4 Years, Bachelor of Technology)",AI,ST,Gender-Neutral,67,67,67,67,67
Indian Institute of Technology Delhi,"Mathematics and Computing (4 Years, Bachelor of Technology)",AI,ST,Female-only (including Supernumerary),197,197,197,197,197
Indian Institute of Technology Delhi,"Mathematics and Computing (4 Years, Bachelor of Technology)",AI,ST (PwD),Gender-Neutral,3P,3P,3P,3P,3P
Indian Institute of Technology Delhi,"Mathematics and Computing (5 Years, Bachelor and Master of Technology (Dual Degree))",AI,OPEN,Gender-Neutral,390,390,390,390,403
Indian Institute of Technology Delhi,"Mathematics and Computing (5 Years, Bachelor and Master of Technology (Dual Degree))",AI,OPEN,Female-only (including Supernumerary),1851,1851,1937,1937,1937
Indian Institute of Technology Delhi,"Mathematics and Computing (5 Years, Bachelor and Master of Technology (Dual Degree))",AI,OPEN (PwD),Gender-Neutral,3,35,35,35,35
Indian Institute of Technology Delhi,"Mathematics and Computing (5 Years, Bachelor and Master of Technology (Dual Degree))",AI,EWS,Gender-Neutral,92,92,92,92,92
Indian Institute of Technology Delhi,"Mathematics and Computing (5 Years, Bachelor and Master of Technology (Dual Degree))",AI,EWS,Female-only (including Supernumerary),399,399,399,399,399
Indian Institute of Technology Delhi,"Mathematics and Computing (5 Years, Bachelor and Master of Technology (Dual Degree))",AI,OBC-NCL,Gender-Neutral,247,247,247,247,247
Indian Institute of Technology Delhi,"Mathematics and Computing (5 Years, Bachelor and Master of Technology (Dual Degree))",AI,OBC-NCL,Female-only (including Supernumerary),1135,1135,1135,1135,1135
Indian Institute of Technology Delhi,"Mathematics and Computing (5 Years, Bachelor and Master of Technology (Dual Degree))",AI,SC,Gender-Neutral,121,129,129,129,129
Indian Institute of Technology Delhi,"Mathematics and Computing (5 Years, Bachelor and Master of Technology (Dual Degree))",AI,SC,Female-only (including Supernumerary),504,504,504,504,504
Indian Institute of Technology Delhi,"Mathematics and Computing (5 Years, Bachelor and Master of Technology (Dual Degree))",AI,ST,Gender-Neutral,151,151,151,151,151
Indian Institute of Technology Delhi,"Mechanical Engineering (4 Years, Bachelor of Technology)",AI,OPEN,Gender-Neutral,2131,2131,2131,2155,2205
Indian Institute of Technology Delhi,"Mechanical Engineering (4 Years, Bachelor of Technology)",AI,OPEN,Female-only (including Supernumerary),5955,5955,5955,5955,5955
Indian Institute of Technology Delhi,"Mechanical Engineering (4 Years, Bachelor of Technology)",AI,OPEN (PwD),Gender-Neutral,11,11,11,11,11
Indian Institute of Technology Delhi,"Mechanical Engineering (4 Years, Bachelor of Technology)",AI,EWS,Gender-Neutral,413,428,428,428,428
Indian Institute of Technology Delhi,"Mechanical Engineering (4 Years, Bachelor of Technology)",AI,EWS,Female-only (including Supernumerary),1342,1342,1342,1342,1342
Indian Institute of Technology Delhi,"Mechanical Engineering (4 Years, Bachelor of Technology)",AI,EWS (PwD),Gender-Neutral,32,33,33,33,33
Indian Institute of Technology Delhi,"Mechanical Engineering (4 Years, Bachelor of Technology)",AI,OBC-NCL,Gender-Neutral,1090,1090,1090,1090,1090
Indian Institute of Technology Delhi,"Mechanical Engineering (4 Years, Bachelor of Technology)",AI,OBC-NCL,Female-only (including Supernumerary),3321,3321,3321,3321,3321
Indian Institute of Technology Delhi,"Mechanical Engineering (4 Years, Bachelor of Technology)",AI,OBC-NCL (PwD),Gender-Neutral,8P,102P,102P,102P,102P
Indian Institute of Technology Delhi,"Mechanical Engineering (4 Years, Bachelor of Technology)",AI,SC,Gender-Neutral,641,664,664,664,667
Indian Institute of Technology Delhi,"Mechanical Engineering (4 Years, Bachelor of Technology)",AI,SC,Female-only (including Supernumerary),1547,1569,1569,1569,1569
Indian Institute of Technology Delhi,"Mechanical Engineering (4 Years, Bachelor of Technology)",AI,ST,Gender-Neutral,309,333,333,333,333
Indian Institute of Technology Delhi,"Mechanical Engineering (4 Years, Bachelor of Technology)",AI,ST,Female-only (including Supernumerary),614,614,614,614,614
Indian Institute of Technology Delhi,"Production and Industrial Engineering (4 Years, Bachelor of Technology)",AI,OPEN,Gender-Neutral,3266,3266,3266,3266,3402
Indian Institute of Technology Delhi,"Production and Industrial Engineering (4 Years, Bachelor of Technology)",AI,OPEN,Female-only (including Supernumerary),8265,8265,8265,8265,8445
Indian Institute of Technology Delhi,"Production and Industrial Engineering (4 Years, Bachelor of Technology)",AI,OPEN (PwD),Gender-Neutral,160,160,160,160,160
Indian Institute of Technology Delhi,"Production and Industrial Engineering (4 Years, Bachelor of Technology)",AI,EWS,Gender-Neutral,665,757,757,757,782
Indian Institute of Technology Delhi,"Production and Industrial Engineering (4 Years, Bachelor of Technology)",AI,EWS,Female-only (including Supernumerary),1960,1960,1960,1960,1960
Indian Institute of Technology Delhi,"Production and Industrial Engineering (4 Years, Bachelor of Technology)",AI,OBC-NCL,Gender-Neutral,2089,2166,2166,2166,2207
Indian Institute of Technology Delhi,"Production and Industrial Engineering (4 Years, Bachelor of Technology)",AI,OBC-NCL,Female-only (including Supernumerary),5477,5670,5670,5670,5756
Indian Institute of Technology Delhi,"Production and Industrial Engineering (4 Years, Bachelor of Technology)",AI,OBC-NCL (PwD),Gender-Neutral,66P,,,,
Indian Institute of Technology Delhi,"Production and Industrial Engineering (4 Years, Bachelor of Technology)",AI,SC,Gender-Neutral,1180,1180,1180,1180,1180
Indian Institute of Technology Delhi,"Production and Industrial Engineering (4 Years, Bachelor of Technology)",AI,SC,Female-only (including Supernumerary),2684,2684,2684,2684,2684
Indian Institute of Technology Delhi,"Production and Industrial Engineering (4 Years, Bachelor of Technology)",AI,ST,Gender-Neutral,766,766,766,766,766
Indian Institute of Technology Delhi,"Production and Industrial Engineering (4 Years, Bachelor of Technology)",AI,ST,Female-only (including Supernumerary),1037,1037,1037,1037,1037
Indian Institute of Technology Delhi,"Textile Technology (4 Years, Bachelor of Technology)",AI,OPEN,Gender-Neutral,6132,6151,6151,6151,6580
Indian Institute of Technology Delhi,"Textile Technology (4 Years, Bachelor of Technology)",AI,OPEN,Female-only (including Supernumerary),11414,11414,11414,11414,12984
Indian Institute of Technology Delhi,"Textile Technology (4 Years, Bachelor of Technology)",AI,OPEN (PwD),Gender-Neutral,212P,212P,212P,212P,212P
Indian Institute of Technology Delhi,"Textile Technology (4 Years, Bachelor of Technology)",AI,EWS,Gender-Neutral,1118,1209,1209,1234,1264
Indian Institute of Technology Delhi,"Textile Technology (4 Years, Bachelor of Technology)",AI,EWS,Female-only (including Supernumerary),2742,2742,2742,2742,2742
Indian Institute of Technology Delhi,"Textile Technology (4 Years, Bachelor of Technology)",AI,OBC-NCL,Gender-Neutral,3231,3249,3249,3249,3313
Indian Institute of Technology Delhi,"Textile Technology (4 Years, Bachelor of Technology)",AI,OBC-NCL,Female-only (including Supernumerary),6765,6765,6765,6765,6765
Indian Institute of Technology Delhi,"Textile Technology (4 Years, Bachelor of Technology)",AI,SC,Gender-Neutral,1775,1775,1775,1775,1775
Indian Institute of Technology Delhi,"Textile Technology (4 Years, Bachelor of Technology)",AI,SC,Female-only (including Supernumerary),3522,3546,3546,3546,3546
Indian Institute of Technology Delhi,"Textile Technology (4 Years, Bachelor of Technology)",AI,ST,Gender-Neutral,1174,1189,1189,1189,1189
Indian Institute of Technology Delhi,"Textile Technology (4 Years, Bachelor of Technology)",AI,ST,Female-only (including Supernumerary),1341,1341,1341,1341,1341
Indian Institute of Technology Indore,"Applied and Industrial Chemistry (4 Years, Bachelor of Science)",AI,OPEN,Gender-Neutral,13479,13934,13934,13934,15409
Indian Institute of Technology Indore,"Applied and Industrial Chemistry (4 Years, Bachelor of Science)",AI,OPEN,Female-only (including Supernumerary),20499,20499,20499,20499,22724
Indian Institute of Technology Indore,"Applied and Industrial Chemistry (4 Years, Bachelor of Science)",AI,EWS,Gender-Neutral,2138,2138,2138,2138,2460
Indian Institute of Technology Indore,"Applied and Industrial Chemistry (4 Years, Bachelor of Science)",AI,OBC-NCL,Gender-Neutral,5658,5746,5746,5746,5870
Indian Institute of Technology Indore,"Applied and Industrial Chemistry (4 Years, Bachelor of Science)",AI,OBC-NCL,Female-only (including Supernumerary),10050,10050,10050,10050,10050
Indian Institute of Technology Indore,"Applied and Industrial Chemistry (4 Years, Bachelor of Science)",AI,SC,Gender-Neutral,3090,3225,3225,3225,3225
Indian Institute of Technology Indore,"Applied and Industrial Chemistry (4 Years, Bachelor of Science)",AI,SC,Female-only (including Supernumerary),4528,4528,4528,4528,4725
Indian Institute of Technology Indore,"Applied and Industrial Chemistry (4 Years, Bachelor of Science)",AI,ST,Gender-Neutral,1526,1584,1584,1584,1624
Indian Institute of Technology Indore,"Biomedical Engineering and Data Science (4 Years, Bachelor of Technology)",AI,OPEN,Gender-Neutral,10045,10045,10045,10045,11519
Indian Institute of Technology Indore,"Biomedical Engineering and Data Science (4 Years, Bachelor of Technology)",AI,OPEN,Female-only (including Supernumerary),17879,17879,17879,17879,17879
Indian Institute of Technology Indore,"Biomedical Engineering and Data Science (4 Years, Bachelor of Technology)",AI,EWS,Gender-Neutral,1529,1695,1695,1695,1733
Indian Institute of Technology Indore,"Biomedical Engineering and Data Science (4 Years, Bachelor of Technology)",AI,EWS,Female-only (including Supernumerary),2569,2569,2569,2569,2569
Indian Institute of Technology Indore,"Biomedical Engineering and Data Science (4 Years, Bachelor of Technology)",AI,OBC-NCL,Gender-Neutral,4420,4430,4430,4430,4430
Indian Institute of Technology Indore,"Biomedical Engineering and Data Science (4 Years, Bachelor of Technology)",AI,OBC-NCL,Female-only (including Supernumerary),5781,5781,5781,5781,5781
Indian Institute of Technology Indore,"Biomedical Engineering and Data Science (4 Years, Bachelor of Technology)",AI,SC,Gender-Neutral,2691,2744,2744,2744,2744
Indian Institute of Technology Indore,"Biomedical Engineering and Data Science (4 Years, Bachelor of Technology)",AI,SC,Female-only (including Supernumerary),3573,3573,3573,3573,3573
Indian Institute of Technology Indore,"Biomedical Engineering and Data Science (4 Years, Bachelor of Technology)",AI,ST,Gender-Neutral,1419,1419,1419,1419,1419
Indian Institute of Technology Indore,"Chemical Engineering (4 Years, Bachelor of Technology)",AI,OPEN,Gender-Neutral,8340,8380,8380,8380,9168
Indian Institute of Technology Indore,"Chemical Engineering (4 Years, Bachelor of Technology)",AI,OPEN,Female-only (including Supernumerary),15411,15411,15411,15411,16420
Indian Institute of Technology Indore,"Chemical Engineering (4 Years, Bachelor of Technology)",AI,OPEN (PwD),Gender-Neutral,288P,,,,
Indian Institute of Technology Indore,"Chemical Engineering (4 Years, Bachelor of Technology)",AI,EWS,Gender-Neutral,1202,1208,1208,1208,1286
Indian Institute of Technology Indore,"Chemical Engineering (4 Years, Bachelor of Technology)",AI,EWS,Female-only (including Supernumerary),2459,2459,2459,2459,2459
Indian Institute of Technology Indore,"Chemical Engineering (4 Years, Bachelor of Technology)",AI,OBC-NCL,Gender-Neutral,3509,3617,3617,3617,3666
Indian Institute of Technology Indore,"Chemical Engineering (4 Years, Bachelor of Technology)",AI,OBC-NCL,Female-only (including Supernumerary),7111,7111,7111,7111,7111
Indian Institute of Technology Indore,"Chemical Engineering (4 Years, Bachelor of Technology)",AI,SC,Gender-Neutral,2055,2257,2257,2257,2257
Indian Institute of Technology Indore,"Chemical Engineering (4 Years, Bachelor of Technology)",AI,SC,Female-only (including Supernumerary),2920,2920,2920,2920,2920
Indian Institute of Technology Indore,"Chemical Engineering (4 Years, Bachelor of Technology)",AI,ST,Gender-Neutral,960,1001,1001,1001,1001
Indian Institute of Technology Indore,"Chemical Engineering (4 Years, Bachelor of Technology)",AI,ST,Female-only (including Supernumerary),1509,1574,1574,1574,1574
Indian Institute of Technology Indore,"Civil Engineering (4 Years, Bachelor of Technology)",AI,OPEN,Gender-Neutral,10389,10390,10390,10390,11604
Indian Institute of Technology Indore,"Civil Engineering (4 Years, Bachelor of Technology)",AI,OPEN,Female-only (including Supernumerary),18145,18145,18145,18145,19641
Indian Institute of Technology Indore,"Civil Engineering (4 Years, Bachelor of Technology)",AI,EWS,Gender-Neutral,1538,1595,1595,1595,1701
Indian Institute of Technology Indore,"Civil Engineering (4 Years, Bachelor of Technology)",AI,EWS,Female-only (including Supernumerary),3006,3006,3006,3006,3453
Indian Institute of Technology Indore,"Civil Engineering (4 Years, Bachelor of Technology)",AI,OBC-NCL,Gender-Neutral,3838,3972,3972,3972,4081
Indian Institute of Technology Indore,"Civil Engineering (4 Years, Bachelor of Technology)",AI,OBC-NCL,Female-only (including Supernumerary),8184,8509,8509,8509,8509
Indian Institute of Technology Indore,"Civil Engineering (4 Years, Bachelor of Technology)",AI,SC,Gender-Neutral,2210,2280,2280,2280,2297
Indian Institute of Technology Indore,"Civil Engineering (4 Years, Bachelor of Technology)",AI,SC,Female-only (including Supernumerary),3305,3305,3305,3305,3305
Indian Institute of Technology Indore,"Civil Engineering (4 Years, Bachelor of Technology)",AI,ST,Gender-Neutral,793,839,839,839,839
Indian Institute of Technology Indore,"Civil Engineering (4 Years, Bachelor of Technology)",AI,ST,Female-only (including Supernumerary),1027,1062,1062,1062,1062
Indian Institute of Technology Indore,"Computer Science and Engineering (4 Years, Bachelor of Technology)",AI,OPEN,Gender-Neutral,1639,1639,1639,1639,1676
Indian Institute of Technology Indore,"Computer Science and Engineering (4 Years, Bachelor of Technology)",AI,OPEN,Female-only (including Supernumerary),4321,4321,4321,4321,4321
Indian Institute of Technology Indore,"Computer Science and Engineering (4 Years, Bachelor of Technology)",AI,OPEN (PwD),Gender-Neutral,68,68,68,68,68
Indian Institute of Technology Indore,"Computer Science and Engineering (4 Years, Bachelor of Technology)",AI,EWS,Gender-Neutral,259,259,262,262,271
Indian Institute of Technology Indore,"Computer Science and Engineering (4 Years, Bachelor of Technology)",AI,EWS,Female-only (including Supernumerary),623,623,623,623,623
Indian Institute of Technology Indore,"Computer Science and Engineering (4 Years, Bachelor of Technology)",AI,EWS (PwD),Gender-Neutral,17,32,32,32,32
Indian Institute of Technology Indore,"Computer Science and Engineering (4 Years, Bachelor of Technology)",AI,OBC-NCL,Gender-Neutral,689,702,702,702,713
Indian Institute of Technology Indore,"Computer Science and Engineering (4 Years, Bachelor of Technology)",AI,OBC-NCL,Female-only (including Supernumerary),2243,2285,2285,2285,2285
Indian Institute of Technology Indore,"Computer Science and Engineering (4 Years, Bachelor of Technology)",AI,OBC-NCL (PwD),Gender-Neutral,48,48,48,48,48
Indian Institute of Technology Indore,"Computer Science and Engineering (4 Years, Bachelor of Technology)",AI,SC,Gender-Neutral,342,354,354,354,394
Indian Institute of Technology Indore,"Computer Science and Engineering (4 Years, Bachelor of Technology)",AI,SC,Female-only (including Supernumerary),944,944,944,944,944
Indian Institute of Technology Indore,"Computer Science and Engineering (4 Years, Bachelor of Technology)",AI,SC (PwD),Gender-Neutral,25P,25P,25P,25P,25P
Indian Institute of Technology Indore,"Computer Science and Engineering (4 Years, Bachelor of Technology)",AI,ST,Gender-Neutral,142,142,142,142,142
Indian Institute of Technology Indore,"Computer Science and Engineering (4 Years, Bachelor of Technology)",AI,ST,Female-only (including Supernumerary),313,313,313,313,313
Indian Institute of Technology Indore,"Electrical Engineering (4 Years, Bachelor of Technology)",AI,OPEN,Gender-Neutral,3113,3123,3123,3123,3350
Indian Institute of Technology Indore,"Electrical Engineering (4 Years, Bachelor of Technology)",AI,OPEN,Female-only (including Supernumerary),6854,6854,6854,6854,7185
Indian Institute of Technology Indore,"Electrical Engineering (4 Years, Bachelor of Technology)",AI,OPEN (PwD),Gender-Neutral,133,133,133,133,133
Indian Institute of Technology Indore,"Electrical Engineering (4 Years, Bachelor of Technology)",AI,EWS,Gender-Neutral,442,442,442,442,442
Indian Institute of Technology Indore,"Electrical Engineering (4 Years, Bachelor of Technology)",AI,EWS,Female-only (including Supernumerary),1335,1335,1335,1335,1335
Indian Institute of Technology Indore,"Electrical Engineering (4 Years, Bachelor of Technology)",AI,EWS (PwD),Gender-Neutral,64P,64P,64P,64P,64P
Indian Institute of Technology Indore,"Electrical Engineering (4 Years, Bachelor of Technology)",AI,OBC-NCL,Gender-Neutral,1466,1493,1493,1493,1522
Indian Institute of Technology Indore,"Electrical Engineering (4 Years, Bachelor of Technology)",AI,OBC-NCL,Female-only (including Supernumerary),3563,3723,3723,3723,3723
Indian Institute of Technology Indore,"Electrical Engineering (4 Years, Bachelor of Technology)",AI,OBC-NCL (PwD),Gender-Neutral,10P,10P,10P,10P,10P
Indian Institute of Technology Indore,"Electrical Engineering (4 Years, Bachelor of Technology)",AI,SC,Gender-Neutral,831,835,835,835,835
Indian Institute of Technology Indore,"Electrical Engineering (4 Years, Bachelor of Technology)",AI,SC,Female-only (including Supernumerary),1899,1899,1899,1899,1899
Indian Institute of Technology Indore,"Electrical Engineering (4 Years, Bachelor of Technology)",AI,ST,Gender-Neutral,492,492,492,492,492
Indian Institute of Technology Indore,"Electrical Engineering (4 Years, Bachelor of Technology)",AI,ST,Female-only (including Supernumerary),697,697,697,697,697
Indian Institute of Technology Indore,"Engineering Physics (4 Years, Bachelor of Technology)",AI,OPEN,Gender-Neutral,6793,6899,6899,6899,7062
Indian Institute of Technology Indore,"Engineering Physics (4 Years, Bachelor of Technology)",AI,OPEN,Female-only (including Supernumerary),15005,15005,15005,15005,16325
Indian Institute of Technology Indore,"Engineering Physics (4 Years, Bachelor of Technology)",AI,EWS,Gender-Neutral,1130,1286,1286,1286,1428
Indian Institute of Technology Indore,"Engineering Physics (4 Years, Bachelor of Technology)",AI,EWS,Female-only (including Supernumerary),2721,2721,2721,2721,2721
Indian Institute of Technology Indore,"Engineering Physics (4 Years, Bachelor of Technology)",AI,OBC-NCL,Gender-Neutral,3431,3538,3538,3538,3720
Indian Institute of Technology Indore,"Engineering Physics (4 Years, Bachelor of Technology)",AI,OBC-NCL,Female-only (including Supernumerary),7474,8044,8044,8044,8044
Indian Institute of Technology Indore,"Engineering Physics (4 Years, Bachelor of Technology)",AI,SC,Gender-Neutral,1908,1908,1908,1908,1908
Indian Institute of Technology Indore,"Engineering Physics (4 Years, Bachelor of Technology)",AI,SC,Female-only (including Supernumerary),3427,4343,4343,4343,4343
Indian Institute of Technology Indore,"Engineering Physics (4 Years, Bachelor of Technology)",AI,ST,Gender-Neutral,1103,1150,1150,1150,1287
Indian Institute of Technology Indore,"Environmental Economics and Sustainable Engineering (4 Years, Bachelor of Technology)",AI,OPEN,Gender-Neutral,11593,11593,11593,11603,14267
Indian Institute of Technology Indore,"Environmental Economics and Sustainable Engineering (4 Years, Bachelor of Technology)",AI,OPEN,Female-only (including Supernumerary),20303,20303,20303,20303,22079
Indian Institute of Technology Indore,"Environmental Economics and Sustainable Engineering (4 Years, Bachelor of Technology)",AI,EWS,Gender-Neutral,1908,1908,1908,1908,2298
Indian Institute of Technology Indore,"Environmental Economics and Sustainable Engineering (4 Years, Bachelor of Technology)",AI,EWS,Female-only (including Supernumerary),3687,4347,4347,4347,4347
Indian Institute of Technology Indore,"Environmental Economics and Sustainable Engineering (4 Years, Bachelor of Technology)",AI,OBC-NCL,Gender-Neutral,5253,5547,5547,5547,5618
Indian Institute of Technology Indore,"Environmental Economics and Sustainable Engineering (4 Years, Bachelor of Technology)",AI,OBC-NCL,Female-only (including Supernumerary),6664,8496,8496,8496,8496
Indian Institute of Technology Indore,"Environmental Economics and Sustainable Engineering (4 Years, Bachelor of Technology)",AI,SC,Gender-Neutral,2805,2805,2805,2805,2970
Indian Institute of Technology Indore,"Environmental Economics and Sustainable Engineering (4 Years, Bachelor of Technology)",AI,SC,Female-only (including Supernumerary),3653,3653,3653,3653,3653
Indian Institute of Technology Indore,"Environmental Economics and Sustainable Engineering (4 Years, Bachelor of Technology)",AI,ST,Gender-Neutral,1449,1449,1449,1449,1527
Indian Institute of Technology Indore,"Mathematics and Computing (4 Years, Bachelor of Technology)",AI,OPEN,Gender-Neutral,2017,2026,2026,2026,2136
Indian Institute of Technology Indore,"Mathematics and Computing (4 Years, Bachelor of Technology)",AI,OPEN,Female-only (including Supernumerary),5443,5443,5443,5443,5443
Indian Institute of Technology Indore,"Mathematics and Computing (4 Years, Bachelor of Technology)",AI,OPEN (PwD),Gender-Neutral,163,163,163,163,163
Indian Institute of Technology Indore,"Mathematics and Computing (4 Years, Bachelor of Technology)",AI,EWS,Gender-Neutral,301,301,301,301,301
Indian Institute of Technology Indore,"Mathematics and Computing (4 Years, Bachelor of Technology)",AI,EWS,Female-only (including Supernumerary),799,799,799,799,799
Indian Institute of Technology Indore,"Mathematics and Computing (4 Years, Bachelor of Technology)",AI,OBC-NCL,Gender-Neutral,964,973,973,973,973
Indian Institute of Technology Indore,"Mathematics and Computing (4 Years, Bachelor of Technology)",AI,OBC-NCL,Female-only (including Supernumerary),2513,2513,2513,2513,2513
Indian Institute of Technology Indore,"Mathematics and Computing (4 Years, Bachelor of Technology)",AI,OBC-NCL (PwD),Gender-Neutral,115,115,115,115,115
Indian Institute of Technology Indore,"Mathematics and Computing (4 Years, Bachelor of Technology)",AI,SC,Gender-Neutral,532,532,532,532,532
Indian Institute of Technology Indore,"Mathematics and Computing (4 Years, Bachelor of Technology)",AI,SC,Female-only (including Supernumerary),1211,1211,1211,1211,1211
Indian Institute of Technology Indore,"Mathematics and Computing (4 Years, Bachelor of Technology)",AI,ST,Gender-Neutral,314,314,314,314,314
Indian Institute of Technology Indore,"Mathematics and Computing (4 Years, Bachelor of Technology)",AI,ST,Female-only (including Supernumerary),631,631,631,631,631
Indian Institute of Technology Indore,"Mechanical Engineering (4 Years, Bachelor of Technology)",AI,OPEN,Gender-Neutral,7079,7236,7236,7260,7561
Indian Institute of Technology Indore,"Mechanical Engineering (4 Years, Bachelor of Technology)",AI,OPEN,Female-only (including Supernumerary),14816,14816,14816,15221,15600
Indian Institute of Technology Indore,"Mechanical Engineering (4 Years, Bachelor of Technology)",AI,OPEN (PwD),Gender-Neutral,475P,475P,475P,475P,475P
Indian Institute of Technology Indore,"Mechanical Engineering (4 Years, Bachelor of Technology)",AI,EWS,Gender-Neutral,1098,1129,1129,1129,1183
Indian Institute of Technology Indore,"Mechanical Engineering (4 Years, Bachelor of Technology)",AI,EWS,Female-only (including Supernumerary),2470,2470,2470,2470,2470
Indian Institute of Technology Indore,"Mechanical Engineering (4 Years, Bachelor of Technology)",AI,OBC-NCL,Gender-Neutral,2962,3119,3119,3119,3178
Indian Institute of Technology Indore,"Mechanical Engineering (4 Years, Bachelor of Technology)",AI,OBC-NCL,Female-only (including Supernumerary),6140,6262,6262,6262,6262
Indian Institute of Technology Indore,"Mechanical Engineering (4 Years, Bachelor of Technology)",AI,SC,Gender-Neutral,1720,1889,1889,1889,1893
Indian Institute of Technology Indore,"Mechanical Engineering (4 Years, Bachelor of Technology)",AI,SC,Female-only (including Supernumerary),3085,3085,3085,3085,3085
Indian Institute of Technology Indore,"Mechanical Engineering (4 Years, Bachelor of Technology)",AI,ST,Gender-Neutral,767,786,786,786,803
Indian Institute of Technology Indore,"Mechanical Engineering (4 Years, Bachelor of Technology)",AI,ST,Female-only (including Supernumerary),1163,1509,1509,1509,1509
Indian Institute of Technology Indore,"Metallurgical Engineering and Materials Science (4 Years, Bachelor of Technology)",AI,OPEN,Gender-Neutral,10764,10871,10871,10995,12608
Indian Institute of Technology Indore,"Metallurgical Engineering and Materials Science (4 Years, Bachelor of Technology)",AI,OPEN,Female-only (including Supernumerary),19229,19229,19229,19229,19233
Indian Institute of Technology Indore,"Metallurgical Engineering and Materials Science (4 Years, Bachelor of Technology)",AI,EWS,Gender-Neutral,1737,1867,1867,1867,2048
Indian Institute of Technology Indore,"Metallurgical Engineering and Materials Science (4 Years, Bachelor of Technology)",AI,EWS,Female-only (including Supernumerary),3033,3033,3033,3033,3033
Indian Institute of Technology Indore,"Metallurgical Engineering and Materials Science (4 Years, Bachelor of Technology)",AI,OBC-NCL,Gender-Neutral,4396,4499,4517,4517,4637
Indian Institute of Technology Indore,"Metallurgical Engineering and Materials Science (4 Years, Bachelor of Technology)",AI,OBC-NCL,Female-only (including Supernumerary),8553,9269,9269,9269,9269
Indian Institute of Technology Indore,"Metallurgical Engineering and Materials Science (4 Years, Bachelor of Technology)",AI,SC,Gender-Neutral,2622,2654,2654,2654,2741
Indian Institute of Technology Indore,"Metallurgical Engineering and Materials Science (4 Years, Bachelor of Technology)",AI,SC,Female-only (including Supernumerary),4083,4083,4083,4083,4083
Indian Institute of Technology Indore,"Metallurgical Engineering and Materials Science (4 Years, Bachelor of Technology)",AI,ST,Gender-Neutral,1269,1376,1376,1376,1376
Indian Institute of Technology Indore,"Metallurgical Engineering and Materials Science (4 Years, Bachelor of Technology)",AI,ST,Female-only (including Supernumerary),1602,1796,1796,1796,1915
Indian Institute of Technology Indore,"Space Science and Engineering (4 Years, Bachelor of Technology)",AI,OPEN,Gender-Neutral,7221,7282,7282,7282,7950
Indian Institute of Technology Indore,"Space Science and Engineering (4 Years, Bachelor of Technology)",AI,OPEN,Female-only (including Supernumerary),13220,13220,15202,15202,15536
Indian Institute of Technology Indore,"Space Science and Engineering (4 Years, Bachelor of Technology)",AI,EWS,Gender-Neutral,1122,1122,1122,1122,1190
Indian Institute of Technology Indore,"Space Science and Engineering (4 Years, Bachelor of Technology)",AI,OBC-NCL,Gender-Neutral,3221,3305,3305,3305,3520
Indian Institute of Technology Indore,"Space Science and Engineering (4 Years, Bachelor of Technology)",AI,OBC-NCL,Female-only (including Supernumerary),6325,6664,6664,6928,6928
Indian Institute of Technology Indore,"Space Science and Engineering (4 Years, Bachelor of Technology)",AI,SC,Gender-Neutral,1670,1734,1734,1734,1734
Indian Institute of Technology Indore,"Space Science and Engineering (4 Years, Bachelor of Technology)",AI,SC,Female-only (including Supernumerary),2557,2557,2557,2557,2557
Indian Institute of Technology Indore,"Space Science and Engineering (4 Years, Bachelor of Technology)",AI,ST,Gender-Neutral,795,795,795,795,795
Indian Institute of Technology Kharagpur,"Aerospace Engineering (4 Years, Bachelor of Technology)",AI,OPEN,Gender-Neutral,4888,4967,4967,5004,5297
Indian Institute of Technology Kharagpur,"Aerospace Engineering (4 Years, Bachelor of Technology)",AI,OPEN,Female-only (including Supernumerary),11415,11415,11415,11415,11886
Indian Institute of Technology Kharagpur,"Aerospace Engineering (4 Years, Bachelor of Technology)",AI,OPEN (PwD),Gender-Neutral,133P,133P,133P,133P,133P
Indian Institute of Technology Kharagpur,"Aerospace Engineering (4 Years, Bachelor of Technology)",AI,EWS,Gender-Neutral,890,929,929,929,946
Indian Institute of Technology Kharagpur,"Aerospace Engineering (4 Years, Bachelor of Technology)",AI,EWS,Female-only (including Supernumerary),2002,2002,2002,2002,2002
Indian Institute of Technology Kharagpur,"Aerospace Engineering (4 Years, Bachelor of Technology)",AI,OBC-NCL,Gender-Neutral,2347,2374,2374,2374,2423
Indian Institute of Technology Kharagpur,"Aerospace Engineering (4 Years, Bachelor of Technology)",AI,OBC-NCL,Female-only (including Supernumerary),5014,5228,5228,5228,5228
Indian Institute of Technology Kharagpur,"Aerospace Engineering (4 Years, Bachelor of Technology)",AI,OBC-NCL (PwD),Gender-Neutral,77P,112P,112P,112P,112P
Indian Institute of Technology Kharagpur,"Aerospace Engineering (4 Years, Bachelor of Technology)",AI,SC,Gender-Neutral,1335,1400,1400,1400,1411
Indian Institute of Technology Kharagpur,"Aerospace Engineering (4 Years, Bachelor of Technology)",AI,SC,Female-only (including Supernumerary),2483,2483,2483,2483,2483
Indian Institute of Technology Kharagpur,"Aerospace Engineering (4 Years, Bachelor of Technology)",AI,ST,Gender-Neutral,630,630,630,630,630
Indian Institute of Technology Kharagpur,"Aerospace Engineering (4 Years, Bachelor of Technology)",AI,ST,Female-only (including Supernumerary),1216,1216,1216,1216,1216
Indian Institute of Technology Kharagpur,"Agricultural and Food Engineering (4 Years, Bachelor of Technology)",AI,OPEN,Gender-Neutral,11700,11888,11888,11888,12603
Indian Institute of Technology Kharagpur,"Agricultural and Food Engineering (4 Years, Bachelor of Technology)",AI,OPEN,Female-only (including Supernumerary),20253,21252,21252,21252,21256
Indian Institute of Technology Kharagpur,"Agricultural and Food Engineering (4 Years, Bachelor of Technology)",AI,OPEN (PwD),Gender-Neutral,309P,309P,309P,309P,303P
Indian Institute of Technology Kharagpur,"Agricultural and Food Engineering (4 Years, Bachelor of Technology)",AI,EWS,Gender-Neutral,1720,1767,1767,1767,1974
Indian Institute of Technology Kharagpur,"Agricultural and Food Engineering (4 Years, Bachelor of Technology)",AI,EWS,Female-only (including Supernumerary),3609,3687,3687,3687,3687
Indian Institute of Technology Kharagpur,"Agricultural and Food Engineering (4 Years, Bachelor of Technology)",AI,OBC-NCL,Gender-Neutral,4467,4535,4535,4535,4671
Indian Institute of Technology Kharagpur,"Agricultural and Food Engineering (4 Years, Bachelor of Technology)",AI,OBC-NCL,Female-only (including Supernumerary),7911,9033,9033,9044,9390
Indian Institute of Technology Kharagpur,"Agricultural and Food Engineering (4 Years, Bachelor of Technology)",AI,SC,Gender-Neutral,2712,2788,2788,2788,2790
Indian Institute of Technology Kharagpur,"Agricultural and Food Engineering (4 Years, Bachelor of Technology)",AI,SC,Female-only (including Supernumerary),4008,4048,4048,4048,4048
Indian Institute of Technology Kharagpur,"Agricultural and Food Engineering (4 Years, Bachelor of Technology)",AI,ST,Gender-Neutral,1309,1311,1311,1311,1311
Indian Institute of Technology Kharagpur,"Agricultural and Food Engineering (4 Years, Bachelor of Technology)",AI,ST,Female-only (including Supernumerary),1627,1627,1627,1627,1627
Indian Institute of Technology Kharagpur,"Applied Geology (4 Years, Bachelor of Science)",AI,OPEN,Gender-Neutral,13366,13588,13667,13775,15872
Indian Institute of Technology Kharagpur,"Applied Geology (4 Years, Bachelor of Science)",AI,OPEN,Female-only (including Supernumerary),24172,24689,24689,24689,25766
Indian Institute of Technology Kharagpur,"Applied Geology (4 Years, Bachelor of Science)",AI,EWS,Gender-Neutral,2086,2086,2086,2086,2370
Indian Institute of Technology Kharagpur,"Applied Geology (4 Years, Bachelor of Science)",AI,EWS,Female-only (including Supernumerary),4234,4234,4234,4234,4234
Indian Institute of Technology Kharagpur,"Applied Geology (4 Years, Bachelor of Science)",AI,OBC-NCL,Gender-Neutral,5275,5343,5448,5448,5803
Indian Institute of Technology Kharagpur,"Applied Geology (4 Years, Bachelor of Science)",AI,OBC-NCL,Female-only (including Supernumerary),9870,10166,10166,10166,10166
Indian Institute of Technology Kharagpur,"Applied Geology (4 Years, Bachelor of Science)",AI,SC,Gender-Neutral,3155,3283,3283,3283,3283
Indian Institute of Technology Kharagpur,"Applied Geology (4 Years, Bachelor of Science)",AI,SC,Female-only (including Supernumerary),4545,4591,4591,4591,4591
Indian Institute of Technology Kharagpur,"Applied Geology (4 Years, Bachelor of Science)",AI,ST,Gender-Neutral,1488,1518,1518,1518,1604
Indian Institute of Technology Kharagpur,"Applied Geology (4 Years, Bachelor of Science)",AI,ST,Female-only (including Supernumerary),1966,2027,2027,2027,2027
Indian Institute of Technology Kharagpur,"Architecture (5 Years, Bachelor of Architecture)",AI,OPEN,Gender-Neutral,22263,22956,22969,22969,24582
Indian Institute of Technology Kharagpur,"Architecture (5 Years, Bachelor of Architecture)",AI,OPEN,Female-only (including Supernumerary),27533,27533,27533,27533,28398
Indian Institute of Technology Kharagpur,"Architecture (5 Years, Bachelor of Architecture)",AI,EWS,Gender-Neutral,3337,4003,4217,4217,4217
Indian Institute of Technology Kharagpur,"Architecture (5 Years, Bachelor of Architecture)",AI,EWS,Female-only (including Supernumerary),5852,5852,5852,5852,5852
Indian Institute of Technology Kharagpur,"Architecture (5 Years, Bachelor of Architecture)",AI,OBC-NCL,Gender-Neutral,7444,7464,7464,7464,7973
Indian Institute of Technology Kharagpur,"Architecture (5 Years, Bachelor of Architecture)",AI,OBC-NCL,Female-only (including Supernumerary),10573,10573,10573,10573,11269
Indian Institute of Technology Kharagpur,"Architecture (5 Years, Bachelor of Architecture)",AI,SC,Gender-Neutral,3437,3437,3437,3437,3437
Indian Institute of Technology Kharagpur,"Architecture (5 Years, Bachelor of Architecture)",AI,SC,Female-only (including Supernumerary),4197,4197,4197,4197,4197
Indian Institute of Technology Kharagpur,"Architecture (5 Years, Bachelor of Architecture)",AI,ST,Gender-Neutral,1709,1709,1709,1709,1709
Indian Institute of Technology Kharagpur,"Architecture (5 Years, Bachelor of Architecture)",AI,ST,Female-only (including Supernumerary),1087P,1087P,1087P,1087P,1087P
Indian Institute of Technology Kharagpur,"Artificial Intelligence (4 Years, Bachelor of Technology)",AI,OPEN,Gender-Neutral,1026,1026,1026,1026,1043
Indian Institute of Technology Kharagpur,"Artificial Intelligence (4 Years, Bachelor of Technology)",AI,OPEN,Female-only (including Supernumerary),2844,2844,2844,2844,2844
Indian Institute of Technology Kharagpur,"Artificial Intelligence (4 Years, Bachelor of Technology)",AI,OPEN (PwD),Female-only (including Supernumerary),170,170,170,170,170
Indian Institute of Technology Kharagpur,"Artificial Intelligence (4 Years, Bachelor of Technology)",AI,EWS,Gender-Neutral,143,143,143,143,143
Indian Institute of Technology Kharagpur,"Artificial Intelligence (4 Years, Bachelor of Technology)",AI,EWS,Female-only (including Supernumerary),387,387,387,387,387
Indian Institute of Technology Kharagpur,"Artificial Intelligence (4 Years, Bachelor of Technology)",AI,OBC-NCL,Gender-Neutral,427,432,432,432,432
Indian Institute of Technology Kharagpur,"Artificial Intelligence (4 Years, Bachelor of Technology)",AI,OBC-NCL,Female-only (including Supernumerary),1036,1195,1195,1195,1195
Indian Institute of Technology Kharagpur,"Artificial Intelligence (4 Years, Bachelor of Technology)",AI,OBC-NCL (PwD),Gender-Neutral,32,32,32,32,32
Indian Institute of Technology Kharagpur,"Artificial Intelligence (4 Years, Bachelor of Technology)",AI,SC,Gender-Neutral,263,263,263,263,263
Indian Institute of Technology Kharagpur,"Artificial Intelligence (4 Years, Bachelor of Technology)",AI,SC,Female-only (including Supernumerary),645,645,645,645,645
Indian Institute of Technology Kharagpur,"Artificial Intelligence (4 Years, Bachelor of Technology)",AI,ST,Gender-Neutral,111,118,118,118,118
Indian Institute of Technology Kharagpur,"Artificial Intelligence (4 Years, Bachelor of Technology)",AI,ST,Female-only (including Supernumerary),254,263,263,263,263
Indian Institute of Technology Kharagpur,"Biomedical Engineering (4 Years, Bachelor of Technology)",AI,OPEN,Gender-Neutral,9150,9304,9304,9304,10089
Indian Institute of Technology Kharagpur,"Biomedical Engineering (4 Years, Bachelor of Technology)",AI,OPEN,Female-only (including Supernumerary),15309,15309,15309,15309,17087
Indian Institute of Technology Kharagpur,"Biomedical Engineering (4 Years, Bachelor of Technology)",AI,OPEN (PwD),Gender-Neutral,363P,363P,363P,363P,363P
Indian Institute of Technology Kharagpur,"Biomedical Engineering (4 Years, Bachelor of Technology)",AI,EWS,Gender-Neutral,1680,1720,1720,1720,1720
Indian Institute of Technology Kharagpur,"Biomedical Engineering (4 Years, Bachelor of Technology)",AI,EWS,Female-only (including Supernumerary),2695,2695,2695,2695,3350
Indian Institute of Technology Kharagpur,"Biomedical Engineering (4 Years, Bachelor of Technology)",AI,OBC-NCL,Gender-Neutral,4057,4171,4171,4171,4171
Indian Institute of Technology Kharagpur,"Biomedical Engineering (4 Years, Bachelor of Technology)",AI,OBC-NCL,Female-only (including Supernumerary),8122,8178,8178,8178,8178
Indian Institute of Technology Kharagpur,"Biomedical Engineering (4 Years, Bachelor of Technology)",AI,SC,Gender-Neutral,2392,2498,2498,2498,2498
Indian Institute of Technology Kharagpur,"Biomedical Engineering (4 Years, Bachelor of Technology)",AI,SC,Female-only (including Supernumerary),3880,4216,4216,4216,4216
Indian Institute of Technology Kharagpur,"Biomedical Engineering (4 Years, Bachelor of Technology)",AI,ST,Gender-Neutral,1197,1197,1197,1197,1372
Indian Institute of Technology Kharagpur,"Biotechnology and Biochemical Engineering (4 Years, Bachelor of Technology)",AI,OPEN,Gender-Neutral,9032,9296,9296,9296,10683
Indian Institute of Technology Kharagpur,"Biotechnology and Biochemical Engineering (4 Years, Bachelor of Technology)",AI,OPEN,Female-only (including Supernumerary),15982,16546,16815,16897,18417
Indian Institute of Technology Kharagpur,"Biotechnology and Biochemical Engineering (4 Years, Bachelor of Technology)",AI,OPEN (PwD),Gender-Neutral,285P,285P,285P,285P,285P
Indian Institute of Technology Kharagpur,"Biotechnology and Biochemical Engineering (4 Years, Bachelor of Technology)",AI,EWS,Gender-Neutral,1540,1565,1565,1565,1589
Indian Institute of Technology Kharagpur,"Biotechnology and Biochemical Engineering (4 Years, Bachelor of Technology)",AI,EWS,Female-only (including Supernumerary),2917,2917,2917,2917,2917
Indian Institute of Technology Kharagpur,"Biotechnology and Biochemical Engineering (4 Years, Bachelor of Technology)",AI,OBC-NCL,Gender-Neutral,3842,3859,3859,3859,3928
Indian Institute of Technology Kharagpur,"Biotechnology and Biochemical Engineering (4 Years, Bachelor of Technology)",AI,OBC-NCL,Female-only (including Supernumerary),7848,8159,8159,8333,8333
Indian Institute of Technology Kharagpur,"Biotechnology and Biochemical Engineering (4 Years, Bachelor of Technology)",AI,SC,Gender-Neutral,2251,2382,2382,2382,2385
Indian Institute of Technology Kharagpur,"Biotechnology and Biochemical Engineering (4 Years, Bachelor of Technology)",AI,SC,Female-only (including Supernumerary),3692,4008,4008,4008,4008
Indian Institute of Technology Kharagpur,"Biotechnology and Biochemical Engineering (4 Years, Bachelor of Technology)",AI,ST,Gender-Neutral,1201,1271,1271,1271,1271
Indian Institute of Technology Kharagpur,"Biotechnology and Biochemical Engineering (4 Years, Bachelor of Technology)",AI,ST,Female-only (including Supernumerary),1388,1388,1388,1388,1388
Indian Institute of Technology Kharagpur,"Chemical Engineering (4 Years, Bachelor of Technology)",AI,OPEN,Gender-Neutral,5426,5444,5450,5450,5803
Indian Institute of Technology Kharagpur,"Chemical Engineering (4 Years, Bachelor of Technology)",AI,OPEN,Female-only (including Supernumerary),11677,11677,11677,11677,11910
Indian Institute of Technology Kharagpur,"Chemical Engineering (4 Years, Bachelor of Technology)",AI,OPEN (PwD),Gender-Neutral,251P,365P,365P,365P,365P
Indian Institute of Technology Kharagpur,"Chemical Engineering (4 Years, Bachelor of Technology)",AI,EWS,Gender-Neutral,909,937,937,937,989
Indian Institute of Technology Kharagpur,"Chemical Engineering (4 Years, Bachelor of Technology)",AI,EWS,Female-only (including Supernumerary),2124,2124,2124,2124,2124
Indian Institute of Technology Kharagpur,"Chemical Engineering (4 Years, Bachelor of Technology)",AI,OBC-NCL,Gender-Neutral,2442,2470,2470,2470,2501
Indian Institute of Technology Kharagpur,"Chemical Engineering (4 Years, Bachelor of Technology)",AI,OBC-NCL,Female-only (including Supernumerary),5239,5239,5239,5452,5452
Indian Institute of Technology Kharagpur,"Chemical Engineering (4 Years, Bachelor of Technology)",AI,OBC-NCL (PwD),Gender-Neutral,208P,,,,
Indian Institute of Technology Kharagpur,"Chemical Engineering (4 Years, Bachelor of Technology)",AI,SC,Gender-Neutral,1432,1454,1454,1454,1498
Indian Institute of Technology Kharagpur,"Chemical Engineering (4 Years, Bachelor of Technology)",AI,SC,Female-only (including Supernumerary),2600,2600,2600,2600,2600
Indian Institute of Technology Kharagpur,"Chemical Engineering (4 Years, Bachelor of Technology)",AI,ST,Gender-Neutral,798,840,840,840,840
Indian Institute of Technology Kharagpur,"Chemical Engineering (4 Years, Bachelor of Technology)",AI,ST,Female-only (including Supernumerary),1268,1268,1268,1268,1268
Indian Institute of Technology Kharagpur,"Chemistry (4 Years, Bachelor of Science)",AI,OPEN,Gender-Neutral,13251,13251,13251,13392,14760
Indian Institute of Technology Kharagpur,"Chemistry (4 Years, Bachelor of Science)",AI,OPEN,Female-only (including Supernumerary),20951,21477,21477,21477,22088
Indian Institute of Technology Kharagpur,"Chemistry (4 Years, Bachelor of Science)",AI,EWS,Gender-Neutral,2111,2148,2148,2148,2305
Indian Institute of Technology Kharagpur,"Chemistry (4 Years, Bachelor of Science)",AI,EWS,Female-only (including Supernumerary),4076,4076,4076,4076,4335
Indian Institute of Technology Kharagpur,"Chemistry (4 Years, Bachelor of Science)",AI,OBC-NCL,Gender-Neutral,5504,5574,5586,5586,5798
Indian Institute of Technology Kharagpur,"Chemistry (4 Years, Bachelor of Science)",AI,OBC-NCL,Female-only (including Supernumerary),9623,9759,9759,9759,9932
Indian Institute of Technology Kharagpur,"Chemistry (4 Years, Bachelor of Science)",AI,SC,Gender-Neutral,3101,3155,3155,3155,3155
Indian Institute of Technology Kharagpur,"Chemistry (4 Years, Bachelor of Science)",AI,SC,Female-only (including Supernumerary),3835,3835,3835,3835,3835
Indian Institute of Technology Kharagpur,"Chemistry (4 Years, Bachelor of Science)",AI,ST,Gender-Neutral,1337,1481,1481,1481,1588
Indian Institute of Technology Kharagpur,"Chemistry (4 Years, Bachelor of Science)",AI,ST,Female-only (including Supernumerary),1901,2100,2100,2100,2100
Indian Institute of Technology Kharagpur,"Civil Engineering (4 Years, Bachelor of Technology)",AI,OPEN,Gender-Neutral,7874,7916,8049,8083,8816
Indian Institute of Technology Kharagpur,"Civil Engineering (4 Years, Bachelor of Technology)",AI,OPEN,Female-only (including Supernumerary),16473,16473,16473,16473,16843
Indian Institute of Technology Kharagpur,"Civil Engineering (4 Years, Bachelor of Technology)",AI,OPEN (PwD),Gender-Neutral,280P,280P,280P,280P,280P
Indian Institute of Technology Kharagpur,"Civil Engineering (4 Years, Bachelor of Technology)",AI,EWS,Gender-Neutral,1235,1278,1279,1279,1334
Indian Institute of Technology Kharagpur,"Civil Engineering (4 Years, Bachelor of Technology)",AI,EWS,Female-only (including Supernumerary),2745,2745,2745,2745,2746
Indian Institute of Technology Kharagpur,"Civil Engineering (4 Years, Bachelor of Technology)",AI,EWS (PwD),Gender-Neutral,79P,79P,79P,79P,
Indian Institute of Technology Kharagpur,"Civil Engineering (4 Years, Bachelor of Technology)",AI,OBC-NCL,Gender-Neutral,3102,3188,3197,3197,3271
Indian Institute of Technology Kharagpur,"Civil Engineering (4 Years, Bachelor of Technology)",AI,OBC-NCL,Female-only (including Supernumerary),6362,6931,6931,7201,7201
Indian Institute of Technology Kharagpur,"Civil Engineering (4 Years, Bachelor of Technology)",AI,OBC-NCL (PwD),Gender-Neutral,158P,210P,210P,210P,210P
Indian Institute of Technology Kharagpur,"Civil Engineering (4 Years, Bachelor of Technology)",AI,SC,Gender-Neutral,1802,1829,1829,1829,1878
Indian Institute of Technology Kharagpur,"Civil Engineering (4 Years, Bachelor of Technology)",AI,SC,Female-only (including Supernumerary),2637,2996,2996,2996,3148
Indian Institute of Technology Kharagpur,"Civil Engineering (4 Years, Bachelor of Technology)",AI,ST,Gender-Neutral,648,661,661,661,661
Indian Institute of Technology Kharagpur,"Civil Engineering (4 Years, Bachelor of Technology)",AI,ST,Female-only (including Supernumerary),801,801,801,801,801
Indian Institute of Technology Kharagpur,"Computer Science and Engineering (4 Years, Bachelor of Technology)",AI,OPEN,Gender-Neutral,509,509,509,509,509
Indian Institute of Technology Kharagpur,"Computer Science and Engineering (4 Years, Bachelor of Technology)",AI,OPEN,Female-only (including Supernumerary),1906,1906,1906,1906,1906
Indian Institute of Technology Kharagpur,"Computer Science and Engineering (4 Years, Bachelor of Technology)",AI,OPEN (PwD),Gender-Neutral,32,32,32,32,32
Indian Institute of Technology Kharagpur,"Computer Science and Engineering (4 Years, Bachelor of Technology)",AI,OPEN (PwD),Female-only (including Supernumerary),109,109,109,109,109
Indian Institute of Technology Kharagpur,"Computer Science and Engineering (4 Years, Bachelor of Technology)",AI,EWS,Gender-Neutral,74,74,74,74,74
Indian Institute of Technology Kharagpur,"Computer Science and Engineering (4 Years, Bachelor of Technology)",AI,EWS,Female-only (including Supernumerary),308,308,308,308,308
Indian Institute of Technology Kharagpur,"Computer Science and Engineering (4 Years, Bachelor of Technology)",AI,EWS (PwD),Gender-Neutral,9,10,10,10,10
Indian Institute of Technology Kharagpur,"Computer Science and Engineering (4 Years, Bachelor of Technology)",AI,OBC-NCL,Gender-Neutral,241,258,258,258,258
Indian Institute of Technology Kharagpur,"Computer Science and Engineering (4 Years, Bachelor of Technology)",AI,OBC-NCL,Female-only (including Supernumerary),733,733,733,733,733
Indian Institute of Technology Kharagpur,"Computer Science and Engineering (4 Years, Bachelor of Technology)",AI,OBC-NCL (PwD),Gender-Neutral,12,12,12,12,12
Indian Institute of Technology Kharagpur,"Computer Science and Engineering (4 Years, Bachelor of Technology)",AI,SC,Gender-Neutral,141,143,143,143,146
Indian Institute of Technology Kharagpur,"Computer Science and Engineering (4 Years, Bachelor of Technology)",AI,SC,Female-only (including Supernumerary),413,448,448,448,448
Indian Institute of Technology Kharagpur,"Computer Science and Engineering (4 Years, Bachelor of Technology)",AI,SC (PwD),Gender-Neutral,7,7,7,7,7
Indian Institute of Technology Kharagpur,"Computer Science and Engineering (4 Years, Bachelor of Technology)",AI,ST,Gender-Neutral,73,73,73,73,73
Indian Institute of Technology Kharagpur,"Computer Science and Engineering (4 Years, Bachelor of Technology)",AI,ST,Female-only (including Supernumerary),91,91,91,91,91
Indian Institute of Technology Kharagpur,"Computer Science and Engineering (4 Years, Bachelor of Technology)",AI,ST (PwD),Gender-Neutral,3,3,3,3,3
Indian Institute of Technology Kharagpur,"Economics (4 Years, Bachelor of Science)",AI,OPEN,Gender-Neutral,5957,5957,5957,5978,6450
Indian Institute of Technology Kharagpur,"Economics (4 Years, Bachelor of Science)",AI,OPEN,Female-only (including Supernumerary),12370,13559,13559,13559,13559
Indian Institute of Technology Kharagpur,"Economics (4 Years, Bachelor of Science)",AI,EWS,Gender-Neutral,961,961,961,961,1004
Indian Institute of Technology Kharagpur,"Economics (4 Years, Bachelor of Science)",AI,EWS,Female-only (including Supernumerary),2422,2422,2422,2422,2422
Indian Institute of Technology Kharagpur,"Economics (4 Years, Bachelor of Science)",AI,OBC-NCL,Gender-Neutral,3207,3207,3207,3207,3213
Indian Institute of Technology Kharagpur,"Economics (4 Years, Bachelor of Science)",AI,OBC-NCL,Female-only (including Supernumerary),6106,6698,6698,6698,6698
Indian Institute of Technology Kharagpur,"Economics (4 Years, Bachelor of Science)",AI,SC,Gender-Neutral,2119,2119,2119,2119,2119
Indian Institute of Technology Kharagpur,"Economics (4 Years, Bachelor of Science)",AI,SC,Female-only (including Supernumerary),3138,3346,3346,3346,3346
Indian Institute of Technology Kharagpur,"Economics (4 Years, Bachelor of Science)",AI,ST,Gender-Neutral,1077,1077,1077,1077,1077
Indian Institute of Technology Kharagpur,"Economics (4 Years, Bachelor of Science)",AI,ST,Female-only (including Supernumerary),1424,1424,1424,1424,1424
Indian Institute of Technology Kharagpur,"Electrical Engineering (4 Years, Bachelor of Technology)",AI,OPEN,Gender-Neutral,2106,2121,2121,2158,2190
Indian Institute of Technology Kharagpur,"Electrical Engineering (4 Years, Bachelor of Technology)",AI,OPEN,Female-only (including Supernumerary),5230,5230,5230,5230,5181
Indian Institute of Technology Kharagpur,"Electrical Engineering (4 Years, Bachelor of Technology)",AI,OPEN (PwD),Gender-Neutral,165,165,165,165,165
Indian Institute of Technology Kharagpur,"Electrical Engineering (4 Years, Bachelor of Technology)",AI,EWS,Gender-Neutral,334,350,350,350,350
Indian Institute of Technology Kharagpur,"Electrical Engineering (4 Years, Bachelor of Technology)",AI,EWS,Female-only (including Supernumerary),1049,1049,1049,1049,1340
Indian Institute of Technology Kharagpur,"Electrical Engineering (4 Years, Bachelor of Technology)",AI,EWS (PwD),Gender-Neutral,30,14P,14P,14P,14P
Indian Institute of Technology Kharagpur,"Electrical Engineering (4 Years, Bachelor of Technology)",AI,OBC-NCL,Gender-Neutral,941,946,946,946,946
Indian Institute of Technology Kharagpur,"Electrical Engineering (4 Years, Bachelor of Technology)",AI,OBC-NCL,Female-only (including Supernumerary),2326,2378,2378,2378,2378
Indian Institute of Technology Kharagpur,"Electrical Engineering (4 Years, Bachelor of Technology)",AI,OBC-NCL (PwD),Gender-Neutral,78,78,78,78,78
Indian Institute of Technology Kharagpur,"Electrical Engineering (4 Years, Bachelor of Technology)",AI,SC,Gender-Neutral,572,593,593,593,623
Indian Institute of Technology Kharagpur,"Electrical Engineering (4 Years, Bachelor of Technology)",AI,SC,Female-only (including Supernumerary),1097,1147,1147,1147,1147
Indian Institute of Technology Kharagpur,"Electrical Engineering (4 Years, Bachelor of Technology)",AI,ST,Gender-Neutral,259,293,293,293,293
Indian Institute of Technology Kharagpur,"Electrical Engineering (4 Years, Bachelor of Technology)",AI,ST,Female-only (including Supernumerary),427,427,427,427,427
Indian Institute of Technology Kharagpur,"Electronics and Electrical Communication Engineering (4 Years, Bachelor of Technology)",AI,OPEN,Gender-Neutral,1625,1625,1631,1635,1660
Indian Institute of Technology Kharagpur,"Electronics and Electrical Communication Engineering (4 Years, Bachelor of Technology)",AI,OPEN,Female-only (including Supernumerary),4357,4357,4357,4357,4462
Indian Institute of Technology Kharagpur,"Electronics and Electrical Communication Engineering (4 Years, Bachelor of Technology)",AI,OPEN (PwD),Gender-Neutral,84,84,84,84,84
Indian Institute of Technology Kharagpur,"Electronics and Electrical Communication Engineering (4 Years, Bachelor of Technology)",AI,OPEN (PwD),Female-only (including Supernumerary),279,279,279,279,279
Indian Institute of Technology Kharagpur,"Electronics and Electrical Communication Engineering (4 Years, Bachelor of Technology)",AI,EWS,Gender-Neutral,261,264,264,264,266
Indian Institute of Technology Kharagpur,"Electronics and Electrical Communication Engineering (4 Years, Bachelor of Technology)",AI,EWS,Female-only (including Supernumerary),926,926,926,926,926
Indian Institute of Technology Kharagpur,"Electronics and Electrical Communication Engineering (4 Years, Bachelor of Technology)",AI,EWS (PwD),Gender-Neutral,34,34,34,34,34
Indian Institute of Technology Kharagpur,"Electronics and Electrical Communication Engineering (4 Years, Bachelor of Technology)",AI,OBC-NCL,Gender-Neutral,703,713,713,713,735
Indian Institute of Technology Kharagpur,"Electronics and Electrical Communication Engineering (4 Years, Bachelor of Technology)",AI,OBC-NCL,Female-only (including Supernumerary),1894,1894,1894,1894,1894
Indian Institute of Technology Kharagpur,"Electronics and Electrical Communication Engineering (4 Years, Bachelor of Technology)",AI,OBC-NCL (PwD),Gender-Neutral,65,70,70,70,70
Indian Institute of Technology Kharagpur,"Electronics and Electrical Communication Engineering (4 Years, Bachelor of Technology)",AI,SC,Gender-Neutral,401,403,403,403,417
Indian Institute of Technology Kharagpur,"Electronics and Electrical Communication Engineering (4 Years, Bachelor of Technology)",AI,SC,Female-only (including Supernumerary),927,927,927,927,927
Indian Institute of Technology Kharagpur,"Electronics and Electrical Communication Engineering (4 Years, Bachelor of Technology)",AI,ST,Gender-Neutral,223,232,232,232,232
Indian Institute of Technology Kharagpur,"Electronics and Electrical Communication Engineering (4 Years, Bachelor of Technology)",AI,ST,Female-only (including Supernumerary),348,348,348,348,348
Indian Institute of Technology Kharagpur,"Exploration Geophysics (4 Years, Bachelor of Science)",AI,OPEN,Gender-Neutral,12646,13344,13344,13344,14923
Indian Institute of Technology Kharagpur,"Exploration Geophysics (4 Years, Bachelor of Science)",AI,OPEN,Female-only (including Supernumerary),21709,21709,21709,21709,24145
Indian Institute of Technology Kharagpur,"Exploration Geophysics (4 Years, Bachelor of Science)",AI,EWS,Gender-Neutral,1989,1989,1989,1989,2348
Indian Institute of Technology Kharagpur,"Exploration Geophysics (4 Years, Bachelor of Science)",AI,EWS,Female-only (including Supernumerary),4026,4026,4026,4026,4295
Indian Institute of Technology Kharagpur,"Exploration Geophysics (4 Years, Bachelor of Science)",AI,OBC-NCL,Gender-Neutral,5210,5219,5220,5220,5548
Indian Institute of Technology Kharagpur,"Exploration Geophysics (4 Years, Bachelor of Science)",AI,OBC-NCL,Female-only (including Supernumerary),9096,9096,9096,9096,10212
Indian Institute of Technology Kharagpur,"Exploration Geophysics (4 Years, Bachelor of Science)",AI,SC,Gender-Neutral,3002,3123,3123,3123,3123
Indian Institute of Technology Kharagpur,"Exploration Geophysics (4 Years, Bachelor of Science)",AI,SC,Female-only (including Supernumerary),4351,4351,4351,4351,4351
Indian Institute of Technology Kharagpur,"Exploration Geophysics (4 Years, Bachelor of Science)",AI,ST,Gender-Neutral,1481,1599,1599,1599,1599
Indian Institute of Technology Kharagpur,"Exploration Geophysics (4 Years, Bachelor of Science)",AI,ST,Female-only (including Supernumerary),2001,2064,2064,2064,2064
Indian Institute of Technology Kharagpur,"Industrial and Systems Engineering (4 Years, Bachelor of Technology)",AI,OPEN,Gender-Neutral,4454,4454,4454,4535,4699
Indian Institute of Technology Kharagpur,"Industrial and Systems Engineering (4 Years, Bachelor of Technology)",AI,OPEN,Female-only (including Supernumerary),10031,10031,10031,10031,10078
Indian Institute of Technology Kharagpur,"Industrial and Systems Engineering (4 Years, Bachelor of Technology)",AI,OPEN (PwD),Gender-Neutral,224P,224P,224P,224P,224P
Indian Institute of Technology Kharagpur,"Industrial and Systems Engineering (4 Years, Bachelor of Technology)",AI,EWS,Gender-Neutral,779,782,782,782,848
Indian Institute of Technology Kharagpur,"Industrial and Systems Engineering (4 Years, Bachelor of Technology)",AI,EWS,Female-only (including Supernumerary),2014,2014,2014,2014,2014
Indian Institute of Technology Kharagpur,"Industrial and Systems Engineering (4 Years, Bachelor of Technology)",AI,OBC-NCL,Gender-Neutral,2268,2278,2278,2278,2278
Indian Institute of Technology Kharagpur,"Industrial and Systems Engineering (4 Years, Bachelor of Technology)",AI,OBC-NCL,Female-only (including Supernumerary),3772,3996,3996,3996,3996
Indian Institute of Technology Kharagpur,"Industrial and Systems Engineering (4 Years, Bachelor of Technology)",AI,SC,Gender-Neutral,1280,1281,1281,1281,1281
Indian Institute of Technology Kharagpur,"Industrial and Systems Engineering (4 Years, Bachelor of Technology)",AI,SC,Female-only (including Supernumerary),1520,1520,1520,1520,1520
Indian Institute of Technology Kharagpur,"Industrial and Systems Engineering (4 Years, Bachelor of Technology)",AI,ST,Gender-Neutral,775,775,775,775,775
Indian Institute of Technology Kharagpur,"Industrial and Systems Engineering (4 Years, Bachelor of Technology)",AI,ST,Female-only (including Supernumerary),923,923,923,923,923
Indian Institute of Technology Kharagpur,"Instrumentation Engineering (4 Years, Bachelor of Technology)",AI,OPEN,Gender-Neutral,2534,2534,2534,2534,2600
Indian Institute of Technology Kharagpur,"Instrumentation Engineering (4 Years, Bachelor of Technology)",AI,OPEN,Female-only (including Supernumerary),6257,6257,6257,6257,6257
Indian Institute of Technology Kharagpur,"Instrumentation Engineering (4 Years, Bachelor of Technology)",AI,OPEN (PwD),Gender-Neutral,287,287,287,287,287
Indian Institute of Technology Kharagpur,"Instrumentation Engineering (4 Years, Bachelor of Technology)",AI,EWS,Gender-Neutral,443,443,443,443,443
Indian Institute of Technology Kharagpur,"Instrumentation Engineering (4 Years, Bachelor of Technology)",AI,EWS,Female-only (including Supernumerary),1793,1793,1793,1793,1793
Indian Institute of Technology Kharagpur,"Instrumentation Engineering (4 Years, Bachelor of Technology)",AI,OBC-NCL,Gender-Neutral,1259,1276,1276,1276,1348
Indian Institute of Technology Kharagpur,"Instrumentation Engineering (4 Years, Bachelor of Technology)",AI,OBC-NCL,Female-only (including Supernumerary),3069,3069,3069,3069,3069
Indian Institute of Technology Kharagpur,"Instrumentation Engineering (4 Years, Bachelor of Technology)",AI,OBC-NCL (PwD),Gender-Neutral,139P,139P,139P,139P,139P
Indian Institute of Technology Kharagpur,"Instrumentation Engineering (4 Years, Bachelor of Technology)",AI,SC,Gender-Neutral,994,994,994,994,994
Indian Institute of Technology Kharagpur,"Instrumentation Engineering (4 Years, Bachelor of Technology)",AI,SC,Female-only (including Supernumerary),1340,1340,1340,1340,1340
Indian Institute of Technology Kharagpur,"Instrumentation Engineering (4 Years, Bachelor of Technology)",AI,ST,Gender-Neutral,637,637,637,637,637
Indian Institute of Technology Kharagpur,"Instrumentation Engineering (4 Years, Bachelor of Technology)",AI,ST,Female-only (including Supernumerary),651,651,651,651,651
Indian Institute of Technology Kharagpur,"Manufacturing Science and Engineering (4 Years, Bachelor of Technology)",AI,OPEN,Gender-Neutral,6394,6438,6438,6450,6984
Indian Institute of Technology Kharagpur,"Manufacturing Science and Engineering (4 Years, Bachelor of Technology)",AI,OPEN,Female-only (including Supernumerary),13361,13361,13361,13361,14895
Indian Institute of Technology Kharagpur,"Manufacturing Science and Engineering (4 Years, Bachelor of Technology)",AI,OPEN (PwD),Gender-Neutral,106P,106P,106P,106P,106P
Indian Institute of Technology Kharagpur,"Manufacturing Science and Engineering (4 Years, Bachelor of Technology)",AI,EWS,Gender-Neutral,1207,1250,1250,1250,1327
Indian Institute of Technology Kharagpur,"Manufacturing Science and Engineering (4 Years, Bachelor of Technology)",AI,EWS,Female-only (including Supernumerary),2446,2446,2446,2446,2446
Indian Institute of Technology Kharagpur,"Manufacturing Science and Engineering (4 Years, Bachelor of Technology)",AI,OBC-NCL,Gender-Neutral,3173,3208,3226,3226,3361
Indian Institute of Technology Kharagpur,"Manufacturing Science and Engineering (4 Years, Bachelor of Technology)",AI,OBC-NCL,Female-only (including Supernumerary),6250,6250,6250,6250,6250
Indian Institute of Technology Kharagpur,"Manufacturing Science and Engineering (4 Years, Bachelor of Technology)",AI,SC,Gender-Neutral,1942,2015,2015,2015,2015
Indian Institute of Technology Kharagpur,"Manufacturing Science and Engineering (4 Years, Bachelor of Technology)",AI,SC,Female-only (including Supernumerary),2829,2829,2829,2829,2996
Indian Institute of Technology Kharagpur,"Manufacturing Science and Engineering (4 Years, Bachelor of Technology)",AI,ST,Gender-Neutral,1160,1160,1160,1160,1160
Indian Institute of Technology Kharagpur,"Manufacturing Science and Engineering (4 Years, Bachelor of Technology)",AI,ST,Female-only (including Supernumerary),1395,1724,1724,1724,1724
Indian Institute of Technology Kharagpur,"Mathematics and Computing (4 Years, Bachelor of Science)",AI,OPEN,Gender-Neutral,1407,1407,1407,1409,1428
Indian Institute of Technology Kharagpur,"Mathematics and Computing (4 Years, Bachelor of Science)",AI,OPEN,Female-only (including Supernumerary),4199,4199,4199,4199,4199
Indian Institute of Technology Kharagpur,"Mathematics and Computing (4 Years, Bachelor of Science)",AI,OPEN (PwD),Gender-Neutral,117,117,117,117,117
Indian Institute of Technology Kharagpur,"Mathematics and Computing (4 Years, Bachelor of Science)",AI,EWS,Gender-Neutral,221,221,221,221,221
Indian Institute of Technology Kharagpur,"Mathematics and Computing (4 Years, Bachelor of Science)",AI,EWS,Female-only (including Supernumerary),774,774,774,774,774
Indian Institute of Technology Kharagpur,"Mathematics and Computing (4 Years, Bachelor of Science)",AI,OBC-NCL,Gender-Neutral,709,709,709,709,709
Indian Institute of Technology Kharagpur,"Mathematics and Computing (4 Years, Bachelor of Science)",AI,OBC-NCL,Female-only (including Supernumerary),2186,2269,2269,2269,2269
Indian Institute of Technology Kharagpur,"Mathematics and Computing (4 Years, Bachelor of Science)",AI,OBC-NCL (PwD),Gender-Neutral,59,59,59,59,129
Indian Institute of Technology Kharagpur,"Mathematics and Computing (4 Years, Bachelor of Science)",AI,SC,Gender-Neutral,492,492,492,492,492
Indian Institute of Technology Kharagpur,"Mathematics and Computing (4 Years, Bachelor of Science)",AI,SC,Female-only (including Supernumerary),1194,1194,1194,1194,1194
Indian Institute of Technology Kharagpur,"Mathematics and Computing (4 Years, Bachelor of Science)",AI,ST,Gender-Neutral,245,245,245,245,245
Indian Institute of Technology Kharagpur,"Mathematics and Computing (4 Years, Bachelor of Science)",AI,ST,Female-only (including Supernumerary),358,358,358,358,358
Indian Institute of Technology Kharagpur,"Mechanical Engineering (4 Years, Bachelor of Technology)",AI,OPEN,Gender-Neutral,4182,4189,4189,4214,4588
Indian Institute of Technology Kharagpur,"Mechanical Engineering (4 Years, Bachelor of Technology)",AI,OPEN,Female-only (including Supernumerary),10517,10875,10875,10875,10951
Indian Institute of Technology Kharagpur,"Mechanical Engineering (4 Years, Bachelor of Technology)",AI,OPEN (PwD),Gender-Neutral,277,297,297,297,297
Indian Institute of Technology Kharagpur,"Mechanical Engineering (4 Years, Bachelor of Technology)",AI,EWS,Gender-Neutral,733,733,733,733,733
Indian Institute of Technology Kharagpur,"Mechanical Engineering (4 Years, Bachelor of Technology)",AI,EWS,Female-only (including Supernumerary),1664,1664,1664,1664,1664
Indian Institute of Technology Kharagpur,"Mechanical Engineering (4 Years, Bachelor of Technology)",AI,EWS (PwD),Gender-Neutral,87P,87P,87P,87P,87P
Indian Institute of Technology Kharagpur,"Mechanical Engineering (4 Years, Bachelor of Technology)",AI,OBC-NCL,Gender-Neutral,1840,1867,1867,1867,1875
Indian Institute of Technology Kharagpur,"Mechanical Engineering (4 Years, Bachelor of Technology)",AI,OBC-NCL,Female-only (including Supernumerary),4647,4695,4695,4695,4695
Indian Institute of Technology Kharagpur,"Mechanical Engineering (4 Years, Bachelor of Technology)",AI,OBC-NCL (PwD),Gender-Neutral,123,128P,128P,128P,128P
Indian Institute of Technology Kharagpur,"Mechanical Engineering (4 Years, Bachelor of Technology)",AI,SC,Gender-Neutral,1037,1052,1052,1052,1052
Indian Institute of Technology Kharagpur,"Mechanical Engineering (4 Years, Bachelor of Technology)",AI,SC,Female-only (including Supernumerary),2324,2624,2624,2624,2624
Indian Institute of Technology Kharagpur,"Mechanical Engineering (4 Years, Bachelor of Technology)",AI,ST,Gender-Neutral,567,595,595,595,595
Indian Institute of Technology Kharagpur,"Mechanical Engineering (4 Years, Bachelor of Technology)",AI,ST,Female-only (including Supernumerary),1145,1159,1159,1159,1159
Indian Institute of Technology Kharagpur,"Metallurgical and Materials Engineering (4 Years, Bachelor of Technology)",AI,OPEN,Gender-Neutral,7260,7260,7285,7366,8502
Indian Institute of Technology Kharagpur,"Metallurgical and Materials Engineering (4 Years, Bachelor of Technology)",AI,OPEN,Female-only (including Supernumerary),13600,13600,13600,13600,14925
Indian Institute of Technology Kharagpur,"Metallurgical and Materials Engineering (4 Years, Bachelor of Technology)",AI,OPEN (PwD),Gender-Neutral,518P,518P,518P,518P,518P
Indian Institute of Technology Kharagpur,"Metallurgical and Materials Engineering (4 Years, Bachelor of Technology)",AI,EWS,Gender-Neutral,1330,1347,1347,1347,1455
Indian Institute of Technology Kharagpur,"Metallurgical and Materials Engineering (4 Years, Bachelor of Technology)",AI,EWS,Female-only (including Supernumerary),2758,2758,2758,2758,2758
Indian Institute of Technology Kharagpur,"Metallurgical and Materials Engineering (4 Years, Bachelor of Technology)",AI,OBC-NCL,Gender-Neutral,3316,3419,3419,3419,3584
Indian Institute of Technology Kharagpur,"Metallurgical and Materials Engineering (4 Years, Bachelor of Technology)",AI,OBC-NCL,Female-only (including Supernumerary),7178,7201,7201,7379,7677
Indian Institute of Technology Kharagpur,"Metallurgical and Materials Engineering (4 Years, Bachelor of Technology)",AI,SC,Gender-Neutral,2015,2083,2083,2083,2086
Indian Institute of Technology Kharagpur,"Metallurgical and Materials Engineering (4 Years, Bachelor of Technology)",AI,SC,Female-only (including Supernumerary),3065,3148,3148,3148,3359
Indian Institute of Technology Kharagpur,"Metallurgical and Materials Engineering (4 Years, Bachelor of Technology)",AI,ST,Gender-Neutral,1031,1117,1117,1117,1117
Indian Institute of Technology Kharagpur,"Metallurgical and Materials Engineering (4 Years, Bachelor of Technology)",AI,ST,Female-only (including Supernumerary),1305,1329,1329,1329,1560
Indian Institute of Technology Kharagpur,"Mining Engineering (4 Years, Bachelor of Technology)",AI,OPEN,Gender-Neutral,10737,10825,10825,10839,11962
Indian Institute of Technology Kharagpur,"Mining Engineering (4 Years, Bachelor of Technology)",AI,OPEN,Female-only (including Supernumerary),20713,20713,20713,21256,21709
Indian Institute of Technology Kharagpur,"Mining Engineering (4 Years, Bachelor of Technology)",AI,EWS,Gender-Neutral,1597,1642,1642,1642,1719
Indian Institute of Technology Kharagpur,"Mining Engineering (4 Years, Bachelor of Technology)",AI,EWS,Female-only (including Supernumerary),3302,3318,3318,3318,3318
Indian Institute of Technology Kharagpur,"Mining Engineering (4 Years, Bachelor of Technology)",AI,OBC-NCL,Gender-Neutral,3881,4018,4018,4018,4047
Indian Institute of Technology Kharagpur,"Mining Engineering (4 Years, Bachelor of Technology)",AI,OBC-NCL,Female-only (including Supernumerary),8835,9073,9073,9073,9073
Indian Institute of Technology Kharagpur,"Mining Engineering (4 Years, Bachelor of Technology)",AI,SC,Gender-Neutral,2301,2312,2312,2312,2338
Indian Institute of Technology Kharagpur,"Mining Engineering (4 Years, Bachelor of Technology)",AI,SC,Female-only (including Supernumerary),4048,4149,4149,4149,4149
Indian Institute of Technology Kharagpur,"Mining Engineering (4 Years, Bachelor of Technology)",AI,ST,Gender-Neutral,1243,1252,1252,1252,1275
Indian Institute of Technology Kharagpur,"Mining Engineering (4 Years, Bachelor of Technology)",AI,ST,Female-only (including Supernumerary),1744,1744,1744,1744,1851
Indian Institute of Technology Kharagpur,"Ocean Engineering and Naval Architecture (4 Years, Bachelor of Technology)",AI,OPEN,Gender-Neutral,10197,10197,10262,10488,11219
Indian Institute of Technology Kharagpur,"Ocean Engineering and Naval Architecture (4 Years, Bachelor of Technology)",AI,OPEN,Female-only (including Supernumerary),18189,18189,18189,18409,20000
Indian Institute of Technology Kharagpur,"Ocean Engineering and Naval Architecture (4 Years, Bachelor of Technology)",AI,OPEN (PwD),Gender-Neutral,506P,506P,506P,506P,506P
Indian Institute of Technology Kharagpur,"Ocean Engineering and Naval Architecture (4 Years, Bachelor of Technology)",AI,EWS,Gender-Neutral,1648,1691,1691,1691,1867
Indian Institute of Technology Kharagpur,"Ocean Engineering and Naval Architecture (4 Years, Bachelor of Technology)",AI,EWS,Female-only (including Supernumerary),3208,3208,3208,3208,3302
Indian Institute of Technology Kharagpur,"Ocean Engineering and Naval Architecture (4 Years, Bachelor of Technology)",AI,OBC-NCL,Gender-Neutral,4018,4130,4130,4130,4173
Indian Institute of Technology Kharagpur,"Ocean Engineering and Naval Architecture (4 Years, Bachelor of Technology)",AI,OBC-NCL,Female-only (including Supernumerary),7697,8092,8092,8100,8100
Indian Institute of Technology Kharagpur,"Ocean Engineering and Naval Architecture (4 Years, Bachelor of Technology)",AI,SC,Gender-Neutral,2489,2563,2563,2563,2572
Indian Institute of Technology Kharagpur,"Ocean Engineering and Naval Architecture (4 Years, Bachelor of Technology)",AI,SC,Female-only (including Supernumerary),3417,4129,4129,4129,4129
Indian Institute of Technology Kharagpur,"Ocean Engineering and Naval Architecture (4 Years, Bachelor of Technology)",AI,ST,Gender-Neutral,1208,1208,1208,1208,1208
Indian Institute of Technology Kharagpur,"Ocean Engineering and Naval Architecture (4 Years, Bachelor of Technology)",AI,ST,Female-only (including Supernumerary),1401,1401,1401,1401,1401
Indian Institute of Technology Kharagpur,"Physics (4 Years, Bachelor of Science)",AI,OPEN,Gender-Neutral,7796,7819,7819,7819,9572
Indian Institute of Technology Kharagpur,"Physics (4 Years, Bachelor of Science)",AI,OPEN,Female-only (including Supernumerary),15401,15401,15401,15401,16544
Indian Institute of Technology Kharagpur,"Physics (4 Years, Bachelor of Science)",AI,OPEN (PwD),Gender-Neutral,207,,,,
Indian Institute of Technology Kharagpur,"Physics (4 Years, Bachelor of Science)",AI,EWS,Gender-Neutral,1635,1635,1635,1635,1759
Indian Institute of Technology Kharagpur,"Physics (4 Years, Bachelor of Science)",AI,EWS,Female-only (including Supernumerary),3790,3790,3790,3790,4076
Indian Institute of Technology Kharagpur,"Physics (4 Years, Bachelor of Science)",AI,OBC-NCL,Gender-Neutral,4755,4938,4938,4938,5182
Indian Institute of Technology Kharagpur,"Physics (4 Years, Bachelor of Science)",AI,OBC-NCL,Female-only (including Supernumerary),8631,8631,8631,8631,9702
Indian Institute of Technology Kharagpur,"Physics (4 Years, Bachelor of Science)",AI,SC,Gender-Neutral,2944,2979,2979,2979,2984
Indian Institute of Technology Kharagpur,"Physics (4 Years, Bachelor of Science)",AI,SC,Female-only (including Supernumerary),4079,4079,4079,4079,4079
Indian Institute of Technology Kharagpur,"Physics (4 Years, Bachelor of Science)",AI,ST,Gender-Neutral,1430,1515,1515,1515,1515
Indian Institute of Technology Kharagpur,"Physics (4 Years, Bachelor of Science)",AI,ST,Female-only (including Supernumerary),1872,1872,1872,1872,1872
Indian Institute of Technology Hyderabad,"Artificial Intelligence (4 Years, Bachelor of Technology)",AI,OPEN,Gender-Neutral,906,917,917,917,917
Indian Institute of Technology Hyderabad,"Artificial Intelligence (4 Years, Bachelor of Technology)",AI,OPEN,Female-only (including Supernumerary),2558,2558,2564,2564,2564
Indian Institute of Technology Hyderabad,"Artificial Intelligence (4 Years, Bachelor of Technology)",AI,OPEN (PwD),Gender-Neutral,49,37,37,37,37
Indian Institute of Technology Hyderabad,"Artificial Intelligence (4 Years, Bachelor of Technology)",AI,EWS,Gender-Neutral,122,122,125,125,125
Indian Institute of Technology Hyderabad,"Artificial Intelligence (4 Years, Bachelor of Technology)",AI,EWS (PwD),Female-only (including Supernumerary),23,23,23,23,23
Indian Institute of Technology Hyderabad,"Artificial Intelligence (4 Years, Bachelor of Technology)",AI,OBC-NCL,Gender-Neutral,368,405,405,405,405
Indian Institute of Technology Hyderabad,"Artificial Intelligence (4 Years, Bachelor of Technology)",AI,OBC-NCL,Female-only (including Supernumerary),898,898,898,898,898
Indian Institute of Technology Hyderabad,"Artificial Intelligence (4 Years, Bachelor of Technology)",AI,SC,Gender-Neutral,212,212,212,212,212
Indian Institute of Technology Hyderabad,"Artificial Intelligence (4 Years, Bachelor of Technology)",AI,SC,Female-only (including Supernumerary),456,456,456,456,456
Indian Institute of Technology Hyderabad,"Artificial Intelligence (4 Years, Bachelor of Technology)",AI,SC (PwD),Gender-Neutral,3P,3P,3P,3P,3P
Indian Institute of Technology Hyderabad,"Artificial Intelligence (4 Years, Bachelor of Technology)",AI,ST,Gender-Neutral,92,92,92,92,92
Indian Institute of Technology Hyderabad,"Artificial Intelligence (4 Years, Bachelor of Technology)",AI,ST,Female-only (including Supernumerary),183,183,183,183,183
Indian Institute of Technology Hyderabad,"Biomedical Engineering (4 Years, Bachelor of Technology)",AI,OPEN,Gender-Neutral,8443,8457,8457,8457,8475
Indian Institute of Technology Hyderabad,"Biomedical Engineering (4 Years, Bachelor of Technology)",AI,OPEN,Female-only (including Supernumerary),14405,14405,14405,14405,15213
Indian Institute of Technology Hyderabad,"Biomedical Engineering (4 Years, Bachelor of Technology)",AI,OPEN (PwD),Gender-Neutral,400P,400P,400P,400P,400P
Indian Institute of Technology Hyderabad,"Biomedical Engineering (4 Years, Bachelor of Technology)",AI,EWS,Gender-Neutral,1467,1467,1467,1467,1467
Indian Institute of Technology Hyderabad,"Biomedical Engineering (4 Years, Bachelor of Technology)",AI,EWS,Female-only (including Supernumerary),2646,2646,2646,2646,2646
Indian Institute of Technology Hyderabad,"Biomedical Engineering (4 Years, Bachelor of Technology)",AI,OBC-NCL,Gender-Neutral,3706,3810,3810,3810,3839
Indian Institute of Technology Hyderabad,"Biomedical Engineering (4 Years, Bachelor of Technology)",AI,OBC-NCL,Female-only (including Supernumerary),6943,7237,7237,7237,7237
Indian Institute of Technology Hyderabad,"Biomedical Engineering (4 Years, Bachelor of Technology)",AI,SC,Gender-Neutral,2165,2165,2165,2165,2261
Indian Institute of Technology Hyderabad,"Biomedical Engineering (4 Years, Bachelor of Technology)",AI,SC,Female-only (including Supernumerary),3036,3036,3036,3036,3511
Indian Institute of Technology Hyderabad,"Biomedical Engineering (4 Years, Bachelor of Technology)",AI,ST,Gender-Neutral,1056,1056,1056,1056,1056
Indian Institute of Technology Hyderabad,"Biotechnology and Bioinformatics (4 Years, Bachelor of Technology)",AI,OPEN,Gender-Neutral,8496,8675,8675,8675,9123
Indian Institute of Technology Hyderabad,"Biotechnology and Bioinformatics (4 Years, Bachelor of Technology)",AI,OPEN,Female-only (including Supernumerary),12418,12418,12418,12418,14616
Indian Institute of Technology Hyderabad,"Biotechnology and Bioinformatics (4 Years, Bachelor of Technology)",AI,EWS,Gender-Neutral,1304,1304,1304,1304,1491
Indian Institute of Technology Hyderabad,"Biotechnology and Bioinformatics (4 Years, Bachelor of Technology)",AI,EWS,Female-only (including Supernumerary),2523,2523,2523,2523,2523
Indian Institute of Technology Hyderabad,"Biotechnology and Bioinformatics (4 Years, Bachelor of Technology)",AI,OBC-NCL,Gender-Neutral,3612,3627,3627,3627,3644
Indian Institute of Technology Hyderabad,"Biotechnology and Bioinformatics (4 Years, Bachelor of Technology)",AI,OBC-NCL,Female-only (including Supernumerary),6204,6204,6204,6204,6204
Indian Institute of Technology Hyderabad,"Biotechnology and Bioinformatics (4 Years, Bachelor of Technology)",AI,OBC-NCL (PwD),Gender-Neutral,176P,214P,214P,214P,
Indian Institute of Technology Hyderabad,"Biotechnology and Bioinformatics (4 Years, Bachelor of Technology)",AI,SC,Gender-Neutral,2085,2158,2158,2158,2158
Indian Institute of Technology Hyderabad,"Biotechnology and Bioinformatics (4 Years, Bachelor of Technology)",AI,SC,Female-only (including Supernumerary),3223,3223,3223,3223,3223
Indian Institute of Technology Hyderabad,"Biotechnology and Bioinformatics (4 Years, Bachelor of Technology)",AI,ST,Gender-Neutral,1006,1006,1006,1006,1006
Indian Institute of Technology Hyderabad,"Chemical Engineering (4 Years, Bachelor of Technology)",AI,OPEN,Gender-Neutral,5374,5462,5541,5562,5988
Indian Institute of Technology Hyderabad,"Chemical Engineering (4 Years, Bachelor of Technology)",AI,OPEN,Female-only (including Supernumerary),11193,11193,11193,11193,11625
Indian Institute of Technology Hyderabad,"Chemical Engineering (4 Years, Bachelor of Technology)",AI,EWS,Gender-Neutral,933,959,959,959,959
Indian Institute of Technology Hyderabad,"Chemical Engineering (4 Years, Bachelor of Technology)",AI,EWS,Female-only (including Supernumerary),2308,2308,2308,2308,2308
Indian Institute of Technology Hyderabad,"Chemical Engineering (4 Years, Bachelor of Technology)",AI,OBC-NCL,Gender-Neutral,2216,2251,2251,2251,2270
Indian Institute of Technology Hyderabad,"Chemical Engineering (4 Years, Bachelor of Technology)",AI,OBC-NCL,Female-only (including Supernumerary),4627,4627,4627,4627,5099
Indian Institute of Technology Hyderabad,"Chemical Engineering (4 Years, Bachelor of Technology)",AI,OBC-NCL (PwD),Gender-Neutral,140P,140P,140P,140P,140P
Indian Institute of Technology Hyderabad,"Chemical Engineering (4 Years, Bachelor of Technology)",AI,SC,Gender-Neutral,1503,1503,1503,1503,1503
Indian Institute of Technology Hyderabad,"Chemical Engineering (4 Years, Bachelor of Technology)",AI,SC,Female-only (including Supernumerary),2471,2471,2471,2471,2471
Indian Institute of Technology Hyderabad,"Chemical Engineering (4 Years, Bachelor of Technology)",AI,ST,Gender-Neutral,731,731,731,731,731
Indian Institute of Technology Hyderabad,"Chemical Engineering (4 Years, Bachelor of Technology)",AI,ST,Female-only (including Supernumerary),1139,1139,1139,1139,1139
Indian Institute of Technology Hyderabad,"Civil Engineering (4 Years, Bachelor of Technology)",AI,OPEN,Gender-Neutral,8381,8537,8572,8649,8928
Indian Institute of Technology Hyderabad,"Civil Engineering (4 Years, Bachelor of Technology)",AI,OPEN,Female-only (including Supernumerary),15753,15753,15753,15753,17416
Indian Institute of Technology Hyderabad,"Civil Engineering (4 Years, Bachelor of Technology)",AI,OPEN (PwD),Gender-Neutral,186,186,186,186,186
Indian Institute of Technology Hyderabad,"Civil Engineering (4 Years, Bachelor of Technology)",AI,EWS,Gender-Neutral,1279,1279,1283,1299,1485
Indian Institute of Technology Hyderabad,"Civil Engineering (4 Years, Bachelor of Technology)",AI,EWS,Female-only (including Supernumerary),2244,2244,2244,2244,2548
Indian Institute of Technology Hyderabad,"Civil Engineering (4 Years, Bachelor of Technology)",AI,OBC-NCL,Gender-Neutral,3275,3354,3354,3354,3370
Indian Institute of Technology Hyderabad,"Civil Engineering (4 Years, Bachelor of Technology)",AI,OBC-NCL,Female-only (including Supernumerary),6230,7015,7015,7015,7015
Indian Institute of Technology Hyderabad,"Civil Engineering (4 Years, Bachelor of Technology)",AI,OBC-NCL (PwD),Gender-Neutral,172P,172P,172P,172P,172P
Indian Institute of Technology Hyderabad,"Civil Engineering (4 Years, Bachelor of Technology)",AI,SC,Gender-Neutral,1787,1810,1810,1810,1921
Indian Institute of Technology Hyderabad,"Civil Engineering (4 Years, Bachelor of Technology)",AI,SC,Female-only (including Supernumerary),2354,2381,2381,2381,2381
Indian Institute of Technology Hyderabad,"Civil Engineering (4 Years, Bachelor of Technology)",AI,ST,Gender-Neutral,588,588,588,588,588
Indian Institute of Technology Hyderabad,"Civil Engineering (4 Years, Bachelor of Technology)",AI,ST,Female-only (including Supernumerary),800,800,800,800,800
Indian Institute of Technology Hyderabad,"Computational Engineering (4 Years, Bachelor of Technology)",AI,OPEN,Gender-Neutral,1917,1917,1917,1917,1938
Indian Institute of Technology Hyderabad,"Computational Engineering (4 Years, Bachelor of Technology)",AI,OPEN,Female-only (including Supernumerary),4923,4923,4923,4923,4923
Indian Institute of Technology Hyderabad,"Computational Engineering (4 Years, Bachelor of Technology)",AI,EWS,Gender-Neutral,321,321,321,321,362
Indian Institute of Technology Hyderabad,"Computational Engineering (4 Years, Bachelor of Technology)",AI,EWS,Female-only (including Supernumerary),1224,1224,1224,1224,1224
Indian Institute of Technology Hyderabad,"Computational Engineering (4 Years, Bachelor of Technology)",AI,OBC-NCL,Gender-Neutral,949,949,949,949,949
Indian Institute of Technology Hyderabad,"Computational Engineering (4 Years, Bachelor of Technology)",AI,OBC-NCL,Female-only (including Supernumerary),2248,2248,2248,2248,2248
Indian Institute of Technology Hyderabad,"Computational Engineering (4 Years, Bachelor of Technology)",AI,OBC-NCL (PwD),Gender-Neutral,67,67,67,67,67
Indian Institute of Technology Hyderabad,"Computational Engineering (4 Years, Bachelor of Technology)",AI,SC,Gender-Neutral,570,600,600,600,600
Indian Institute of Technology Hyderabad,"Computational Engineering (4 Years, Bachelor of Technology)",AI,SC,Female-only (including Supernumerary),1499,1499,1499,1499,1499
Indian Institute of Technology Hyderabad,"Computational Engineering (4 Years, Bachelor of Technology)",AI,ST,Gender-Neutral,228,228,228,228,228
Indian Institute of Technology Hyderabad,"Computer Science and Engineering (4 Years, Bachelor of Technology)",AI,OPEN,Gender-Neutral,647,647,647,647,680
Indian Institute of Technology Hyderabad,"Computer Science and Engineering (4 Years, Bachelor of Technology)",AI,OPEN,Female-only (including Supernumerary),2069,2069,2220,2220,2220
Indian Institute of Technology Hyderabad,"Computer Science and Engineering (4 Years, Bachelor of Technology)",AI,OPEN (PwD),Female-only (including Supernumerary),56,56,56,56,56
Indian Institute of Technology Hyderabad,"Computer Science and Engineering (4 Years, Bachelor of Technology)",AI,EWS,Gender-Neutral,86,86,86,86,86
Indian Institute of Technology Hyderabad,"Computer Science and Engineering (4 Years, Bachelor of Technology)",AI,EWS,Female-only (including Supernumerary),296,296,296,296,296
Indian Institute of Technology Hyderabad,"Computer Science and Engineering (4 Years, Bachelor of Technology)",AI,EWS (PwD),Gender-Neutral,13,13,13,13,13
Indian Institute of Technology Hyderabad,"Computer Science and Engineering (4 Years, Bachelor of Technology)",AI,OBC-NCL,Gender-Neutral,282,299,299,299,299
Indian Institute of Technology Hyderabad,"Computer Science and Engineering (4 Years, Bachelor of Technology)",AI,OBC-NCL,Female-only (including Supernumerary),660,660,660,660,660
Indian Institute of Technology Hyderabad,"Computer Science and Engineering (4 Years, Bachelor of Technology)",AI,OBC-NCL (PwD),Gender-Neutral,14,14,14,14,14
Indian Institute of Technology Hyderabad,"Computer Science and Engineering (4 Years, Bachelor of Technology)",AI,SC,Gender-Neutral,166,166,166,166,168
Indian Institute of Technology Hyderabad,"Computer Science and Engineering (4 Years, Bachelor of Technology)",AI,SC,Female-only (including Supernumerary),386,386,386,386,386
Indian Institute of Technology Hyderabad,"Computer Science and Engineering (4 Years, Bachelor of Technology)",AI,SC (PwD),Gender-Neutral,4P,6P,6P,6P,6P
Indian Institute of Technology Hyderabad,"Computer Science and Engineering (4 Years, Bachelor of Technology)",AI,ST,Gender-Neutral,70,70,70,70,70
Indian Institute of Technology Hyderabad,"Computer Science and Engineering (4 Years, Bachelor of Technology)",AI,ST,Female-only (including Supernumerary),105,105,105,105,105
Indian Institute of Technology Hyderabad,"Electrical Engineering (4 Years, Bachelor of Technology)",AI,OPEN,Gender-Neutral,1714,1714,1714,1714,1714
Indian Institute of Technology Hyderabad,"Electrical Engineering (4 Years, Bachelor of Technology)",AI,OPEN,Female-only (including Supernumerary),3854,3854,3854,3854,3854
Indian Institute of Technology Hyderabad,"Electrical Engineering (4 Years, Bachelor of Technology)",AI,OPEN (PwD),Gender-Neutral,65,65,65,65,65
Indian Institute of Technology Hyderabad,"Electrical Engineering (4 Years, Bachelor of Technology)",AI,EWS,Gender-Neutral,306,306,306,306,306
Indian Institute of Technology Hyderabad,"Electrical Engineering (4 Years, Bachelor of Technology)",AI,EWS,Female-only (including Supernumerary),632,632,632,632,632
Indian Institute of Technology Hyderabad,"Electrical Engineering (4 Years, Bachelor of Technology)",AI,EWS (PwD),Gender-Neutral,1P,1P,1P,1P,1P
Indian Institute of Technology Hyderabad,"Electrical Engineering (4 Years, Bachelor of Technology)",AI,OBC-NCL,Gender-Neutral,874,894,894,894,894
Indian Institute of Technology Hyderabad,"Electrical Engineering (4 Years, Bachelor of Technology)",AI,OBC-NCL,Female-only (including Supernumerary),1618,1982,1982,1982,1982
Indian Institute of Technology Hyderabad,"Electrical Engineering (4 Years, Bachelor of Technology)",AI,OBC-NCL (PwD),Gender-Neutral,25,25,25,25,25
Indian Institute of Technology Hyderabad,"Electrical Engineering (4 Years, Bachelor of Technology)",AI,SC,Gender-Neutral,560,560,560,560,565
Indian Institute of Technology Hyderabad,"Electrical Engineering (4 Years, Bachelor of Technology)",AI,SC,Female-only (including Supernumerary),1095,1097,1097,1097,1097
Indian Institute of Technology Hyderabad,"Electrical Engineering (4 Years, Bachelor of Technology)",AI,ST,Gender-Neutral,235,240,240,240,240
Indian Institute of Technology Hyderabad,"Electrical Engineering (4 Years, Bachelor of Technology)",AI,ST,Female-only (including Supernumerary),289,289,289,289,289
Indian Institute of Technology Hyderabad,"Electrical Engineering (IC Design and Technology) (4 Years, Bachelor of Technology)",AI,OPEN,Gender-Neutral,1762,1762,1762,1762,1896
Indian Institute of Technology Hyderabad,"Electrical Engineering (IC Design and Technology) (4 Years, Bachelor of Technology)",AI,OPEN,Female-only (including Supernumerary),4351,4351,4351,4351,4351
Indian Institute of Technology Hyderabad,"Electrical Engineering (IC Design and Technology) (4 Years, Bachelor of Technology)",AI,OPEN (PwD),Gender-Neutral,101,101,101,101,101
Indian Institute of Technology Hyderabad,"Electrical Engineering (IC Design and Technology) (4 Years, Bachelor of Technology)",AI,EWS,Gender-Neutral,275,277,277,277,277
Indian Institute of Technology Hyderabad,"Electrical Engineering (IC Design and Technology) (4 Years, Bachelor of Technology)",AI,EWS,Female-only (including Supernumerary),768,768,768,768,768
Indian Institute of Technology Hyderabad,"Electrical Engineering (IC Design and Technology) (4 Years, Bachelor of Technology)",AI,OBC-NCL,Gender-Neutral,853,855,855,855,855
Indian Institute of Technology Hyderabad,"Electrical Engineering (IC Design and Technology) (4 Years, Bachelor of Technology)",AI,OBC-NCL,Female-only (including Supernumerary),1881,1881,1881,1881,1881
Indian Institute of Technology Hyderabad,"Electrical Engineering (IC Design and Technology) (4 Years, Bachelor of Technology)",AI,OBC-NCL (PwD),Gender-Neutral,42,42,42,42,42
Indian Institute of Technology Hyderabad,"Electrical Engineering (IC Design and Technology) (4 Years, Bachelor of Technology)",AI,SC,Gender-Neutral,483,501,501,501,501
Indian Institute of Technology Hyderabad,"Electrical Engineering (IC Design and Technology) (4 Years, Bachelor of Technology)",AI,SC,Female-only (including Supernumerary),973,973,973,973,973
Indian Institute of Technology Hyderabad,"Electrical Engineering (IC Design and Technology) (4 Years, Bachelor of Technology)",AI,ST,Gender-Neutral,286,315,315,315,315
Indian Institute of Technology Hyderabad,"Engineering Physics (4 Years, Bachelor of Technology)",AI,OPEN,Gender-Neutral,3574,3574,3743,3743,4208
Indian Institute of Technology Hyderabad,"Engineering Physics (4 Years, Bachelor of Technology)",AI,OPEN,Female-only (including Supernumerary),7918,7918,7918,7918,7918
Indian Institute of Technology Hyderabad,"Engineering Physics (4 Years, Bachelor of Technology)",AI,OPEN (PwD),Gender-Neutral,274P,274P,274P,274P,274P
Indian Institute of Technology Hyderabad,"Engineering Physics (4 Years, Bachelor of Technology)",AI,EWS,Gender-Neutral,812,812,812,812,812
Indian Institute of Technology Hyderabad,"Engineering Physics (4 Years, Bachelor of Technology)",AI,EWS,Female-only (including Supernumerary),1905,1905,1905,1905,1905
Indian Institute of Technology Hyderabad,"Engineering Physics (4 Years, Bachelor of Technology)",AI,OBC-NCL,Gender-Neutral,1846,1970,1970,1970,1994
Indian Institute of Technology Hyderabad,"Engineering Physics (4 Years, Bachelor of Technology)",AI,OBC-NCL,Female-only (including Supernumerary),3722,3722,3722,3722,3722
Indian Institute of Technology Hyderabad,"Engineering Physics (4 Years, Bachelor of Technology)",AI,OBC-NCL (PwD),Female-only (including Supernumerary),211P,211P,211P,211P,211P
Indian Institute of Technology Hyderabad,"Engineering Physics (4 Years, Bachelor of Technology)",AI,SC,Gender-Neutral,1483,1483,1483,1483,1656
Indian Institute of Technology Hyderabad,"Engineering Physics (4 Years, Bachelor of Technology)",AI,SC,Female-only (including Supernumerary),1587,1587,1587,1587,1587
Indian Institute of Technology Hyderabad,"Engineering Physics (4 Years, Bachelor of Technology)",AI,ST,Gender-Neutral,921,921,921,921,921
Indian Institute of Technology Hyderabad,"Engineering Physics (4 Years, Bachelor of Technology)",AI,ST,Female-only (including Supernumerary),1239,1239,1239,1239,1239
Indian Institute of Technology Hyderabad,"Engineering Science (4 Years, Bachelor of Technology)",AI,OPEN,Gender-Neutral,2602,2602,2602,2602,2602
Indian Institute of Technology Hyderabad,"Engineering Science (4 Years, Bachelor of Technology)",AI,OPEN,Female-only (including Supernumerary),6341,6341,6341,6341,6577
Indian Institute of Technology Hyderabad,"Engineering Science (4 Years, Bachelor of Technology)",AI,OPEN (PwD),Gender-Neutral,109P,109P,109P,109P,109P
Indian Institute of Technology Hyderabad,"Engineering Science (4 Years, Bachelor of Technology)",AI,EWS,Gender-Neutral,472,478,478,478,478
Indian Institute of Technology Hyderabad,"Engineering Science (4 Years, Bachelor of Technology)",AI,EWS,Female-only (including Supernumerary),841,841,841,841,841
Indian Institute of Technology Hyderabad,"Engineering Science (4 Years, Bachelor of Technology)",AI,OBC-NCL,Gender-Neutral,1299,1299,1299,1299,1299
Indian Institute of Technology Hyderabad,"Engineering Science (4 Years, Bachelor of Technology)",AI,OBC-NCL,Female-only (including Supernumerary),2941,2941,2941,2941,2941
Indian Institute of Technology Hyderabad,"Engineering Science (4 Years, Bachelor of Technology)",AI,SC,Gender-Neutral,1301,1301,1301,1301,1338
Indian Institute of Technology Hyderabad,"Engineering Science (4 Years, Bachelor of Technology)",AI,SC,Female-only (including Supernumerary),1569,1573,1573,1573,1573
Indian Institute of Technology Hyderabad,"Engineering Science (4 Years, Bachelor of Technology)",AI,ST,Gender-Neutral,414,459,459,459,459
Indian Institute of Technology Hyderabad,"Engineering Science (4 Years, Bachelor of Technology)",AI,ST,Female-only (including Supernumerary),1357,1357,1357,1357,1357
Indian Institute of Technology Hyderabad,"Industrial Chemistry (4 Years, Bachelor of Technology)",AI,OPEN,Gender-Neutral,8541,8541,8541,8541,8762
Indian Institute of Technology Hyderabad,"Industrial Chemistry (4 Years, Bachelor of Technology)",AI,OPEN,Female-only (including Supernumerary),15328,15328,15328,15328,15328
Indian Institute of Technology Hyderabad,"Industrial Chemistry (4 Years, Bachelor of Technology)",AI,EWS,Gender-Neutral,1452,1452,1452,1453,1494
Indian Institute of Technology Hyderabad,"Industrial Chemistry (4 Years, Bachelor of Technology)",AI,EWS,Female-only (including Supernumerary),2911,2911,2911,2911,2911
Indian Institute of Technology Hyderabad,"Industrial Chemistry (4 Years, Bachelor of Technology)",AI,OBC-NCL,Gender-Neutral,3587,3600,3600,3600,3602
Indian Institute of Technology Hyderabad,"Industrial Chemistry (4 Years, Bachelor of Technology)",AI,OBC-NCL,Female-only (including Supernumerary),7191,7191,7191,7191,7191
Indian Institute of Technology Hyderabad,"Industrial Chemistry (4 Years, Bachelor of Technology)",AI,SC,Gender-Neutral,2149,2284,2284,2284,2284
Indian Institute of Technology Hyderabad,"Industrial Chemistry (4 Years, Bachelor of Technology)",AI,SC,Female-only (including Supernumerary),3346,3417,3417,3417,3417
Indian Institute of Technology Hyderabad,"Industrial Chemistry (4 Years, Bachelor of Technology)",AI,ST,Gender-Neutral,1076,1167,1167,1167,1167
Indian Institute of Technology Hyderabad,"Materials Science and Metallurgical Engineering (4 Years, Bachelor of Technology)",AI,OPEN,Gender-Neutral,6735,6735,6955,6990,7582
Indian Institute of Technology Hyderabad,"Materials Science and Metallurgical Engineering (4 Years, Bachelor of Technology)",AI,OPEN,Female-only (including Supernumerary),14458,14458,14458,14458,14730
Indian Institute of Technology Hyderabad,"Materials Science and Metallurgical Engineering (4 Years, Bachelor of Technology)",AI,OPEN (PwD),Gender-Neutral,427P,427P,427P,427P,427P
Indian Institute of Technology Hyderabad,"Materials Science and Metallurgical Engineering (4 Years, Bachelor of Technology)",AI,EWS,Gender-Neutral,1351,1351,1351,1351,1407
Indian Institute of Technology Hyderabad,"Materials Science and Metallurgical Engineering (4 Years, Bachelor of Technology)",AI,EWS,Female-only (including Supernumerary),2041,2041,2041,2041,2041
Indian Institute of Technology Hyderabad,"Materials Science and Metallurgical Engineering (4 Years, Bachelor of Technology)",AI,OBC-NCL,Gender-Neutral,3140,3290,3290,3290,3329
Indian Institute of Technology Hyderabad,"Materials Science and Metallurgical Engineering (4 Years, Bachelor of Technology)",AI,OBC-NCL,Female-only (including Supernumerary),7147,7147,7147,7147,7147
Indian Institute of Technology Hyderabad,"Materials Science and Metallurgical Engineering (4 Years, Bachelor of Technology)",AI,SC,Gender-Neutral,2087,2149,2149,2149,2149
Indian Institute of Technology Hyderabad,"Materials Science and Metallurgical Engineering (4 Years, Bachelor of Technology)",AI,SC,Female-only (including Supernumerary),2849,2849,2849,2849,2849
Indian Institute of Technology Hyderabad,"Materials Science and Metallurgical Engineering (4 Years, Bachelor of Technology)",AI,ST,Gender-Neutral,911,911,911,911,970
Indian Institute of Technology Hyderabad,"Materials Science and Metallurgical Engineering (4 Years, Bachelor of Technology)",AI,ST,Female-only (including Supernumerary),1213,1213,1213,1213,1213
Indian Institute of Technology Hyderabad,"Mathematics and Computing (4 Years, Bachelor of Technology)",AI,OPEN,Gender-Neutral,916,916,916,916,927
Indian Institute of Technology Hyderabad,"Mathematics and Computing (4 Years, Bachelor of Technology)",AI,OPEN,Female-only (including Supernumerary),2753,2753,2753,2753,2753
Indian Institute of Technology Hyderabad,"Mathematics and Computing (4 Years, Bachelor of Technology)",AI,OPEN (PwD),Gender-Neutral,54,54,54,54,54
Indian Institute of Technology Hyderabad,"Mathematics and Computing (4 Years, Bachelor of Technology)",AI,EWS,Gender-Neutral,132,137,137,137,137
Indian Institute of Technology Hyderabad,"Mathematics and Computing (4 Years, Bachelor of Technology)",AI,EWS,Female-only (including Supernumerary),400,400,400,400,400
Indian Institute of Technology Hyderabad,"Mathematics and Computing (4 Years, Bachelor of Technology)",AI,OBC-NCL,Gender-Neutral,438,440,440,440,440
Indian Institute of Technology Hyderabad,"Mathematics and Computing (4 Years, Bachelor of Technology)",AI,OBC-NCL,Female-only (including Supernumerary),1268,1268,1268,1268,1268
Indian Institute of Technology Hyderabad,"Mathematics and Computing (4 Years, Bachelor of Technology)",AI,SC,Gender-Neutral,245,245,245,245,245
Indian Institute of Technology Hyderabad,"Mathematics and Computing (4 Years, Bachelor of Technology)",AI,SC,Female-only (including Supernumerary),581,581,581,581,581
Indian Institute of Technology Hyderabad,"Mathematics and Computing (4 Years, Bachelor of Technology)",AI,ST,Gender-Neutral,101,101,101,101,101
Indian Institute of Technology Hyderabad,"Mechanical Engineering (4 Years, Bachelor of Technology)",AI,OPEN,Gender-Neutral,4324,4384,4406,4407,4767
Indian Institute of Technology Hyderabad,"Mechanical Engineering (4 Years, Bachelor of Technology)",AI,OPEN,Female-only (including Supernumerary),9626,9626,9626,9626,9626
Indian Institute of Technology Hyderabad,"Mechanical Engineering (4 Years, Bachelor of Technology)",AI,OPEN (PwD),Gender-Neutral,73P,73P,73P,73P,73P
Indian Institute of Technology Hyderabad,"Mechanical Engineering (4 Years, Bachelor of Technology)",AI,EWS,Gender-Neutral,810,843,843,843,900
Indian Institute of Technology Hyderabad,"Mechanical Engineering (4 Years, Bachelor of Technology)",AI,EWS,Female-only (including Supernumerary),1704,1704,1704,1704,1704
Indian Institute of Technology Hyderabad,"Mechanical Engineering (4 Years, Bachelor of Technology)",AI,OBC-NCL,Gender-Neutral,1959,1995,1995,1995,2008
Indian Institute of Technology Hyderabad,"Mechanical Engineering (4 Years, Bachelor of Technology)",AI,OBC-NCL,Female-only (including Supernumerary),4372,4372,4372,4372,4372
Indian Institute of Technology Hyderabad,"Mechanical Engineering (4 Years, Bachelor of Technology)",AI,SC,Gender-Neutral,1067,1125,1125,1125,1133
Indian Institute of Technology Hyderabad,"Mechanical Engineering (4 Years, Bachelor of Technology)",AI,SC,Female-only (including Supernumerary),2520,2520,2520,2520,2520
Indian Institute of Technology Hyderabad,"Mechanical Engineering (4 Years, Bachelor of Technology)",AI,ST,Gender-Neutral,579,579,579,579,579
Indian Institute of Technology Hyderabad,"Mechanical Engineering (4 Years, Bachelor of Technology)",AI,ST,Female-only (including Supernumerary),374,374,374,374,374
Indian Institute of Technology Jodhpur,"Aerospace Engineering (4 Years, Bachelor of Technology)",AI,OPEN,Gender-Neutral,10117,10355,10403,10403,10981
Indian Institute of Technology Jodhpur,"Aerospace Engineering (4 Years, Bachelor of Technology)",AI,OPEN,Female-only (including Supernumerary),18159,18792,18792,18792,18970
Indian Institute of Technology Jodhpur,"Aerospace Engineering (4 Years, Bachelor of Technology)",AI,EWS,Gender-Neutral,1424,1474,1474,1474,1648
Indian Institute of Technology Jodhpur,"Aerospace Engineering (4 Years, Bachelor of Technology)",AI,EWS,Female-only (including Supernumerary),2868,2868,2868,2868,2868
Indian Institute of Technology Jodhpur,"Aerospace Engineering (4 Years, Bachelor of Technology)",AI,OBC-NCL,Gender-Neutral,3873,3875,3875,3875,4005
Indian Institute of Technology Jodhpur,"Aerospace Engineering (4 Years, Bachelor of Technology)",AI,OBC-NCL,Female-only (including Supernumerary),6144,7461,7461,7461,7461
Indian Institute of Technology Jodhpur,"Aerospace Engineering (4 Years, Bachelor of Technology)",AI,SC,Gender-Neutral,2072,2073,2073,2073,2209
Indian Institute of Technology Jodhpur,"Aerospace Engineering (4 Years, Bachelor of Technology)",AI,SC,Female-only (including Supernumerary),3304,3304,3304,3304,3304
Indian Institute of Technology Jodhpur,"Aerospace Engineering (4 Years, Bachelor of Technology)",AI,ST,Gender-Neutral,848,848,848,848,848
Indian Institute of Technology Jodhpur,"Artificial Intelligence and Data Science (4 Years, Bachelor of Technology)",AI,OPEN,Gender-Neutral,4831,4831,4831,4831,5082
Indian Institute of Technology Jodhpur,"Artificial Intelligence and Data Science (4 Years, Bachelor of Technology)",AI,OPEN,Female-only (including Supernumerary),9399,9441,10038,10091,10351
Indian Institute of Technology Jodhpur,"Artificial Intelligence and Data Science (4 Years, Bachelor of Technology)",AI,OPEN (PwD),Gender-Neutral,200,211,211,211,242
Indian Institute of Technology Jodhpur,"Artificial Intelligence and Data Science (4 Years, Bachelor of Technology)",AI,EWS,Gender-Neutral,708,713,713,730,730
Indian Institute of Technology Jodhpur,"Artificial Intelligence and Data Science (4 Years, Bachelor of Technology)",AI,EWS,Female-only (including Supernumerary),1305,1305,1305,1305,1518
Indian Institute of Technology Jodhpur,"Artificial Intelligence and Data Science (4 Years, Bachelor of Technology)",AI,OBC-NCL,Gender-Neutral,1895,1917,1917,1917,1946
Indian Institute of Technology Jodhpur,"Artificial Intelligence and Data Science (4 Years, Bachelor of Technology)",AI,OBC-NCL,Female-only (including Supernumerary),4546,4660,4660,4660,4660
Indian Institute of Technology Jodhpur,"Artificial Intelligence and Data Science (4 Years, Bachelor of Technology)",AI,OBC-NCL (PwD),Gender-Neutral,116,116,116,116,116
Indian Institute of Technology Jodhpur,"Artificial Intelligence and Data Science (4 Years, Bachelor of Technology)",AI,OBC-NCL (PwD),Female-only (including Supernumerary),59P,,,,
Indian Institute of Technology Jodhpur,"Artificial Intelligence and Data Science (4 Years, Bachelor of Technology)",AI,SC,Gender-Neutral,1210,1210,1210,1210,1230
Indian Institute of Technology Jodhpur,"Artificial Intelligence and Data Science (4 Years, Bachelor of Technology)",AI,SC,Female-only (including Supernumerary),2268,2268,2268,2268,2268
Indian Institute of Technology Jodhpur,"Artificial Intelligence and Data Science (4 Years, Bachelor of Technology)",AI,ST,Gender-Neutral,721,721,721,721,721
Indian Institute of Technology Jodhpur,"Artificial Intelligence and Data Science (4 Years, Bachelor of Technology)",AI,ST,Female-only (including Supernumerary),1196,1196,1196,1196,1196
Indian Institute of Technology Jodhpur,"Bio Engineering (4 Years, Bachelor of Technology)",AI,OPEN,Gender-Neutral,15012,15041,15141,15534,17195
Indian Institute of Technology Jodhpur,"Bio Engineering (4 Years, Bachelor of Technology)",AI,OPEN,Female-only (including Supernumerary),21256,21256,21256,22079,23885
Indian Institute of Technology Jodhpur,"Bio Engineering (4 Years, Bachelor of Technology)",AI,EWS,Gender-Neutral,2256,2320,2320,2320,2600
Indian Institute of Technology Jodhpur,"Bio Engineering (4 Years, Bachelor of Technology)",AI,EWS,Female-only (including Supernumerary),4335,4419,4427,4427,5007
Indian Institute of Technology Jodhpur,"Bio Engineering (4 Years, Bachelor of Technology)",AI,OBC-NCL,Gender-Neutral,5742,5871,5899,5899,6116
Indian Institute of Technology Jodhpur,"Bio Engineering (4 Years, Bachelor of Technology)",AI,OBC-NCL,Female-only (including Supernumerary),10007,10598,10635,10635,10635
Indian Institute of Technology Jodhpur,"Bio Engineering (4 Years, Bachelor of Technology)",AI,SC,Gender-Neutral,3105,3162,3162,3162,3193
Indian Institute of Technology Jodhpur,"Bio Engineering (4 Years, Bachelor of Technology)",AI,SC,Female-only (including Supernumerary),4592,4661,4661,4661,4661
Indian Institute of Technology Jodhpur,"Bio Engineering (4 Years, Bachelor of Technology)",AI,ST,Gender-Neutral,1508,1583,1583,1583,1585
Indian Institute of Technology Jodhpur,"Chemical Engineering (4 Years, Bachelor of Technology)",AI,OPEN,Gender-Neutral,11482,11589,11632,11728,13579
Indian Institute of Technology Jodhpur,"Chemical Engineering (4 Years, Bachelor of Technology)",AI,OPEN,Female-only (including Supernumerary),19639,19641,19641,19679,21334
Indian Institute of Technology Jodhpur,"Chemical Engineering (4 Years, Bachelor of Technology)",AI,EWS,Gender-Neutral,1687,1711,1711,1711,2026
Indian Institute of Technology Jodhpur,"Chemical Engineering (4 Years, Bachelor of Technology)",AI,EWS,Female-only (including Supernumerary),2948,2948,2948,2948,3399
Indian Institute of Technology Jodhpur,"Chemical Engineering (4 Years, Bachelor of Technology)",AI,OBC-NCL,Gender-Neutral,4523,4843,4843,4860,4977
Indian Institute of Technology Jodhpur,"Chemical Engineering (4 Years, Bachelor of Technology)",AI,OBC-NCL,Female-only (including Supernumerary),8457,8464,8464,8464,8700
Indian Institute of Technology Jodhpur,"Chemical Engineering (4 Years, Bachelor of Technology)",AI,SC,Gender-Neutral,2457,2582,2582,2582,2619
Indian Institute of Technology Jodhpur,"Chemical Engineering (4 Years, Bachelor of Technology)",AI,SC,Female-only (including Supernumerary),3546,4003,4003,4003,4003
Indian Institute of Technology Jodhpur,"Chemical Engineering (4 Years, Bachelor of Technology)",AI,ST,Gender-Neutral,1168,1262,1262,1262,1262
Indian Institute of Technology Jodhpur,"Civil and Infrastructure Engineering (4 Years, Bachelor of Technology)",AI,OPEN,Gender-Neutral,13425,14150,14176,14176,15583
Indian Institute of Technology Jodhpur,"Civil and Infrastructure Engineering (4 Years, Bachelor of Technology)",AI,OPEN,Female-only (including Supernumerary),22474,22474,22474,23380,23614
Indian Institute of Technology Jodhpur,"Civil and Infrastructure Engineering (4 Years, Bachelor of Technology)",AI,EWS,Gender-Neutral,2034,2160,2160,2160,2324
Indian Institute of Technology Jodhpur,"Civil and Infrastructure Engineering (4 Years, Bachelor of Technology)",AI,EWS,Female-only (including Supernumerary),3659,3659,3659,3659,3659
Indian Institute of Technology Jodhpur,"Civil and Infrastructure Engineering (4 Years, Bachelor of Technology)",AI,OBC-NCL,Gender-Neutral,5016,5252,5252,5252,5317
Indian Institute of Technology Jodhpur,"Civil and Infrastructure Engineering (4 Years, Bachelor of Technology)",AI,OBC-NCL,Female-only (including Supernumerary),8646,8646,8646,8646,8646
Indian Institute of Technology Jodhpur,"Civil and Infrastructure Engineering (4 Years, Bachelor of Technology)",AI,SC,Gender-Neutral,2634,2666,2666,2666,2717
Indian Institute of Technology Jodhpur,"Civil and Infrastructure Engineering (4 Years, Bachelor of Technology)",AI,SC,Female-only (including Supernumerary),4264,4361,4361,4361,4361
Indian Institute of Technology Jodhpur,"Civil and Infrastructure Engineering (4 Years, Bachelor of Technology)",AI,ST,Gender-Neutral,1080,1115,1115,1115,1115
Indian Institute of Technology Jodhpur,"Civil and Infrastructure Engineering (4 Years, Bachelor of Technology)",AI,ST,Female-only (including Supernumerary),1256,1256,1256,1256,1256
Indian Institute of Technology Jodhpur,"Computer Science and Engineering (4 Years, Bachelor of Technology)",AI,OPEN,Gender-Neutral,3392,3521,3533,3554,3755
Indian Institute of Technology Jodhpur,"Computer Science and Engineering (4 Years, Bachelor of Technology)",AI,OPEN,Female-only (including Supernumerary),7472,7472,7472,7847,7847
Indian Institute of Technology Jodhpur,"Computer Science and Engineering (4 Years, Bachelor of Technology)",AI,OPEN (PwD),Gender-Neutral,111,111,111,111,111
Indian Institute of Technology Jodhpur,"Computer Science and Engineering (4 Years, Bachelor of Technology)",AI,EWS,Gender-Neutral,496,506,522,522,546
Indian Institute of Technology Jodhpur,"Computer Science and Engineering (4 Years, Bachelor of Technology)",AI,EWS,Female-only (including Supernumerary),1359,1359,1359,1359,1359
Indian Institute of Technology Jodhpur,"Computer Science and Engineering (4 Years, Bachelor of Technology)",AI,OBC-NCL,Gender-Neutral,1516,1525,1525,1525,1536
Indian Institute of Technology Jodhpur,"Computer Science and Engineering (4 Years, Bachelor of Technology)",AI,OBC-NCL,Female-only (including Supernumerary),3809,3880,3880,3880,3880
Indian Institute of Technology Jodhpur,"Computer Science and Engineering (4 Years, Bachelor of Technology)",AI,OBC-NCL (PwD),Gender-Neutral,56,56,56,56,56
Indian Institute of Technology Jodhpur,"Computer Science and Engineering (4 Years, Bachelor of Technology)",AI,SC,Gender-Neutral,793,841,841,858,871
Indian Institute of Technology Jodhpur,"Computer Science and Engineering (4 Years, Bachelor of Technology)",AI,SC,Female-only (including Supernumerary),1588,1588,1588,1588,1588
Indian Institute of Technology Jodhpur,"Computer Science and Engineering (4 Years, Bachelor of Technology)",AI,ST,Gender-Neutral,380,380,380,380,380
Indian Institute of Technology Jodhpur,"Computer Science and Engineering (4 Years, Bachelor of Technology)",AI,ST,Female-only (including Supernumerary),494,494,494,494,494
Indian Institute of Technology Jodhpur,"Electrical Engineering (4 Years, Bachelor of Technology)",AI,OPEN,Gender-Neutral,6744,6770,6770,6824,7713
Indian Institute of Technology Jodhpur,"Electrical Engineering (4 Years, Bachelor of Technology)",AI,OPEN,Female-only (including Supernumerary),13500,13534,13534,13574,13760
Indian Institute of Technology Jodhpur,"Electrical Engineering (4 Years, Bachelor of Technology)",AI,EWS,Gender-Neutral,1058,1109,1109,1112,1133
Indian Institute of Technology Jodhpur,"Electrical Engineering (4 Years, Bachelor of Technology)",AI,EWS,Female-only (including Supernumerary),2299,2299,2299,2299,2299
Indian Institute of Technology Jodhpur,"Electrical Engineering (4 Years, Bachelor of Technology)",AI,OBC-NCL,Gender-Neutral,2776,2818,2818,2818,2983
Indian Institute of Technology Jodhpur,"Electrical Engineering (4 Years, Bachelor of Technology)",AI,OBC-NCL,Female-only (including Supernumerary),6275,6483,6483,6483,6741
Indian Institute of Technology Jodhpur,"Electrical Engineering (4 Years, Bachelor of Technology)",AI,SC,Gender-Neutral,1664,1700,1700,1700,1778
Indian Institute of Technology Jodhpur,"Electrical Engineering (4 Years, Bachelor of Technology)",AI,SC,Female-only (including Supernumerary),2701,2701,2701,2701,2701
Indian Institute of Technology Jodhpur,"Electrical Engineering (4 Years, Bachelor of Technology)",AI,ST,Gender-Neutral,837,853,853,853,853
Indian Institute of Technology Jodhpur,"Electrical Engineering (4 Years, Bachelor of Technology)",AI,ST,Female-only (including Supernumerary),1131,1131,1131,1131,1131
Indian Institute of Technology Jodhpur,"Electronics Engineering (4 Years, Bachelor of Technology)",AI,OPEN,Gender-Neutral,5654,5654,5654,5686,6110
Indian Institute of Technology Jodhpur,"Electronics Engineering (4 Years, Bachelor of Technology)",AI,OPEN,Female-only (including Supernumerary),12176,12176,12176,12176,12542
Indian Institute of Technology Jodhpur,"Electronics Engineering (4 Years, Bachelor of Technology)",AI,OPEN (PwD),Gender-Neutral,139P,139P,139P,139P,139P
Indian Institute of Technology Jodhpur,"Electronics Engineering (4 Years, Bachelor of Technology)",AI,EWS,Gender-Neutral,903,1052,1052,1052,1052
Indian Institute of Technology Jodhpur,"Electronics Engineering (4 Years, Bachelor of Technology)",AI,EWS,Female-only (including Supernumerary),1785,1785,1785,1785,1785
Indian Institute of Technology Jodhpur,"Electronics Engineering (4 Years, Bachelor of Technology)",AI,OBC-NCL,Gender-Neutral,2452,2743,2743,2743,2770
Indian Institute of Technology Jodhpur,"Electronics Engineering (4 Years, Bachelor of Technology)",AI,OBC-NCL,Female-only (including Supernumerary),6148,6587,6587,6587,6587
Indian Institute of Technology Jodhpur,"Electronics Engineering (4 Years, Bachelor of Technology)",AI,OBC-NCL (PwD),Gender-Neutral,155P,,,,
Indian Institute of Technology Jodhpur,"Electronics Engineering (4 Years, Bachelor of Technology)",AI,SC,Gender-Neutral,1647,1674,1674,1674,1690
Indian Institute of Technology Jodhpur,"Electronics Engineering (4 Years, Bachelor of Technology)",AI,SC,Female-only (including Supernumerary),2513,2513,2513,2513,2513
Indian Institute of Technology Jodhpur,"Electronics Engineering (4 Years, Bachelor of Technology)",AI,ST,Gender-Neutral,849,849,849,849,849
Indian Institute of Technology Jodhpur,"Electronics Engineering (4 Years, Bachelor of Technology)",AI,ST,Female-only (including Supernumerary),1004,1004,1004,1004,1004
Indian Institute of Technology Jodhpur,"Engineering Chemistry (4 Years, Bachelor of Science)",AI,OPEN,Gender-Neutral,16042,16414,16729,16952,18643
Indian Institute of Technology Jodhpur,"Engineering Chemistry (4 Years, Bachelor of Science)",AI,OPEN,Female-only (including Supernumerary),26068,26138,26246,26246,29443
Indian Institute of Technology Jodhpur,"Engineering Chemistry (4 Years, Bachelor of Science)",AI,EWS,Gender-Neutral,2345,2372,2372,2372,2811
Indian Institute of Technology Jodhpur,"Engineering Chemistry (4 Years, Bachelor of Science)",AI,OBC-NCL,Gender-Neutral,5922,6077,6107,6107,6357
Indian Institute of Technology Jodhpur,"Engineering Chemistry (4 Years, Bachelor of Science)",AI,OBC-NCL,Female-only (including Supernumerary),10149,10635,10642,10642,10768
Indian Institute of Technology Jodhpur,"Engineering Chemistry (4 Years, Bachelor of Science)",AI,SC,Gender-Neutral,3266,3323,3323,3340,3389
Indian Institute of Technology Jodhpur,"Engineering Chemistry (4 Years, Bachelor of Science)",AI,ST,Gender-Neutral,1454,1511,1511,1511,1610
Indian Institute of Technology Jodhpur,"Engineering Physics (4 Years, Bachelor of Science)",AI,OPEN,Gender-Neutral,11572,12303,12303,12303,13969
Indian Institute of Technology Jodhpur,"Engineering Physics (4 Years, Bachelor of Science)",AI,OPEN,Female-only (including Supernumerary),20649,21227,22180,22848,23872
Indian Institute of Technology Jodhpur,"Engineering Physics (4 Years, Bachelor of Science)",AI,EWS,Gender-Neutral,1797,2304,2304,2304,2304
Indian Institute of Technology Jodhpur,"Engineering Physics (4 Years, Bachelor of Science)",AI,OBC-NCL,Gender-Neutral,4866,5392,5392,5392,5465
Indian Institute of Technology Jodhpur,"Engineering Physics (4 Years, Bachelor of Science)",AI,OBC-NCL,Female-only (including Supernumerary),9843,10079,10079,10079,10079
Indian Institute of Technology Jodhpur,"Engineering Physics (4 Years, Bachelor of Science)",AI,SC,Gender-Neutral,2955,2955,2955,2955,2955
Indian Institute of Technology Jodhpur,"Engineering Physics (4 Years, Bachelor of Science)",AI,ST,Gender-Neutral,1293,1293,1293,1293,1454
Indian Institute of Technology Jodhpur,"Materials Engineering (4 Years, Bachelor of Technology)",AI,OPEN,Gender-Neutral,13795,13963,13963,14121,15534
Indian Institute of Technology Jodhpur,"Materials Engineering (4 Years, Bachelor of Technology)",AI,OPEN,Female-only (including Supernumerary),22006,22006,22006,22006,24090
Indian Institute of Technology Jodhpur,"Materials Engineering (4 Years, Bachelor of Technology)",AI,EWS,Gender-Neutral,2181,2205,2205,2205,2338
Indian Institute of Technology Jodhpur,"Materials Engineering (4 Years, Bachelor of Technology)",AI,EWS,Female-only (including Supernumerary),4023,4305,4367,4367,4687
Indian Institute of Technology Jodhpur,"Materials Engineering (4 Years, Bachelor of Technology)",AI,OBC-NCL,Gender-Neutral,5493,5763,5776,5776,5948
Indian Institute of Technology Jodhpur,"Materials Engineering (4 Years, Bachelor of Technology)",AI,OBC-NCL,Female-only (including Supernumerary),8918,9989,10038,10038,10038
Indian Institute of Technology Jodhpur,"Materials Engineering (4 Years, Bachelor of Technology)",AI,SC,Gender-Neutral,3004,3178,3178,3178,3218
Indian Institute of Technology Jodhpur,"Materials Engineering (4 Years, Bachelor of Technology)",AI,SC,Female-only (including Supernumerary),4447,4532,4532,4532,4837
Indian Institute of Technology Jodhpur,"Materials Engineering (4 Years, Bachelor of Technology)",AI,ST,Gender-Neutral,1489,1517,1523,1523,1523
Indian Institute of Technology Jodhpur,"Mathematics and Computing (4 Years, Bachelor of Science)",AI,OPEN,Gender-Neutral,5273,5452,5452,5482,5718
Indian Institute of Technology Jodhpur,"Mathematics and Computing (4 Years, Bachelor of Science)",AI,OPEN,Female-only (including Supernumerary),10543,10543,10588,10660,11456
Indian Institute of Technology Jodhpur,"Mathematics and Computing (4 Years, Bachelor of Science)",AI,EWS,Gender-Neutral,746,804,804,804,804
Indian Institute of Technology Jodhpur,"Mathematics and Computing (4 Years, Bachelor of Science)",AI,OBC-NCL,Gender-Neutral,2279,2303,2303,2303,2303
Indian Institute of Technology Jodhpur,"Mathematics and Computing (4 Years, Bachelor of Science)",AI,OBC-NCL,Female-only (including Supernumerary),5152,5271,5271,5271,5271
Indian Institute of Technology Jodhpur,"Mathematics and Computing (4 Years, Bachelor of Science)",AI,SC,Gender-Neutral,1543,1543,1543,1543,1591
Indian Institute of Technology Jodhpur,"Mathematics and Computing (4 Years, Bachelor of Science)",AI,SC,Female-only (including Supernumerary),2410,2410,2410,2410,2410
Indian Institute of Technology Jodhpur,"Mathematics and Computing (4 Years, Bachelor of Science)",AI,ST,Gender-Neutral,769,769,769,769,769
Indian Institute of Technology Jodhpur,"Mechanical Engineering (4 Years, Bachelor of Technology)",AI,OPEN,Gender-Neutral,9409,9546,9546,9735,10844
Indian Institute of Technology Jodhpur,"Mechanical Engineering (4 Years, Bachelor of Technology)",AI,OPEN,Female-only (including Supernumerary),18930,19639,19639,19639,20455
Indian Institute of Technology Jodhpur,"Mechanical Engineering (4 Years, Bachelor of Technology)",AI,EWS,Gender-Neutral,1525,1572,1572,1572,1774
Indian Institute of Technology Jodhpur,"Mechanical Engineering (4 Years, Bachelor of Technology)",AI,EWS,Female-only (including Supernumerary),3090,3090,3090,3090,3249
Indian Institute of Technology Jodhpur,"Mechanical Engineering (4 Years, Bachelor of Technology)",AI,OBC-NCL,Gender-Neutral,3999,4142,4173,4173,4279
Indian Institute of Technology Jodhpur,"Mechanical Engineering (4 Years, Bachelor of Technology)",AI,OBC-NCL,Female-only (including Supernumerary),8092,8249,8249,8249,8457
Indian Institute of Technology Jodhpur,"Mechanical Engineering (4 Years, Bachelor of Technology)",AI,SC,Gender-Neutral,2213,2335,2335,2335,2342
Indian Institute of Technology Jodhpur,"Mechanical Engineering (4 Years, Bachelor of Technology)",AI,SC,Female-only (including Supernumerary),4003,4191,4191,4191,4191
Indian Institute of Technology Jodhpur,"Mechanical Engineering (4 Years, Bachelor of Technology)",AI,ST,Gender-Neutral,1081,1141,1141,1141,1141
Indian Institute of Technology Jodhpur,"Mechanical Engineering (4 Years, Bachelor of Technology)",AI,ST,Female-only (including Supernumerary),1728,1728,1728,1728,1728
Indian Institute of Technology Kanpur,"Aerospace Engineering (4 Years, Bachelor of Technology)",AI,OPEN,Gender-Neutral,3686,3686,3686,3887,4015
Indian Institute of Technology Kanpur,"Aerospace Engineering (4 Years, Bachelor of Technology)",AI,OPEN,Female-only (including Supernumerary),8583,8583,8583,8583,9329
Indian Institute of Technology Kanpur,"Aerospace Engineering (4 Years, Bachelor of Technology)",AI,OPEN (PwD),Gender-Neutral,254,254,254,254,310
Indian Institute of Technology Kanpur,"Aerospace Engineering (4 Years, Bachelor of Technology)",AI,EWS,Gender-Neutral,849,855,855,855,855
Indian Institute of Technology Kanpur,"Aerospace Engineering (4 Years, Bachelor of Technology)",AI,EWS,Female-only (including Supernumerary),1669,1669,1669,1669,1863
Indian Institute of Technology Kanpur,"Aerospace Engineering (4 Years, Bachelor of Technology)",AI,EWS (PwD),Gender-Neutral,46P,,,,
Indian Institute of Technology Kanpur,"Aerospace Engineering (4 Years, Bachelor of Technology)",AI,OBC-NCL,Gender-Neutral,2021,2120,2120,2120,2121
Indian Institute of Technology Kanpur,"Aerospace Engineering (4 Years, Bachelor of Technology)",AI,OBC-NCL,Female-only (including Supernumerary),4892,4904,4904,4904,4904
Indian Institute of Technology Kanpur,"Aerospace Engineering (4 Years, Bachelor of Technology)",AI,OBC-NCL (PwD),Gender-Neutral,67P,106P,106P,106P,106P
Indian Institute of Technology Kanpur,"Aerospace Engineering (4 Years, Bachelor of Technology)",AI,SC,Gender-Neutral,1146,1265,1265,1265,1265
Indian Institute of Technology Kanpur,"Aerospace Engineering (4 Years, Bachelor of Technology)",AI,SC,Female-only (including Supernumerary),2233,2233,2233,2233,2233
Indian Institute of Technology Kanpur,"Aerospace Engineering (4 Years, Bachelor of Technology)",AI,ST,Gender-Neutral,610,610,610,610,610
Indian Institute of Technology Kanpur,"Aerospace Engineering (4 Years, Bachelor of Technology)",AI,ST,Female-only (including Supernumerary),680,1198,1198,1198,1198
Indian Institute of Technology Kanpur,"Biological Sciences and Bioengineering (4 Years, Bachelor of Technology)",AI,OPEN,Gender-Neutral,7281,7344,7416,7416,7837
Indian Institute of Technology Kanpur,"Biological Sciences and Bioengineering (4 Years, Bachelor of Technology)",AI,OPEN,Female-only (including Supernumerary),12775,12775,12775,12775,13834
Indian Institute of Technology Kanpur,"Biological Sciences and Bioengineering (4 Years, Bachelor of Technology)",AI,OPEN (PwD),Gender-Neutral,407P,,,,
Indian Institute of Technology Kanpur,"Biological Sciences and Bioengineering (4 Years, Bachelor of Technology)",AI,EWS,Gender-Neutral,1285,1285,1285,1285,1285
Indian Institute of Technology Kanpur,"Biological Sciences and Bioengineering (4 Years, Bachelor of Technology)",AI,EWS,Female-only (including Supernumerary),3285,3285,3285,3285,3285
Indian Institute of Technology Kanpur,"Biological Sciences and Bioengineering (4 Years, Bachelor of Technology)",AI,OBC-NCL,Gender-Neutral,3501,3620,3620,3620,3688
Indian Institute of Technology Kanpur,"Biological Sciences and Bioengineering (4 Years, Bachelor of Technology)",AI,OBC-NCL,Female-only (including Supernumerary),7272,7272,7272,7272,7338
Indian Institute of Technology Kanpur,"Biological Sciences and Bioengineering (4 Years, Bachelor of Technology)",AI,SC,Gender-Neutral,2217,2237,2237,2237,2248
Indian Institute of Technology Kanpur,"Biological Sciences and Bioengineering (4 Years, Bachelor of Technology)",AI,SC,Female-only (including Supernumerary),3747,3880,3880,3880,3880
Indian Institute of Technology Kanpur,"Biological Sciences and Bioengineering (4 Years, Bachelor of Technology)",AI,ST,Gender-Neutral,1123,1123,1123,1123,1123
Indian Institute of Technology Kanpur,"Biological Sciences and Bioengineering (4 Years, Bachelor of Technology)",AI,ST,Female-only (including Supernumerary),1519,1519,1519,1519,1519
Indian Institute of Technology Kanpur,"Chemical Engineering (4 Years, Bachelor of Technology)",AI,OPEN,Gender-Neutral,4284,4284,4284,4284,4436
Indian Institute of Technology Kanpur,"Chemical Engineering (4 Years, Bachelor of Technology)",AI,OPEN,Female-only (including Supernumerary),9334,9334,9334,9334,9970
Indian Institute of Technology Kanpur,"Chemical Engineering (4 Years, Bachelor of Technology)",AI,OPEN (PwD),Gender-Neutral,229P,327P,327P,327P,327P
Indian Institute of Technology Kanpur,"Chemical Engineering (4 Years, Bachelor of Technology)",AI,EWS,Gender-Neutral,758,800,800,800,836
Indian Institute of Technology Kanpur,"Chemical Engineering (4 Years, Bachelor of Technology)",AI,EWS,Female-only (including Supernumerary),1892,1892,1892,1892,1892
Indian Institute of Technology Kanpur,"Chemical Engineering (4 Years, Bachelor of Technology)",AI,OBC-NCL,Gender-Neutral,2105,2136,2136,2136,2148
Indian Institute of Technology Kanpur,"Chemical Engineering (4 Years, Bachelor of Technology)",AI,OBC-NCL,Female-only (including Supernumerary),4772,4824,4824,4824,4824
Indian Institute of Technology Kanpur,"Chemical Engineering (4 Years, Bachelor of Technology)",AI,OBC-NCL (PwD),Gender-Neutral,202P,,,,
Indian Institute of Technology Kanpur,"Chemical Engineering (4 Years, Bachelor of Technology)",AI,SC,Gender-Neutral,1310,1341,1341,1341,1341
Indian Institute of Technology Kanpur,"Chemical Engineering (4 Years, Bachelor of Technology)",AI,SC,Female-only (including Supernumerary),2479,2500,2500,2500,2500
Indian Institute of Technology Kanpur,"Chemical Engineering (4 Years, Bachelor of Technology)",AI,ST,Gender-Neutral,776,798,798,798,798
Indian Institute of Technology Kanpur,"Chemical Engineering (4 Years, Bachelor of Technology)",AI,ST,Female-only (including Supernumerary),1231,1231,1231,1231,1231
Indian Institute of Technology Kanpur,"Chemistry (4 Years, Bachelor of Science)",AI,OPEN,Gender-Neutral,9823,10035,10035,10035,11668
Indian Institute of Technology Kanpur,"Chemistry (4 Years, Bachelor of Science)",AI,OPEN,Female-only (including Supernumerary),18289,18289,18289,18289,18289
Indian Institute of Technology Kanpur,"Chemistry (4 Years, Bachelor of Science)",AI,EWS,Gender-Neutral,1909,1909,1909,1909,2023
Indian Institute of Technology Kanpur,"Chemistry (4 Years, Bachelor of Science)",AI,EWS,Female-only (including Supernumerary),3769,3769,3769,3769,3769
Indian Institute of Technology Kanpur,"Chemistry (4 Years, Bachelor of Science)",AI,OBC-NCL,Gender-Neutral,4743,4756,4756,4756,4997
Indian Institute of Technology Kanpur,"Chemistry (4 Years, Bachelor of Science)",AI,OBC-NCL,Female-only (including Supernumerary),9266,9266,9266,9266,9266
Indian Institute of Technology Kanpur,"Chemistry (4 Years, Bachelor of Science)",AI,SC,Gender-Neutral,2753,2846,2846,2846,2885
Indian Institute of Technology Kanpur,"Chemistry (4 Years, Bachelor of Science)",AI,SC,Female-only (including Supernumerary),4047,4047,4047,4047,4418
Indian Institute of Technology Kanpur,"Chemistry (4 Years, Bachelor of Science)",AI,ST,Gender-Neutral,1435,1479,1479,1479,1547
Indian Institute of Technology Kanpur,"Chemistry (4 Years, Bachelor of Science)",AI,ST,Female-only (including Supernumerary),1998,2077,2077,2077,2077
Indian Institute of Technology Kanpur,"Civil Engineering (4 Years, Bachelor of Technology)",AI,OPEN,Gender-Neutral,6585,6632,6632,6640,7177
Indian Institute of Technology Kanpur,"Civil Engineering (4 Years, Bachelor of Technology)",AI,OPEN,Female-only (including Supernumerary),13559,13834,13834,14104,14786
Indian Institute of Technology Kanpur,"Civil Engineering (4 Years, Bachelor of Technology)",AI,OPEN (PwD),Gender-Neutral,132P,132P,132P,132P,132P
Indian Institute of Technology Kanpur,"Civil Engineering (4 Years, Bachelor of Technology)",AI,OPEN (PwD),Female-only (including Supernumerary),488P,488P,488P,488P,488P
Indian Institute of Technology Kanpur,"Civil Engineering (4 Years, Bachelor of Technology)",AI,EWS,Gender-Neutral,1065,1121,1136,1136,1148
Indian Institute of Technology Kanpur,"Civil Engineering (4 Years, Bachelor of Technology)",AI,EWS,Female-only (including Supernumerary),2687,2687,2687,2687,2687
Indian Institute of Technology Kanpur,"Civil Engineering (4 Years, Bachelor of Technology)",AI,EWS (PwD),Gender-Neutral,40P,80P,80P,80P,80P
Indian Institute of Technology Kanpur,"Civil Engineering (4 Years, Bachelor of Technology)",AI,OBC-NCL,Gender-Neutral,2861,2943,2943,2943,3058
Indian Institute of Technology Kanpur,"Civil Engineering (4 Years, Bachelor of Technology)",AI,OBC-NCL,Female-only (including Supernumerary),6908,6908,6928,6931,7175
Indian Institute of Technology Kanpur,"Civil Engineering (4 Years, Bachelor of Technology)",AI,OBC-NCL (PwD),Gender-Neutral,147P,158P,158P,158P,
Indian Institute of Technology Kanpur,"Civil Engineering (4 Years, Bachelor of Technology)",AI,SC,Gender-Neutral,1626,1705,1705,1705,1744
Indian Institute of Technology Kanpur,"Civil Engineering (4 Years, Bachelor of Technology)",AI,SC,Female-only (including Supernumerary),3122,3122,3122,3122,3122
Indian Institute of Technology Kanpur,"Civil Engineering (4 Years, Bachelor of Technology)",AI,ST,Gender-Neutral,622,628,628,628,628
Indian Institute of Technology Kanpur,"Civil Engineering (4 Years, Bachelor of Technology)",AI,ST,Female-only (including Supernumerary),734,734,734,734,734
Indian Institute of Technology Kanpur,"Computer Science and Engineering (4 Years, Bachelor of Technology)",AI,OPEN,Gender-Neutral,276,276,276,276,283
Indian Institute of Technology Kanpur,"Computer Science and Engineering (4 Years, Bachelor of Technology)",AI,OPEN,Female-only (including Supernumerary),1223,1223,1223,1223,1223
Indian Institute of Technology Kanpur,"Computer Science and Engineering (4 Years, Bachelor of Technology)",AI,OPEN (PwD),Gender-Neutral,18,18,18,18,18
Indian Institute of Technology Kanpur,"Computer Science and Engineering (4 Years, Bachelor of Technology)",AI,OPEN (PwD),Female-only (including Supernumerary),58,58,58,58,58
Indian Institute of Technology Kanpur,"Computer Science and Engineering (4 Years, Bachelor of Technology)",AI,EWS,Gender-Neutral,48,48,48,48,48
Indian Institute of Technology Kanpur,"Computer Science and Engineering (4 Years, Bachelor of Technology)",AI,EWS,Female-only (including Supernumerary),176,176,176,176,176
Indian Institute of Technology Kanpur,"Computer Science and Engineering (4 Years, Bachelor of Technology)",AI,EWS (PwD),Gender-Neutral,3,3,3,3,3
Indian Institute of Technology Kanpur,"Computer Science and Engineering (4 Years, Bachelor of Technology)",AI,OBC-NCL,Gender-Neutral,155,158,158,158,158
Indian Institute of Technology Kanpur,"Computer Science and Engineering (4 Years, Bachelor of Technology)",AI,OBC-NCL,Female-only (including Supernumerary),666,666,666,666,666
Indian Institute of Technology Kanpur,"Computer Science and Engineering (4 Years, Bachelor of Technology)",AI,OBC-NCL (PwD),Gender-Neutral,9,9,9,9,9
Indian Institute of Technology Kanpur,"Computer Science and Engineering (4 Years, Bachelor of Technology)",AI,SC,Gender-Neutral,86,88,88,88,88
Indian Institute of Technology Kanpur,"Computer Science and Engineering (4 Years, Bachelor of Technology)",AI,SC,Female-only (including Supernumerary),410,410,410,410,410
Indian Institute of Technology Kanpur,"Computer Science and Engineering (4 Years, Bachelor of Technology)",AI,SC (PwD),Gender-Neutral,6,6,6,6,6
Indian Institute of Technology Kanpur,"Computer Science and Engineering (4 Years, Bachelor of Technology)",AI,ST,Gender-Neutral,43,43,43,43,43
Indian Institute of Technology Kanpur,"Computer Science and Engineering (4 Years, Bachelor of Technology)",AI,ST,Female-only (including Supernumerary),62,62,62,62,62
Indian Institute of Technology Kanpur,"Computer Science and Engineering (4 Years, Bachelor of Technology)",AI,ST (PwD),Gender-Neutral,4,4,4,4,4
Indian Institute of Technology Kanpur,"Earth Sciences (4 Years, Bachelor of Science)",AI,OPEN,Gender-Neutral,10552,10552,10552,10552,10774
Indian Institute of Technology Kanpur,"Earth Sciences (4 Years, Bachelor of Science)",AI,OPEN,Female-only (including Supernumerary),18718,19921,19921,19921,21312
Indian Institute of Technology Kanpur,"Earth Sciences (4 Years, Bachelor of Science)",AI,OPEN (PwD),Gender-Neutral,515P,515P,515P,515P,515P
Indian Institute of Technology Kanpur,"Earth Sciences (4 Years, Bachelor of Science)",AI,EWS,Gender-Neutral,1677,1677,1677,1677,1698
Indian Institute of Technology Kanpur,"Earth Sciences (4 Years, Bachelor of Science)",AI,EWS,Female-only (including Supernumerary),3272,3272,3272,3272,3272
Indian Institute of Technology Kanpur,"Earth Sciences (4 Years, Bachelor of Science)",AI,OBC-NCL,Gender-Neutral,4718,4776,4776,4776,4992
Indian Institute of Technology Kanpur,"Earth Sciences (4 Years, Bachelor of Science)",AI,OBC-NCL,Female-only (including Supernumerary),9100,9100,9100,9100,9100
Indian Institute of Technology Kanpur,"Earth Sciences (4 Years, Bachelor of Science)",AI,SC,Gender-Neutral,2665,2881,2881,2881,2903
Indian Institute of Technology Kanpur,"Earth Sciences (4 Years, Bachelor of Science)",AI,SC,Female-only (including Supernumerary),4216,4577,4577,4577,4577
Indian Institute of Technology Kanpur,"Earth Sciences (4 Years, Bachelor of Science)",AI,ST,Gender-Neutral,1473,1475,1475,1475,1481
Indian Institute of Technology Kanpur,"Earth Sciences (4 Years, Bachelor of Science)",AI,ST,Female-only (including Supernumerary),1877,1877,1877,1877,1877
Indian Institute of Technology Kanpur,"Economics (4 Years, Bachelor of Science)",AI,OPEN,Gender-Neutral,3607,3607,3607,3650,3650
Indian Institute of Technology Kanpur,"Economics (4 Years, Bachelor of Science)",AI,OPEN,Female-only (including Supernumerary),7659,7659,7659,7659,7659
Indian Institute of Technology Kanpur,"Economics (4 Years, Bachelor of Science)",AI,OPEN (PwD),Gender-Neutral,149,149,149,149,149
Indian Institute of Technology Kanpur,"Economics (4 Years, Bachelor of Science)",AI,EWS,Gender-Neutral,650,650,650,650,650
Indian Institute of Technology Kanpur,"Economics (4 Years, Bachelor of Science)",AI,EWS,Female-only (including Supernumerary),1656,1656,1656,1656,1656
Indian Institute of Technology Kanpur,"Economics (4 Years, Bachelor of Science)",AI,OBC-NCL,Gender-Neutral,2429,2438,2438,2438,2438
Indian Institute of Technology Kanpur,"Economics (4 Years, Bachelor of Science)",AI,OBC-NCL,Female-only (including Supernumerary),5416,5416,5416,5416,5416
Indian Institute of Technology Kanpur,"Economics (4 Years, Bachelor of Science)",AI,SC,Gender-Neutral,1614,1614,1614,1614,1614
Indian Institute of Technology Kanpur,"Economics (4 Years, Bachelor of Science)",AI,SC,Female-only (including Supernumerary),2624,2878,2878,2878,2878
Indian Institute of Technology Kanpur,"Economics (4 Years, Bachelor of Science)",AI,ST,Gender-Neutral,965,965,965,965,965
Indian Institute of Technology Kanpur,"Economics (4 Years, Bachelor of Science)",AI,ST,Female-only (including Supernumerary),1134,1134,1134,1134,1134
Indian Institute of Technology Kanpur,"Electrical Engineering (4 Years, Bachelor of Technology)",AI,OPEN,Gender-Neutral,1151,1151,1151,1160,1171
Indian Institute of Technology Kanpur,"Electrical Engineering (4 Years, Bachelor of Technology)",AI,OPEN,Female-only (including Supernumerary),3425,3425,3425,3425,3452
Indian Institute of Technology Kanpur,"Electrical Engineering (4 Years, Bachelor of Technology)",AI,OPEN (PwD),Gender-Neutral,99,105,105,105,105
Indian Institute of Technology Kanpur,"Electrical Engineering (4 Years, Bachelor of Technology)",AI,OPEN (PwD),Female-only (including Supernumerary),245,245,245,245,245
Indian Institute of Technology Kanpur,"Electrical Engineering (4 Years, Bachelor of Technology)",AI,EWS,Gender-Neutral,234,239,239,239,239
Indian Institute of Technology Kanpur,"Electrical Engineering (4 Years, Bachelor of Technology)",AI,EWS,Female-only (including Supernumerary),969,969,969,969,969
Indian Institute of Technology Kanpur,"Electrical Engineering (4 Years, Bachelor of Technology)",AI,EWS (PwD),Gender-Neutral,28,28,28,28,28
Indian Institute of Technology Kanpur,"Electrical Engineering (4 Years, Bachelor of Technology)",AI,OBC-NCL,Gender-Neutral,681,693,693,693,693
Indian Institute of Technology Kanpur,"Electrical Engineering (4 Years, Bachelor of Technology)",AI,OBC-NCL,Female-only (including Supernumerary),2153,2153,2153,2153,2153
Indian Institute of Technology Kanpur,"Electrical Engineering (4 Years, Bachelor of Technology)",AI,OBC-NCL (PwD),Gender-Neutral,71,71,71,71,71
Indian Institute of Technology Kanpur,"Electrical Engineering (4 Years, Bachelor of Technology)",AI,OBC-NCL (PwD),Female-only (including Supernumerary),118,118,118,118,118
Indian Institute of Technology Kanpur,"Electrical Engineering (4 Years, Bachelor of Technology)",AI,SC,Gender-Neutral,407,427,427,427,427
Indian Institute of Technology Kanpur,"Electrical Engineering (4 Years, Bachelor of Technology)",AI,SC,Female-only (including Supernumerary),993,1095,1095,1095,1095
Indian Institute of Technology Kanpur,"Electrical Engineering (4 Years, Bachelor of Technology)",AI,SC (PwD),Gender-Neutral,5,5,5,5,5
Indian Institute of Technology Kanpur,"Electrical Engineering (4 Years, Bachelor of Technology)",AI,SC (PwD),Female-only (including Supernumerary),26P,,,,
Indian Institute of Technology Kanpur,"Electrical Engineering (4 Years, Bachelor of Technology)",AI,ST,Gender-Neutral,199,199,199,199,199
Indian Institute of Technology Kanpur,"Electrical Engineering (4 Years, Bachelor of Technology)",AI,ST,Female-only (including Supernumerary),368,368,368,368,368
Indian Institute of Technology Kanpur,"Intelligent Systems (4 Years, Bachelor of Technology)",AI,OPEN,Gender-Neutral,1134,1134,1134,1134,1134
Indian Institute of Technology Kanpur,"Intelligent Systems (4 Years, Bachelor of Technology)",AI,OPEN,Female-only (including Supernumerary),3082,3082,3082,3082,3082
Indian Institute of Technology Kanpur,"Intelligent Systems (4 Years, Bachelor of Technology)",AI,OPEN (PwD),Gender-Neutral,60,60,60,60,60
Indian Institute of Technology Kanpur,"Intelligent Systems (4 Years, Bachelor of Technology)",AI,EWS,Gender-Neutral,193,193,193,193,193
Indian Institute of Technology Kanpur,"Intelligent Systems (4 Years, Bachelor of Technology)",AI,EWS,Female-only (including Supernumerary),938,938,938,938,938
Indian Institute of Technology Kanpur,"Intelligent Systems (4 Years, Bachelor of Technology)",AI,OBC-NCL,Gender-Neutral,636,674,674,674,674
Indian Institute of Technology Kanpur,"Intelligent Systems (4 Years, Bachelor of Technology)",AI,OBC-NCL,Female-only (including Supernumerary),1655,1655,1655,1655,1655
Indian Institute of Technology Kanpur,"Intelligent Systems (4 Years, Bachelor of Technology)",AI,SC,Gender-Neutral,513,513,513,513,513
Indian Institute of Technology Kanpur,"Intelligent Systems (4 Years, Bachelor of Technology)",AI,SC,Female-only (including Supernumerary),1386,1386,1386,1386,1386
Indian Institute of Technology Kanpur,"Intelligent Systems (4 Years, Bachelor of Technology)",AI,ST,Gender-Neutral,275,275,275,275,275
Indian Institute of Technology Kanpur,"Materials Science and Engineering (4 Years, Bachelor of Technology)",AI,OPEN,Gender-Neutral,6076,6178,6178,6195,6533
Indian Institute of Technology Kanpur,"Materials Science and Engineering (4 Years, Bachelor of Technology)",AI,OPEN,Female-only (including Supernumerary),12093,12216,12216,12216,12216
Indian Institute of Technology Kanpur,"Materials Science and Engineering (4 Years, Bachelor of Technology)",AI,OPEN (PwD),Gender-Neutral,292P,292P,292P,292P,292P
Indian Institute of Technology Kanpur,"Materials Science and Engineering (4 Years, Bachelor of Technology)",AI,EWS,Gender-Neutral,1081,1163,1163,1179,1199
Indian Institute of Technology Kanpur,"Materials Science and Engineering (4 Years, Bachelor of Technology)",AI,EWS,Female-only (including Supernumerary),2700,2700,2700,2700,2700
Indian Institute of Technology Kanpur,"Materials Science and Engineering (4 Years, Bachelor of Technology)",AI,OBC-NCL,Gender-Neutral,3054,3073,3073,3103,3149
Indian Institute of Technology Kanpur,"Materials Science and Engineering (4 Years, Bachelor of Technology)",AI,OBC-NCL,Female-only (including Supernumerary),7175,7175,7175,7175,7195
Indian Institute of Technology Kanpur,"Materials Science and Engineering (4 Years, Bachelor of Technology)",AI,OBC-NCL (PwD),Gender-Neutral,167P,,,,
Indian Institute of Technology Kanpur,"Materials Science and Engineering (4 Years, Bachelor of Technology)",AI,SC,Gender-Neutral,1881,1881,1881,1881,1881
Indian Institute of Technology Kanpur,"Materials Science and Engineering (4 Years, Bachelor of Technology)",AI,SC,Female-only (including Supernumerary),3376,3541,3541,3541,3559
Indian Institute of Technology Kanpur,"Materials Science and Engineering (4 Years, Bachelor of Technology)",AI,ST,Gender-Neutral,1003,1031,1031,1031,1197
Indian Institute of Technology Kanpur,"Materials Science and Engineering (4 Years, Bachelor of Technology)",AI,ST,Female-only (including Supernumerary),1497,1497,1497,1497,1497
Indian Institute of Technology Kanpur,"Mathematics and Scientific Computing (4 Years, Bachelor of Science)",AI,OPEN,Gender-Neutral,1258,1258,1258,1260,1270
Indian Institute of Technology Kanpur,"Mathematics and Scientific Computing (4 Years, Bachelor of Science)",AI,OPEN,Female-only (including Supernumerary),4434,4434,4434,4434,4434
Indian Institute of Technology Kanpur,"Mathematics and Scientific Computing (4 Years, Bachelor of Science)",AI,OPEN (PwD),Gender-Neutral,138,138,138,138,138
Indian Institute of Technology Kanpur,"Mathematics and Scientific Computing (4 Years, Bachelor of Science)",AI,EWS,Gender-Neutral,205,205,205,205,205
Indian Institute of Technology Kanpur,"Mathematics and Scientific Computing (4 Years, Bachelor of Science)",AI,EWS,Female-only (including Supernumerary),761,761,761,761,761
Indian Institute of Technology Kanpur,"Mathematics and Scientific Computing (4 Years, Bachelor of Science)",AI,OBC-NCL,Gender-Neutral,707,707,707,707,707
Indian Institute of Technology Kanpur,"Mathematics and Scientific Computing (4 Years, Bachelor of Science)",AI,OBC-NCL,Female-only (including Supernumerary),2474,2474,2474,2474,2474
Indian Institute of Technology Kanpur,"Mathematics and Scientific Computing (4 Years, Bachelor of Science)",AI,OBC-NCL (PwD),Gender-Neutral,72,72,72,72,72
Indian Institute of Technology Kanpur,"Mathematics and Scientific Computing (4 Years, Bachelor of Science)",AI,SC,Gender-Neutral,487,487,487,487,487
Indian Institute of Technology Kanpur,"Mathematics and Scientific Computing (4 Years, Bachelor of Science)",AI,SC,Female-only (including Supernumerary),1251,1251,1251,1251,1251
Indian Institute of Technology Kanpur,"Mathematics and Scientific Computing (4 Years, Bachelor of Science)",AI,ST,Gender-Neutral,319,319,319,319,319
Indian Institute of Technology Kanpur,"Mathematics and Scientific Computing (4 Years, Bachelor of Science)",AI,ST,Female-only (including Supernumerary),332,332,332,332,332
Indian Institute of Technology Kanpur,"Mechanical Engineering (4 Years, Bachelor of Technology)",AI,OPEN,Gender-Neutral,2980,3005,3005,3067,3178
Indian Institute of Technology Kanpur,"Mechanical Engineering (4 Years, Bachelor of Technology)",AI,OPEN,Female-only (including Supernumerary),8575,8575,8575,8575,8968
Indian Institute of Technology Kanpur,"Mechanical Engineering (4 Years, Bachelor of Technology)",AI,OPEN (PwD),Gender-Neutral,238,238,238,238,238
Indian Institute of Technology Kanpur,"Mechanical Engineering (4 Years, Bachelor of Technology)",AI,EWS,Gender-Neutral,584,584,584,584,584
Indian Institute of Technology Kanpur,"Mechanical Engineering (4 Years, Bachelor of Technology)",AI,EWS,Female-only (including Supernumerary),1573,1573,1573,1573,1573
Indian Institute of Technology Kanpur,"Mechanical Engineering (4 Years, Bachelor of Technology)",AI,EWS (PwD),Gender-Neutral,33,40P,40P,40P,40P
Indian Institute of Technology Kanpur,"Mechanical Engineering (4 Years, Bachelor of Technology)",AI,OBC-NCL,Gender-Neutral,1514,1532,1532,1532,1578
Indian Institute of Technology Kanpur,"Mechanical Engineering (4 Years, Bachelor of Technology)",AI,OBC-NCL,Female-only (including Supernumerary),4103,4237,4237,4237,4297
Indian Institute of Technology Kanpur,"Mechanical Engineering (4 Years, Bachelor of Technology)",AI,OBC-NCL (PwD),Gender-Neutral,106P,166P,166P,166P,166P
Indian Institute of Technology Kanpur,"Mechanical Engineering (4 Years, Bachelor of Technology)",AI,SC,Gender-Neutral,893,918,918,918,924
Indian Institute of Technology Kanpur,"Mechanical Engineering (4 Years, Bachelor of Technology)",AI,SC,Female-only (including Supernumerary),2103,2199,2199,2199,2199
Indian Institute of Technology Kanpur,"Mechanical Engineering (4 Years, Bachelor of Technology)",AI,ST,Gender-Neutral,499,504,504,504,504
Indian Institute of Technology Kanpur,"Mechanical Engineering (4 Years, Bachelor of Technology)",AI,ST,Female-only (including Supernumerary),1044,1044,1044,1044,1044
Indian Institute of Technology Kanpur,"Physics (4 Years, Bachelor of Science)",AI,OPEN,Gender-Neutral,5128,5330,5330,5330,5723
Indian Institute of Technology Kanpur,"Physics (4 Years, Bachelor of Science)",AI,OPEN,Female-only (including Supernumerary),13641,13641,13641,13641,13641
Indian Institute of Technology Kanpur,"Physics (4 Years, Bachelor of Science)",AI,EWS,Gender-Neutral,1429,1445,1445,1445,1517
Indian Institute of Technology Kanpur,"Physics (4 Years, Bachelor of Science)",AI,EWS,Female-only (including Supernumerary),3324,3324,3324,3324,3324
Indian Institute of Technology Kanpur,"Physics (4 Years, Bachelor of Science)",AI,OBC-NCL,Gender-Neutral,3622,3905,3905,3905,4365
Indian Institute of Technology Kanpur,"Physics (4 Years, Bachelor of Science)",AI,OBC-NCL,Female-only (including Supernumerary),7419,7419,7419,7419,8990
Indian Institute of Technology Kanpur,"Physics (4 Years, Bachelor of Science)",AI,SC,Gender-Neutral,2302,2308,2308,2308,2448
Indian Institute of Technology Kanpur,"Physics (4 Years, Bachelor of Science)",AI,SC,Female-only (including Supernumerary),3103,3103,3103,3103,3103
Indian Institute of Technology Kanpur,"Physics (4 Years, Bachelor of Science)",AI,ST,Gender-Neutral,1351,1351,1351,1351,1351
Indian Institute of Technology Kanpur,"Physics (4 Years, Bachelor of Science)",AI,ST,Female-only (including Supernumerary),2021,2079,2079,2079,2106
Indian Institute of Technology Kanpur,"Statistics and Data Science (4 Years, Bachelor of Science)",AI,OPEN,Gender-Neutral,1299,1299,1299,1299,1409
Indian Institute of Technology Kanpur,"Statistics and Data Science (4 Years, Bachelor of Science)",AI,OPEN,Female-only (including Supernumerary),3461,3461,3461,3461,3461
Indian Institute of Technology Kanpur,"Statistics and Data Science (4 Years, Bachelor of Science)",AI,EWS,Gender-Neutral,207,207,207,207,207
Indian Institute of Technology Kanpur,"Statistics and Data Science (4 Years, Bachelor of Science)",AI,EWS,Female-only (including Supernumerary),957,957,957,957,957
Indian Institute of Technology Kanpur,"Statistics and Data Science (4 Years, Bachelor of Science)",AI,OBC-NCL,Gender-Neutral,823,823,823,823,823
Indian Institute of Technology Kanpur,"Statistics and Data Science (4 Years, Bachelor of Science)",AI,OBC-NCL,Female-only (including Supernumerary),2376,2376,2376,2376,2376
Indian Institute of Technology Kanpur,"Statistics and Data Science (4 Years, Bachelor of Science)",AI,SC,Gender-Neutral,518,565,565,565,569
Indian Institute of Technology Kanpur,"Statistics and Data Science (4 Years, Bachelor of Science)",AI,SC,Female-only (including Supernumerary),930,930,930,930,930
Indian Institute of Technology Kanpur,"Statistics and Data Science (4 Years, Bachelor of Science)",AI,ST,Gender-Neutral,252,252,252,252,252
Indian Institute of Technology Madras,"Aerospace Engineering (4 Years, Bachelor of Technology)",AI,OPEN,Gender-Neutral,3125,3125,3125,3269,3278
Indian Institute of Technology Madras,"Aerospace Engineering (4 Years, Bachelor of Technology)",AI,OPEN,Female-only (including Supernumerary),7578,7578,7578,7578,7578
Indian Institute of Technology Madras,"Aerospace Engineering (4 Years, Bachelor of Technology)",AI,OPEN (PwD),Gender-Neutral,194,194,194,194,194
Indian Institute of Technology Madras,"Aerospace Engineering (4 Years, Bachelor of Technology)",AI,EWS,Gender-Neutral,672,835,835,835,835
Indian Institute of Technology Madras,"Aerospace Engineering (4 Years, Bachelor of Technology)",AI,EWS,Female-only (including Supernumerary),1184,1184,1184,1184,1184
Indian Institute of Technology Madras,"Aerospace Engineering (4 Years, Bachelor of Technology)",AI,OBC-NCL,Gender-Neutral,1634,1706,1706,1706,1868
Indian Institute of Technology Madras,"Aerospace Engineering (4 Years, Bachelor of Technology)",AI,OBC-NCL,Female-only (including Supernumerary),3378,3378,3378,3378,3378
Indian Institute of Technology Madras,"Aerospace Engineering (4 Years, Bachelor of Technology)",AI,OBC-NCL (PwD),Gender-Neutral,6P,6P,6P,6P,6P
Indian Institute of Technology Madras,"Aerospace Engineering (4 Years, Bachelor of Technology)",AI,SC,Gender-Neutral,845,1034,1034,1034,1034
Indian Institute of Technology Madras,"Aerospace Engineering (4 Years, Bachelor of Technology)",AI,SC,Female-only (including Supernumerary),1641,1641,1641,1641,1641
Indian Institute of Technology Madras,"Aerospace Engineering (4 Years, Bachelor of Technology)",AI,ST,Gender-Neutral,481,481,481,481,481
Indian Institute of Technology Madras,"Aerospace Engineering (4 Years, Bachelor of Technology)",AI,ST,Female-only (including Supernumerary),520,520,520,520,520
Indian Institute of Technology Madras,"Aerospace Engineering (5 Years, Bachelor and Master of Technology (Dual Degree))",AI,OPEN,Gender-Neutral,3175,3175,3175,3175,3389
Indian Institute of Technology Madras,"Aerospace Engineering (5 Years, Bachelor and Master of Technology (Dual Degree))",AI,OPEN,Female-only (including Supernumerary),7868,7868,7868,7868,7868
Indian Institute of Technology Madras,"Aerospace Engineering (5 Years, Bachelor and Master of Technology (Dual Degree))",AI,EWS,Gender-Neutral,729,859,859,859,859
Indian Institute of Technology Madras,"Aerospace Engineering (5 Years, Bachelor and Master of Technology (Dual Degree))",AI,OBC-NCL,Gender-Neutral,1456,1456,1456,1456,1456
Indian Institute of Technology Madras,"Aerospace Engineering (5 Years, Bachelor and Master of Technology (Dual Degree))",AI,OBC-NCL,Female-only (including Supernumerary),4123,4706,4706,4706,4706
Indian Institute of Technology Madras,"Aerospace Engineering (5 Years, Bachelor and Master of Technology (Dual Degree))",AI,SC,Gender-Neutral,771,1129,1129,1129,1129
Indian Institute of Technology Madras,"Aerospace Engineering (5 Years, Bachelor and Master of Technology (Dual Degree))",AI,ST,Gender-Neutral,507,507,507,507,507
Indian Institute of Technology Madras,"Artificial Intelligence and Data Analytics (4 Years, Bachelor of Technology)",AI,OPEN,Gender-Neutral,226,226,226,226,226
Indian Institute of Technology Madras,"Artificial Intelligence and Data Analytics (4 Years, Bachelor of Technology)",AI,OPEN,Female-only (including Supernumerary),1119,1119,1119,1119,1119
Indian Institute of Technology Madras,"Artificial Intelligence and Data Analytics (4 Years, Bachelor of Technology)",AI,OPEN (PwD),Gender-Neutral,17,17,17,17,17
Indian Institute of Technology Madras,"Artificial Intelligence and Data Analytics (4 Years, Bachelor of Technology)",AI,EWS,Gender-Neutral,65,65,65,65,65
Indian Institute of Technology Madras,"Artificial Intelligence and Data Analytics (4 Years, Bachelor of Technology)",AI,EWS,Female-only (including Supernumerary),115,115,115,115,115
Indian Institute of Technology Madras,"Artificial Intelligence and Data Analytics (4 Years, Bachelor of Technology)",AI,OBC-NCL,Gender-Neutral,160,161,161,161,161
Indian Institute of Technology Madras,"Artificial Intelligence and Data Analytics (4 Years, Bachelor of Technology)",AI,OBC-NCL,Female-only (including Supernumerary),474,474,474,474,474
Indian Institute of Technology Madras,"Artificial Intelligence and Data Analytics (4 Years, Bachelor of Technology)",AI,OBC-NCL (PwD),Gender-Neutral,17,17,17,17,17
Indian Institute of Technology Madras,"Artificial Intelligence and Data Analytics (4 Years, Bachelor of Technology)",AI,SC,Gender-Neutral,163,163,163,163,163
Indian Institute of Technology Madras,"Artificial Intelligence and Data Analytics (4 Years, Bachelor of Technology)",AI,SC,Female-only (including Supernumerary),334,334,334,334,334
Indian Institute of Technology Madras,"Artificial Intelligence and Data Analytics (4 Years, Bachelor of Technology)",AI,ST,Gender-Neutral,60,60,60,60,60
Indian Institute of Technology Madras,"Artificial Intelligence and Data Analytics (4 Years, Bachelor of Technology)",AI,ST (PwD),Female-only (including Supernumerary),2,2,2,2,2
Indian Institute of Technology Madras,"Biological Engineering (4 Years, Bachelor of Technology)",AI,OPEN,Gender-Neutral,5940,5987,5987,6172,6440
Indian Institute of Technology Madras,"Biological Engineering (4 Years, Bachelor of Technology)",AI,OPEN,Female-only (including Supernumerary),5042,9103,9103,9103,9103
Indian Institute of Technology Madras,"Biological Engineering (4 Years, Bachelor of Technology)",AI,OPEN (PwD),Gender-Neutral,191P,191P,191P,191P,191P
Indian Institute of Technology Madras,"Biological Engineering (4 Years, Bachelor of Technology)",AI,EWS,Gender-Neutral,1355,1355,1355,1355,1355
Indian Institute of Technology Madras,"Biological Engineering (4 Years, Bachelor of Technology)",AI,EWS,Female-only (including Supernumerary),2520,2520,2520,2520,2520
Indian Institute of Technology Madras,"Biological Engineering (4 Years, Bachelor of Technology)",AI,OBC-NCL,Gender-Neutral,3028,3111,3111,3111,3111
Indian Institute of Technology Madras,"Biological Engineering (4 Years, Bachelor of Technology)",AI,OBC-NCL,Female-only (including Supernumerary),4769,4769,4769,5907,5907
Indian Institute of Technology Madras,"Biological Engineering (4 Years, Bachelor of Technology)",AI,SC,Gender-Neutral,1739,1739,1739,1739,2141
Indian Institute of Technology Madras,"Biological Engineering (4 Years, Bachelor of Technology)",AI,SC,Female-only (including Supernumerary),2365,2365,2365,2365,2365
Indian Institute of Technology Madras,"Biological Engineering (4 Years, Bachelor of Technology)",AI,ST,Gender-Neutral,1010,1010,1010,1010,1010
Indian Institute of Technology Madras,"Biological Science (4 Years, Bachelor of Science)",AI,OPEN,Gender-Neutral,10990,11166,11166,11166,12204
Indian Institute of Technology Madras,"Biological Science (4 Years, Bachelor of Science)",AI,OPEN,Female-only (including Supernumerary),15819,18146,18146,18311,18453
Indian Institute of Technology Madras,"Biological Science (4 Years, Bachelor of Science)",AI,OPEN (PwD),Gender-Neutral,482P,482P,482P,482P,531P
Indian Institute of Technology Madras,"Biological Science (4 Years, Bachelor of Science)",AI,EWS,Gender-Neutral,1921,1921,1921,1921,2010
Indian Institute of Technology Madras,"Biological Science (4 Years, Bachelor of Science)",AI,EWS,Female-only (including Supernumerary),3219,3219,3219,3219,3219
Indian Institute of Technology Madras,"Biological Science (4 Years, Bachelor of Science)",AI,OBC-NCL,Gender-Neutral,4461,4626,4626,4626,4969
Indian Institute of Technology Madras,"Biological Science (4 Years, Bachelor of Science)",AI,OBC-NCL,Female-only (including Supernumerary),7410,7410,7410,7410,7410
Indian Institute of Technology Madras,"Biological Science (4 Years, Bachelor of Science)",AI,SC,Gender-Neutral,2602,2602,2602,2602,2665
Indian Institute of Technology Madras,"Biological Science (4 Years, Bachelor of Science)",AI,SC,Female-only (including Supernumerary),3309,3309,3309,3309,3309
Indian Institute of Technology Madras,"Biological Science (4 Years, Bachelor of Science)",AI,ST,Gender-Neutral,1387,1392,1392,1392,1392
Indian Institute of Technology Madras,"BS in Mathematics (4 Years, Bachelor of Science)",AI,OPEN,Gender-Neutral,1470,1695,1695,1695,1804
Indian Institute of Technology Madras,"BS in Mathematics (4 Years, Bachelor of Science)",AI,OPEN,Female-only (including Supernumerary),4913,4913,4913,5348,5348
Indian Institute of Technology Madras,"BS in Mathematics (4 Years, Bachelor of Science)",AI,OPEN (PwD),Gender-Neutral,63P,63P,63P,63P,63P
Indian Institute of Technology Madras,"BS in Mathematics (4 Years, Bachelor of Science)",AI,EWS,Gender-Neutral,360,360,360,360,360
Indian Institute of Technology Madras,"BS in Mathematics (4 Years, Bachelor of Science)",AI,OBC-NCL,Gender-Neutral,1114,1211,1211,1211,1211
Indian Institute of Technology Madras,"BS in Mathematics (4 Years, Bachelor of Science)",AI,OBC-NCL,Female-only (including Supernumerary),4017,4017,4017,4017,4630
Indian Institute of Technology Madras,"BS in Mathematics (4 Years, Bachelor of Science)",AI,SC,Gender-Neutral,1008,1023,1023,1023,1397
Indian Institute of Technology Madras,"BS in Mathematics (4 Years, Bachelor of Science)",AI,SC,Female-only (including Supernumerary),2423,2423,2423,2423,2423
Indian Institute of Technology Madras,"BS in Mathematics (4 Years, Bachelor of Science)",AI,ST,Gender-Neutral,954,954,954,954,954
Indian Institute of Technology Madras,"Chemical Engineering (4 Years, Bachelor of Technology)",AI,OPEN,Gender-Neutral,4131,4131,4131,4148,4162
Indian Institute of Technology Madras,"Chemical Engineering (4 Years, Bachelor of Technology)",AI,OPEN,Female-only (including Supernumerary),8235,8235,8235,8235,8479
Indian Institute of Technology Madras,"Chemical Engineering (4 Years, Bachelor of Technology)",AI,OPEN (PwD),Gender-Neutral,98,98,98,98,98
Indian Institute of Technology Madras,"Chemical Engineering (4 Years, Bachelor of Technology)",AI,OPEN (PwD),Female-only (including Supernumerary),312,157P,157P,157P,157P
Indian Institute of Technology Madras,"Chemical Engineering (4 Years, Bachelor of Technology)",AI,EWS,Gender-Neutral,757,828,828,828,829
Indian Institute of Technology Madras,"Chemical Engineering (4 Years, Bachelor of Technology)",AI,EWS,Female-only (including Supernumerary),1749,1749,1749,1749,1749
Indian Institute of Technology Madras,"Chemical Engineering (4 Years, Bachelor of Technology)",AI,EWS (PwD),Gender-Neutral,29P,29P,29P,29P,29P
Indian Institute of Technology Madras,"Chemical Engineering (4 Years, Bachelor of Technology)",AI,OBC-NCL,Gender-Neutral,1910,1944,1944,1944,1944
Indian Institute of Technology Madras,"Chemical Engineering (4 Years, Bachelor of Technology)",AI,OBC-NCL,Female-only (including Supernumerary),4071,4304,4304,4304,4304
Indian Institute of Technology Madras,"Chemical Engineering (4 Years, Bachelor of Technology)",AI,OBC-NCL (PwD),Gender-Neutral,17P,17P,17P,17P,17P
Indian Institute of Technology Madras,"Chemical Engineering (4 Years, Bachelor of Technology)",AI,SC,Gender-Neutral,1269,1269,1269,1269,1269
Indian Institute of Technology Madras,"Chemical Engineering (4 Years, Bachelor of Technology)",AI,SC,Female-only (including Supernumerary),1816,1816,1816,1816,1816
Indian Institute of Technology Madras,"Chemical Engineering (4 Years, Bachelor of Technology)",AI,SC (PwD),Gender-Neutral,24P,24P,24P,24P,24P
Indian Institute of Technology Madras,"Chemical Engineering (4 Years, Bachelor of Technology)",AI,ST,Gender-Neutral,641,688,688,688,688
Indian Institute of Technology Madras,"Chemical Engineering (4 Years, Bachelor of Technology)",AI,ST,Female-only (including Supernumerary),928,928,928,928,928
Indian Institute of Technology Madras,"Civil Engineering (4 Years, Bachelor of Technology)",AI,OPEN,Gender-Neutral,5970,5982,5982,5982,6225
Indian Institute of Technology Madras,"Civil Engineering (4 Years, Bachelor of Technology)",AI,OPEN,Female-only (including Supernumerary),11704,11704,11704,11704,13648
Indian Institute of Technology Madras,"Civil Engineering (4 Years, Bachelor of Technology)",AI,OPEN (PwD),Gender-Neutral,125P,125P,125P,125P,125P
Indian Institute of Technology Madras,"Civil Engineering (4 Years, Bachelor of Technology)",AI,OPEN (PwD),Female-only (including Supernumerary),124P,124P,124P,124P,124P
Indian Institute of Technology Madras,"Civil Engineering (4 Years, Bachelor of Technology)",AI,EWS,Gender-Neutral,1014,1014,1014,1014,1015
Indian Institute of Technology Madras,"Civil Engineering (4 Years, Bachelor of Technology)",AI,EWS,Female-only (including Supernumerary),2283,2283,2283,2283,2283
Indian Institute of Technology Madras,"Civil Engineering (4 Years, Bachelor of Technology)",AI,EWS (PwD),Gender-Neutral,55P,55P,55P,55P,55P
Indian Institute of Technology Madras,"Civil Engineering (4 Years, Bachelor of Technology)",AI,OBC-NCL,Gender-Neutral,2537,2538,2538,2538,2644
Indian Institute of Technology Madras,"Civil Engineering (4 Years, Bachelor of Technology)",AI,OBC-NCL,Female-only (including Supernumerary),5093,5096,5096,5096,5096
Indian Institute of Technology Madras,"Civil Engineering (4 Years, Bachelor of Technology)",AI,OBC-NCL (PwD),Gender-Neutral,57P,57P,57P,57P,158P
Indian Institute of Technology Madras,"Civil Engineering (4 Years, Bachelor of Technology)",AI,SC,Gender-Neutral,1351,1351,1351,1351,1351
Indian Institute of Technology Madras,"Civil Engineering (4 Years, Bachelor of Technology)",AI,SC,Female-only (including Supernumerary),1723,1808,1808,1808,1808
Indian Institute of Technology Madras,"Civil Engineering (4 Years, Bachelor of Technology)",AI,SC (PwD),Gender-Neutral,28P,28P,28P,28P,28P
Indian Institute of Technology Madras,"Civil Engineering (4 Years, Bachelor of Technology)",AI,ST,Gender-Neutral,559,559,559,559,559
Indian Institute of Technology Madras,"Civil Engineering (4 Years, Bachelor of Technology)",AI,ST,Female-only (including Supernumerary),717,717,717,717,717
Indian Institute of Technology Madras,"Computational Engineering and Mechanics (4 Years, Bachelor of Technology)",AI,OPEN,Gender-Neutral,1313,1313,1313,1313,1314
Indian Institute of Technology Madras,"Computational Engineering and Mechanics (4 Years, Bachelor of Technology)",AI,OPEN,Female-only (including Supernumerary),4625,4625,4625,4625,4625
Indian Institute of Technology Madras,"Computational Engineering and Mechanics (4 Years, Bachelor of Technology)",AI,OPEN (PwD),Gender-Neutral,122,122,122,122,122
Indian Institute of Technology Madras,"Computational Engineering and Mechanics (4 Years, Bachelor of Technology)",AI,EWS,Gender-Neutral,319,319,319,319,319
Indian Institute of Technology Madras,"Computational Engineering and Mechanics (4 Years, Bachelor of Technology)",AI,EWS,Female-only (including Supernumerary),1024,1024,1024,1024,1024
Indian Institute of Technology Madras,"Computational Engineering and Mechanics (4 Years, Bachelor of Technology)",AI,OBC-NCL,Gender-Neutral,645,645,645,645,645
Indian Institute of Technology Madras,"Computational Engineering and Mechanics (4 Years, Bachelor of Technology)",AI,OBC-NCL,Female-only (including Supernumerary),1660,1660,1660,1660,1660
Indian Institute of Technology Madras,"Computational Engineering and Mechanics (4 Years, Bachelor of Technology)",AI,OBC-NCL (PwD),Gender-Neutral,76,76,76,76,76
Indian Institute of Technology Madras,"Computational Engineering and Mechanics (4 Years, Bachelor of Technology)",AI,SC,Gender-Neutral,552,552,552,552,552
Indian Institute of Technology Madras,"Computational Engineering and Mechanics (4 Years, Bachelor of Technology)",AI,SC,Female-only (including Supernumerary),1188,1188,1188,1188,1188
Indian Institute of Technology Madras,"Computational Engineering and Mechanics (4 Years, Bachelor of Technology)",AI,ST,Gender-Neutral,354,354,354,354,354
Indian Institute of Technology Madras,"Computational Engineering and Mechanics (4 Years, Bachelor of Technology)",AI,ST,Female-only (including Supernumerary),439,439,439,439,439
Indian Institute of Technology Madras,"Computer Science and Engineering (4 Years, Bachelor of Technology)",AI,OPEN,Gender-Neutral,149,149,149,150,151
Indian Institute of Technology Madras,"Computer Science and Engineering (4 Years, Bachelor of Technology)",AI,OPEN,Female-only (including Supernumerary),539,539,539,539,539
Indian Institute of Technology Madras,"Computer Science and Engineering (4 Years, Bachelor of Technology)",AI,OPEN (PwD),Gender-Neutral,2,2,2,2,2
Indian Institute of Technology Madras,"Computer Science and Engineering (4 Years, Bachelor of Technology)",AI,EWS,Gender-Neutral,31,31,31,31,31
Indian Institute of Technology Madras,"Computer Science and Engineering (4 Years, Bachelor of Technology)",AI,EWS,Female-only (including Supernumerary),100,100,100,100,100
Indian Institute of Technology Madras,"Computer Science and Engineering (4 Years, Bachelor of Technology)",AI,EWS (PwD),Gender-Neutral,7,7,7,7,7
Indian Institute of Technology Madras,"Computer Science and Engineering (4 Years, Bachelor of Technology)",AI,OBC-NCL,Gender-Neutral,94,96,96,96,96
Indian Institute of Technology Madras,"Computer Science and Engineering (4 Years, Bachelor of Technology)",AI,OBC-NCL,Female-only (including Supernumerary),287,287,287,287,287
Indian Institute of Technology Madras,"Computer Science and Engineering (4 Years, Bachelor of Technology)",AI,OBC-NCL (PwD),Gender-Neutral,8,8,8,8,8
Indian Institute of Technology Madras,"Computer Science and Engineering (4 Years, Bachelor of Technology)",AI,SC,Gender-Neutral,55,59,59,59,61
Indian Institute of Technology Madras,"Computer Science and Engineering (4 Years, Bachelor of Technology)",AI,SC,Female-only (including Supernumerary),291,291,291,291,291
Indian Institute of Technology Madras,"Computer Science and Engineering (4 Years, Bachelor of Technology)",AI,SC (PwD),Gender-Neutral,2,2,2,2,2
Indian Institute of Technology Madras,"Computer Science and Engineering (4 Years, Bachelor of Technology)",AI,ST,Gender-Neutral,27,27,27,27,27
Indian Institute of Technology Madras,"Computer Science and Engineering (4 Years, Bachelor of Technology)",AI,ST,Female-only (including Supernumerary),49,49,49,49,49
Indian Institute of Technology Madras,"Electrical Engineering (4 Years, Bachelor of Technology)",AI,OPEN,Gender-Neutral,742,742,742,742,749
Indian Institute of Technology Madras,"Electrical Engineering (4 Years, Bachelor of Technology)",AI,OPEN,Female-only (including Supernumerary),2457,2457,2457,2457,2457
Indian Institute of Technology Madras,"Electrical Engineering (4 Years, Bachelor of Technology)",AI,OPEN (PwD),Gender-Neutral,29,29,29,29,29
Indian Institute of Technology Madras,"Electrical Engineering (4 Years, Bachelor of Technology)",AI,OPEN (PwD),Female-only (including Supernumerary),141,141,141,141,141
Indian Institute of Technology Madras,"Electrical Engineering (4 Years, Bachelor of Technology)",AI,EWS,Gender-Neutral,162,164,164,164,164
Indian Institute of Technology Madras,"Electrical Engineering (4 Years, Bachelor of Technology)",AI,EWS,Female-only (including Supernumerary),681,681,681,681,681
Indian Institute of Technology Madras,"Electrical Engineering (4 Years, Bachelor of Technology)",AI,EWS (PwD),Gender-Neutral,18,18,18,18,18
Indian Institute of Technology Madras,"Electrical Engineering (4 Years, Bachelor of Technology)",AI,OBC-NCL,Gender-Neutral,377,377,377,377,377
Indian Institute of Technology Madras,"Electrical Engineering (4 Years, Bachelor of Technology)",AI,OBC-NCL,Female-only (including Supernumerary),960,960,960,960,960
Indian Institute of Technology Madras,"Electrical Engineering (4 Years, Bachelor of Technology)",AI,OBC-NCL (PwD),Gender-Neutral,21,21,21,21,21
Indian Institute of Technology Madras,"Electrical Engineering (4 Years, Bachelor of Technology)",AI,OBC-NCL (PwD),Female-only (including Supernumerary),74,74,74,74,74
Indian Institute of Technology Madras,"Electrical Engineering (4 Years, Bachelor of Technology)",AI,SC,Gender-Neutral,238,259,259,259,259
Indian Institute of Technology Madras,"Electrical Engineering (4 Years, Bachelor of Technology)",AI,SC,Female-only (including Supernumerary),567,567,567,567,567
Indian Institute of Technology Madras,"Electrical Engineering (4 Years, Bachelor of Technology)",AI,SC (PwD),Gender-Neutral,11P,11P,11P,11P,11P
Indian Institute of Technology Madras,"Electrical Engineering (4 Years, Bachelor of Technology)",AI,ST,Gender-Neutral,128,128,128,128,128
Indian Institute of Technology Madras,"Electrical Engineering (4 Years, Bachelor of Technology)",AI,ST,Female-only (including Supernumerary),220,220,220,220,220
Indian Institute of Technology Madras,"Electrical Engineering (4 Years, Bachelor of Technology)",AI,ST (PwD),Gender-Neutral,9P,9P,9P,9P,9P
Indian Institute of Technology Madras,"Engineering Design (5 Years, Bachelor and Master of Technology (Dual Degree))",AI,OPEN,Gender-Neutral,3078,3078,3078,3079,3093
Indian Institute of Technology Madras,"Engineering Design (5 Years, Bachelor and Master of Technology (Dual Degree))",AI,OPEN,Female-only (including Supernumerary),8063,8063,8063,8063,8063
Indian Institute of Technology Madras,"Engineering Design (5 Years, Bachelor and Master of Technology (Dual Degree))",AI,OPEN (PwD),Gender-Neutral,262,262,262,262,262
Indian Institute of Technology Madras,"Engineering Design (5 Years, Bachelor and Master of Technology (Dual Degree))",AI,EWS,Gender-Neutral,1087,1087,1087,1087,1087
Indian Institute of Technology Madras,"Engineering Design (5 Years, Bachelor and Master of Technology (Dual Degree))",AI,EWS,Female-only (including Supernumerary),1952,1952,1952,1952,1952
Indian Institute of Technology Madras,"Engineering Design (5 Years, Bachelor and Master of Technology (Dual Degree))",AI,OBC-NCL,Gender-Neutral,1322,1322,1322,1322,1322
Indian Institute of Technology Madras,"Engineering Design (5 Years, Bachelor and Master of Technology (Dual Degree))",AI,OBC-NCL,Female-only (including Supernumerary),4291,4291,4291,4291,4336
Indian Institute of Technology Madras,"Engineering Design (5 Years, Bachelor and Master of Technology (Dual Degree))",AI,OBC-NCL (PwD),Gender-Neutral,117P,117P,117P,117P,117P
Indian Institute of Technology Madras,"Engineering Design (5 Years, Bachelor and Master of Technology (Dual Degree))",AI,SC,Gender-Neutral,1421,1421,1421,1421,1421
Indian Institute of Technology Madras,"Engineering Design (5 Years, Bachelor and Master of Technology (Dual Degree))",AI,SC,Female-only (including Supernumerary),2096,2096,2096,2096,2096
Indian Institute of Technology Madras,"Engineering Design (5 Years, Bachelor and Master of Technology (Dual Degree))",AI,ST,Gender-Neutral,948,948,948,948,948
Indian Institute of Technology Madras,"Engineering Design (5 Years, Bachelor and Master of Technology (Dual Degree))",AI,ST,Female-only (including Supernumerary),1320,1402,1402,1402,1402
Indian Institute of Technology Madras,"Engineering Physics (4 Years, Bachelor of Technology)",AI,OPEN,Gender-Neutral,1316,1316,1316,1316,1316
Indian Institute of Technology Madras,"Engineering Physics (4 Years, Bachelor of Technology)",AI,OPEN,Female-only (including Supernumerary),4739,5286,5286,5286,5286
Indian Institute of Technology Madras,"Engineering Physics (4 Years, Bachelor of Technology)",AI,OPEN (PwD),Gender-Neutral,10,10,10,10,302
Indian Institute of Technology Madras,"Engineering Physics (4 Years, Bachelor of Technology)",AI,EWS,Gender-Neutral,346,594,594,594,594
Indian Institute of Technology Madras,"Engineering Physics (4 Years, Bachelor of Technology)",AI,EWS,Female-only (including Supernumerary),1857,1857,1857,1857,1857
Indian Institute of Technology Madras,"Engineering Physics (4 Years, Bachelor of Technology)",AI,OBC-NCL,Gender-Neutral,756,756,756,756,756
Indian Institute of Technology Madras,"Engineering Physics (4 Years, Bachelor of Technology)",AI,OBC-NCL,Female-only (including Supernumerary),2951,3015,3015,3015,3015
Indian Institute of Technology Madras,"Engineering Physics (4 Years, Bachelor of Technology)",AI,OBC-NCL (PwD),Gender-Neutral,124,124,124,124,57P
Indian Institute of Technology Madras,"Engineering Physics (4 Years, Bachelor of Technology)",AI,SC,Gender-Neutral,705,705,705,705,705
Indian Institute of Technology Madras,"Engineering Physics (4 Years, Bachelor of Technology)",AI,SC,Female-only (including Supernumerary),315,315,315,315,315
Indian Institute of Technology Madras,"Engineering Physics (4 Years, Bachelor of Technology)",AI,ST,Gender-Neutral,678,685,685,685,685
Indian Institute of Technology Madras,"Engineering Physics (4 Years, Bachelor of Technology)",AI,ST,Female-only (including Supernumerary),1229,1229,1229,1229,1229
Indian Institute of Technology Madras,"Instrumentation and Biomedical Engineering (4 Years, Bachelor of Technology)",AI,OPEN,Gender-Neutral,3884,3884,3884,4011,4011
Indian Institute of Technology Madras,"Instrumentation and Biomedical Engineering (4 Years, Bachelor of Technology)",AI,OPEN,Female-only (including Supernumerary),8479,8479,8479,8479,9294
Indian Institute of Technology Madras,"Instrumentation and Biomedical Engineering (4 Years, Bachelor of Technology)",AI,OPEN (PwD),Gender-Neutral,219P,219P,219P,219P,219P
Indian Institute of Technology Madras,"Instrumentation and Biomedical Engineering (4 Years, Bachelor of Technology)",AI,EWS,Gender-Neutral,1075,1189,1189,1189,1189
Indian Institute of Technology Madras,"Instrumentation and Biomedical Engineering (4 Years, Bachelor of Technology)",AI,EWS,Female-only (including Supernumerary),2319,2319,2319,2319,2319
Indian Institute of Technology Madras,"Instrumentation and Biomedical Engineering (4 Years, Bachelor of Technology)",AI,OBC-NCL,Gender-Neutral,2085,2096,2096,2096,2096
Indian Institute of Technology Madras,"Instrumentation and Biomedical Engineering (4 Years, Bachelor of Technology)",AI,OBC-NCL,Female-only (including Supernumerary),3847,3847,3847,3847,3847
Indian Institute of Technology Madras,"Instrumentation and Biomedical Engineering (4 Years, Bachelor of Technology)",AI,OBC-NCL (PwD),Gender-Neutral,116P,116P,116P,116P,116P
Indian Institute of Technology Madras,"Instrumentation and Biomedical Engineering (4 Years, Bachelor of Technology)",AI,SC,Gender-Neutral,1445,1445,1445,1445,1445
Indian Institute of Technology Madras,"Instrumentation and Biomedical Engineering (4 Years, Bachelor of Technology)",AI,SC,Female-only (including Supernumerary),1619,1619,1619,1619,1619
Indian Institute of Technology Madras,"Instrumentation and Biomedical Engineering (4 Years, Bachelor of Technology)",AI,ST,Gender-Neutral,898,898,898,898,898
Indian Institute of Technology Madras,"Instrumentation and Biomedical Engineering (4 Years, Bachelor of Technology)",AI,ST,Female-only (including Supernumerary),1354,1395,1395,1395,1395
Indian Institute of Technology Madras,"Mechanical Engineering (4 Years, Bachelor of Technology)",AI,OPEN,Gender-Neutral,2445,2460,2460,2521,2619
Indian Institute of Technology Madras,"Mechanical Engineering (4 Years, Bachelor of Technology)",AI,OPEN,Female-only (including Supernumerary),6920,7173,7173,7173,7362
Indian Institute of Technology Madras,"Mechanical Engineering (4 Years, Bachelor of Technology)",AI,OPEN (PwD),Gender-Neutral,203,203,203,203,203
Indian Institute of Technology Madras,"Mechanical Engineering (4 Years, Bachelor of Technology)",AI,OPEN (PwD),Female-only (including Supernumerary),219,219,219,219,219
Indian Institute of Technology Madras,"Mechanical Engineering (4 Years, Bachelor of Technology)",AI,EWS,Gender-Neutral,485,496,496,496,496
Indian Institute of Technology Madras,"Mechanical Engineering (4 Years, Bachelor of Technology)",AI,EWS,Female-only (including Supernumerary),1408,1408,1408,1408,1408
Indian Institute of Technology Madras,"Mechanical Engineering (4 Years, Bachelor of Technology)",AI,EWS (PwD),Gender-Neutral,29,29,29,29,29
Indian Institute of Technology Madras,"Mechanical Engineering (4 Years, Bachelor of Technology)",AI,OBC-NCL,Gender-Neutral,1218,1218,1218,1218,1218
Indian Institute of Technology Madras,"Mechanical Engineering (4 Years, Bachelor of Technology)",AI,OBC-NCL,Female-only (including Supernumerary),3037,3091,3091,3091,3091
Indian Institute of Technology Madras,"Mechanical Engineering (4 Years, Bachelor of Technology)",AI,OBC-NCL (PwD),Gender-Neutral,106,106,106,106,106
Indian Institute of Technology Madras,"Mechanical Engineering (4 Years, Bachelor of Technology)",AI,OBC-NCL (PwD),Female-only (including Supernumerary),97,97,97,97,97
Indian Institute of Technology Madras,"Mechanical Engineering (4 Years, Bachelor of Technology)",AI,SC,Gender-Neutral,756,771,771,771,771
Indian Institute of Technology Madras,"Mechanical Engineering (4 Years, Bachelor of Technology)",AI,SC,Female-only (including Supernumerary),1375,1375,1375,1375,1375
Indian Institute of Technology Madras,"Mechanical Engineering (4 Years, Bachelor of Technology)",AI,SC (PwD),Gender-Neutral,21P,21P,21P,21P,21P
Indian Institute of Technology Madras,"Mechanical Engineering (4 Years, Bachelor of Technology)",AI,ST,Gender-Neutral,428,444,444,444,444
Indian Institute of Technology Madras,"Mechanical Engineering (4 Years, Bachelor of Technology)",AI,ST,Female-only (including Supernumerary),675,675,675,675,675
Indian Institute of Technology Madras,"Metallurgical and Materials Engineering (4 Years, Bachelor of Technology)",AI,OPEN,Gender-Neutral,5137,5266,5266,5276,5398
Indian Institute of Technology Madras,"Metallurgical and Materials Engineering (4 Years, Bachelor of Technology)",AI,OPEN,Female-only (including Supernumerary),9959,9959,9959,9959,10053
Indian Institute of Technology Madras,"Metallurgical and Materials Engineering (4 Years, Bachelor of Technology)",AI,OPEN (PwD),Gender-Neutral,187P,187P,187P,187P,187P
Indian Institute of Technology Madras,"Metallurgical and Materials Engineering (4 Years, Bachelor of Technology)",AI,EWS,Gender-Neutral,1017,1036,1036,1036,1121
Indian Institute of Technology Madras,"Metallurgical and Materials Engineering (4 Years, Bachelor of Technology)",AI,EWS,Female-only (including Supernumerary),2080,2080,2080,2080,2080
Indian Institute of Technology Madras,"Metallurgical and Materials Engineering (4 Years, Bachelor of Technology)",AI,OBC-NCL,Gender-Neutral,2471,2492,2492,2492,2499
Indian Institute of Technology Madras,"Metallurgical and Materials Engineering (4 Years, Bachelor of Technology)",AI,OBC-NCL,Female-only (including Supernumerary),4737,4737,4737,4737,4737
Indian Institute of Technology Madras,"Metallurgical and Materials Engineering (4 Years, Bachelor of Technology)",AI,OBC-NCL (PwD),Gender-Neutral,118P,118P,118P,118P,118P
Indian Institute of Technology Madras,"Metallurgical and Materials Engineering (4 Years, Bachelor of Technology)",AI,SC,Gender-Neutral,1435,1455,1455,1455,1455
Indian Institute of Technology Madras,"Metallurgical and Materials Engineering (4 Years, Bachelor of Technology)",AI,SC,Female-only (including Supernumerary),2420,2420,2420,2420,2420
Indian Institute of Technology Madras,"Metallurgical and Materials Engineering (4 Years, Bachelor of Technology)",AI,ST,Gender-Neutral,754,754,754,754,754
Indian Institute of Technology Madras,"Metallurgical and Materials Engineering (4 Years, Bachelor of Technology)",AI,ST,Female-only (including Supernumerary),1294,1294,1294,1294,1329
Indian Institute of Technology Madras,"Naval Architecture and Ocean Engineering (4 Years, Bachelor of Technology)",AI,OPEN,Gender-Neutral,7648,7837,7837,7837,8354
Indian Institute of Technology Madras,"Naval Architecture and Ocean Engineering (4 Years, Bachelor of Technology)",AI,OPEN,Female-only (including Supernumerary),12499,12499,12499,12499,12499
Indian Institute of Technology Madras,"Naval Architecture and Ocean Engineering (4 Years, Bachelor of Technology)",AI,OPEN (PwD),Gender-Neutral,167P,180P,180P,180P,180P
Indian Institute of Technology Madras,"Naval Architecture and Ocean Engineering (4 Years, Bachelor of Technology)",AI,EWS,Gender-Neutral,1421,1421,1421,1421,1446
Indian Institute of Technology Madras,"Naval Architecture and Ocean Engineering (4 Years, Bachelor of Technology)",AI,EWS,Female-only (including Supernumerary),3136,3136,3136,3136,3136
Indian Institute of Technology Madras,"Naval Architecture and Ocean Engineering (4 Years, Bachelor of Technology)",AI,OBC-NCL,Gender-Neutral,2972,3098,3098,3098,3215
Indian Institute of Technology Madras,"Naval Architecture and Ocean Engineering (4 Years, Bachelor of Technology)",AI,OBC-NCL,Female-only (including Supernumerary),6226,6226,6226,6932,6995
Indian Institute of Technology Madras,"Naval Architecture and Ocean Engineering (4 Years, Bachelor of Technology)",AI,OBC-NCL (PwD),Gender-Neutral,71P,167P,167P,167P,167P
Indian Institute of Technology Madras,"Naval Architecture and Ocean Engineering (4 Years, Bachelor of Technology)",AI,SC,Gender-Neutral,1989,2011,2011,2011,2034
Indian Institute of Technology Madras,"Naval Architecture and Ocean Engineering (4 Years, Bachelor of Technology)",AI,SC,Female-only (including Supernumerary),2482,3181,3181,3181,3181
Indian Institute of Technology Madras,"Naval Architecture and Ocean Engineering (4 Years, Bachelor of Technology)",AI,ST,Gender-Neutral,1066,1066,1066,1066,1066
Indian Institute of Technology Madras,"Naval Architecture and Ocean Engineering (4 Years, Bachelor of Technology)",AI,ST,Female-only (including Supernumerary),1366,1366,1366,1366,1366
Indian Institute of Technology Madras,"Physics (4 Years, Bachelor of Science)",AI,OPEN,Gender-Neutral,2603,2949,2952,2952,3918
Indian Institute of Technology Madras,"Physics (4 Years, Bachelor of Science)",AI,OPEN,Female-only (including Supernumerary),9072,9072,9072,9072,9072
Indian Institute of Technology Madras,"Physics (4 Years, Bachelor of Science)",AI,EWS,Gender-Neutral,490,1376,1376,1376,1376
Indian Institute of Technology Madras,"Physics (4 Years, Bachelor of Science)",AI,OBC-NCL,Gender-Neutral,1590,1960,1960,1960,2327
Indian Institute of Technology Madras,"Physics (4 Years, Bachelor of Science)",AI,OBC-NCL,Female-only (including Supernumerary),6494,6494,6494,6494,6494
Indian Institute of Technology Madras,"Physics (4 Years, Bachelor of Science)",AI,SC,Gender-Neutral,1596,1596,1596,1596,1821
Indian Institute of Technology Madras,"Physics (4 Years, Bachelor of Science)",AI,ST,Gender-Neutral,1173,1173,1173,1173,1173
Indian Institute of Technology Madras,"Physics (4 Years, Bachelor of Science)",AI,ST,Female-only (including Supernumerary),1694,1694,1694,1694,1694
Indian Institute of Technology Gandhinagar,"Artificial Intelligence (4 Years, Bachelor of Technology)",AI,OPEN,Gender-Neutral,2341,2387,2387,2391,2745
Indian Institute of Technology Gandhinagar,"Artificial Intelligence (4 Years, Bachelor of Technology)",AI,OPEN,Female-only (including Supernumerary),5549,5549,5549,5549,5549
Indian Institute of Technology Gandhinagar,"Artificial Intelligence (4 Years, Bachelor of Technology)",AI,OPEN (PwD),Gender-Neutral,26,26,26,26,26
Indian Institute of Technology Gandhinagar,"Artificial Intelligence (4 Years, Bachelor of Technology)",AI,OPEN (PwD),Female-only (including Supernumerary),225,225,225,6P,217P
Indian Institute of Technology Gandhinagar,"Artificial Intelligence (4 Years, Bachelor of Technology)",AI,EWS,Gender-Neutral,320,320,361,361,382
Indian Institute of Technology Gandhinagar,"Artificial Intelligence (4 Years, Bachelor of Technology)",AI,EWS,Female-only (including Supernumerary),1003,1003,1003,1003,1003
Indian Institute of Technology Gandhinagar,"Artificial Intelligence (4 Years, Bachelor of Technology)",AI,EWS (PwD),Gender-Neutral,20,20,20,20,20
Indian Institute of Technology Gandhinagar,"Artificial Intelligence (4 Years, Bachelor of Technology)",AI,OBC-NCL,Gender-Neutral,1134,1169,1169,1169,1169
Indian Institute of Technology Gandhinagar,"Artificial Intelligence (4 Years, Bachelor of Technology)",AI,OBC-NCL,Female-only (including Supernumerary),2873,2873,2873,2873,2873
Indian Institute of Technology Gandhinagar,"Artificial Intelligence (4 Years, Bachelor of Technology)",AI,SC,Gender-Neutral,693,724,724,724,724
Indian Institute of Technology Gandhinagar,"Artificial Intelligence (4 Years, Bachelor of Technology)",AI,SC,Female-only (including Supernumerary),1736,1736,1736,1736,1736
Indian Institute of Technology Gandhinagar,"Artificial Intelligence (4 Years, Bachelor of Technology)",AI,ST,Gender-Neutral,273,273,273,273,273
Indian Institute of Technology Gandhinagar,"Chemical Engineering (4 Years, Bachelor of Technology)",AI,OPEN,Gender-Neutral,8469,8503,8503,8546,9842
Indian Institute of Technology Gandhinagar,"Chemical Engineering (4 Years, Bachelor of Technology)",AI,OPEN,Female-only (including Supernumerary),16843,16843,16843,16843,17488
Indian Institute of Technology Gandhinagar,"Chemical Engineering (4 Years, Bachelor of Technology)",AI,EWS,Gender-Neutral,1442,1442,1442,1442,1552
Indian Institute of Technology Gandhinagar,"Chemical Engineering (4 Years, Bachelor of Technology)",AI,EWS,Female-only (including Supernumerary),2469,2469,2469,2469,2469
Indian Institute of Technology Gandhinagar,"Chemical Engineering (4 Years, Bachelor of Technology)",AI,OBC-NCL,Gender-Neutral,3637,3801,3801,3801,3957
Indian Institute of Technology Gandhinagar,"Chemical Engineering (4 Years, Bachelor of Technology)",AI,OBC-NCL,Female-only (including Supernumerary),7462,7462,7702,7702,7702
Indian Institute of Technology Gandhinagar,"Chemical Engineering (4 Years, Bachelor of Technology)",AI,SC,Gender-Neutral,2361,2379,2379,2379,2379
Indian Institute of Technology Gandhinagar,"Chemical Engineering (4 Years, Bachelor of Technology)",AI,SC,Female-only (including Supernumerary),3324,3324,3324,3324,3324
Indian Institute of Technology Gandhinagar,"Chemical Engineering (4 Years, Bachelor of Technology)",AI,ST,Gender-Neutral,1083,1155,1155,1155,1155
Indian Institute of Technology Gandhinagar,"Chemical Engineering (4 Years, Bachelor of Technology)",AI,ST,Female-only (including Supernumerary),1688,1688,1688,1688,1688
Indian Institute of Technology Gandhinagar,"Civil Engineering (4 Years, Bachelor of Technology)",AI,OPEN,Gender-Neutral,11023,11380,11380,11380,12508
Indian Institute of Technology Gandhinagar,"Civil Engineering (4 Years, Bachelor of Technology)",AI,OPEN,Female-only (including Supernumerary),19311,19311,19311,19641,20270
Indian Institute of Technology Gandhinagar,"Civil Engineering (4 Years, Bachelor of Technology)",AI,EWS,Gender-Neutral,1667,1687,1701,1701,1938
Indian Institute of Technology Gandhinagar,"Civil Engineering (4 Years, Bachelor of Technology)",AI,EWS,Female-only (including Supernumerary),3394,3394,3394,3394,3506
Indian Institute of Technology Gandhinagar,"Civil Engineering (4 Years, Bachelor of Technology)",AI,OBC-NCL,Gender-Neutral,4083,4174,4174,4174,4256
Indian Institute of Technology Gandhinagar,"Civil Engineering (4 Years, Bachelor of Technology)",AI,OBC-NCL,Female-only (including Supernumerary),8560,8725,8725,8725,9008
Indian Institute of Technology Gandhinagar,"Civil Engineering (4 Years, Bachelor of Technology)",AI,SC,Gender-Neutral,2358,2416,2416,2416,2416
Indian Institute of Technology Gandhinagar,"Civil Engineering (4 Years, Bachelor of Technology)",AI,SC,Female-only (including Supernumerary),3608,3608,3608,3608,3608
Indian Institute of Technology Gandhinagar,"Civil Engineering (4 Years, Bachelor of Technology)",AI,ST,Gender-Neutral,851,851,851,851,851
Indian Institute of Technology Gandhinagar,"Civil Engineering (4 Years, Bachelor of Technology)",AI,ST,Female-only (including Supernumerary),1061,1061,1061,1061,1061
Indian Institute of Technology Gandhinagar,"Computer Science and Engineering (4 Years, Bachelor of Technology)",AI,OPEN,Gender-Neutral,2144,2207,2207,2207,2315
Indian Institute of Technology Gandhinagar,"Computer Science and Engineering (4 Years, Bachelor of Technology)",AI,OPEN,Female-only (including Supernumerary),5420,5437,5437,5437,5437
Indian Institute of Technology Gandhinagar,"Computer Science and Engineering (4 Years, Bachelor of Technology)",AI,OPEN (PwD),Gender-Neutral,69,69,69,69,69
Indian Institute of Technology Gandhinagar,"Computer Science and Engineering (4 Years, Bachelor of Technology)",AI,EWS,Gender-Neutral,290,295,312,312,316
Indian Institute of Technology Gandhinagar,"Computer Science and Engineering (4 Years, Bachelor of Technology)",AI,EWS,Female-only (including Supernumerary),981,981,981,981,981
Indian Institute of Technology Gandhinagar,"Computer Science and Engineering (4 Years, Bachelor of Technology)",AI,EWS (PwD),Female-only (including Supernumerary),36,36,36,36,36
Indian Institute of Technology Gandhinagar,"Computer Science and Engineering (4 Years, Bachelor of Technology)",AI,OBC-NCL,Gender-Neutral,931,944,944,944,986
Indian Institute of Technology Gandhinagar,"Computer Science and Engineering (4 Years, Bachelor of Technology)",AI,OBC-NCL,Female-only (including Supernumerary),2659,2700,2700,2700,2700
Indian Institute of Technology Gandhinagar,"Computer Science and Engineering (4 Years, Bachelor of Technology)",AI,SC,Gender-Neutral,503,503,503,503,503
Indian Institute of Technology Gandhinagar,"Computer Science and Engineering (4 Years, Bachelor of Technology)",AI,SC,Female-only (including Supernumerary),802,802,802,802,802
Indian Institute of Technology Gandhinagar,"Computer Science and Engineering (4 Years, Bachelor of Technology)",AI,ST,Gender-Neutral,195,195,195,195,195
Indian Institute of Technology Gandhinagar,"Computer Science and Engineering (4 Years, Bachelor of Technology)",AI,ST,Female-only (including Supernumerary),369,369,369,369,369
Indian Institute of Technology Gandhinagar,"Electrical Engineering (4 Years, Bachelor of Technology)",AI,OPEN,Gender-Neutral,3743,3808,3874,3874,4007
Indian Institute of Technology Gandhinagar,"Electrical Engineering (4 Years, Bachelor of Technology)",AI,OPEN,Female-only (including Supernumerary),7657,7657,7657,7657,7657
Indian Institute of Technology Gandhinagar,"Electrical Engineering (4 Years, Bachelor of Technology)",AI,EWS,Gender-Neutral,636,679,679,679,830
Indian Institute of Technology Gandhinagar,"Electrical Engineering (4 Years, Bachelor of Technology)",AI,OBC-NCL,Gender-Neutral,1931,1938,1938,1938,1938
Indian Institute of Technology Gandhinagar,"Electrical Engineering (4 Years, Bachelor of Technology)",AI,OBC-NCL,Female-only (including Supernumerary),4313,4313,4313,4313,4856
Indian Institute of Technology Gandhinagar,"Electrical Engineering (4 Years, Bachelor of Technology)",AI,OBC-NCL (PwD),Gender-Neutral,209P,209P,209P,209P,209P
Indian Institute of Technology Gandhinagar,"Electrical Engineering (4 Years, Bachelor of Technology)",AI,SC,Gender-Neutral,1012,1035,1035,1035,1035
Indian Institute of Technology Gandhinagar,"Electrical Engineering (4 Years, Bachelor of Technology)",AI,SC,Female-only (including Supernumerary),2491,2491,2491,2491,2491
Indian Institute of Technology Gandhinagar,"Electrical Engineering (4 Years, Bachelor of Technology)",AI,ST,Gender-Neutral,625,625,625,625,625
Indian Institute of Technology Gandhinagar,"Electrical Engineering (4 Years, Bachelor of Technology)",AI,ST,Female-only (including Supernumerary),573,573,573,573,573
Indian Institute of Technology Gandhinagar,"Integrated Circuit Design & Technology (4 Years, Bachelor of Technology)",AI,OPEN,Gender-Neutral,4328,4328,4403,4403,4460
Indian Institute of Technology Gandhinagar,"Integrated Circuit Design & Technology (4 Years, Bachelor of Technology)",AI,OPEN,Female-only (including Supernumerary),9508,9508,9508,9508,9508
Indian Institute of Technology Gandhinagar,"Integrated Circuit Design & Technology (4 Years, Bachelor of Technology)",AI,OPEN (PwD),Gender-Neutral,221,221,221,221,221
Indian Institute of Technology Gandhinagar,"Integrated Circuit Design & Technology (4 Years, Bachelor of Technology)",AI,EWS,Gender-Neutral,736,736,825,825,871
Indian Institute of Technology Gandhinagar,"Integrated Circuit Design & Technology (4 Years, Bachelor of Technology)",AI,OBC-NCL,Gender-Neutral,2060,2071,2071,2071,2074
Indian Institute of Technology Gandhinagar,"Integrated Circuit Design & Technology (4 Years, Bachelor of Technology)",AI,OBC-NCL,Female-only (including Supernumerary),4906,5865,5865,5865,5865
Indian Institute of Technology Gandhinagar,"Integrated Circuit Design & Technology (4 Years, Bachelor of Technology)",AI,SC,Gender-Neutral,1165,1165,1165,1165,1165
Indian Institute of Technology Gandhinagar,"Integrated Circuit Design & Technology (4 Years, Bachelor of Technology)",AI,SC,Female-only (including Supernumerary),2638,2638,2638,2638,2638
Indian Institute of Technology Gandhinagar,"Integrated Circuit Design & Technology (4 Years, Bachelor of Technology)",AI,ST,Gender-Neutral,777,777,777,777,777
Indian Institute of Technology Gandhinagar,"Materials Engineering (4 Years, Bachelor of Technology)",AI,OPEN,Gender-Neutral,11173,11393,11393,11393,12873
Indian Institute of Technology Gandhinagar,"Materials Engineering (4 Years, Bachelor of Technology)",AI,OPEN,Female-only (including Supernumerary),18409,18409,18409,19732,20090
Indian Institute of Technology Gandhinagar,"Materials Engineering (4 Years, Bachelor of Technology)",AI,EWS,Gender-Neutral,1780,1796,1796,1796,1873
Indian Institute of Technology Gandhinagar,"Materials Engineering (4 Years, Bachelor of Technology)",AI,EWS,Female-only (including Supernumerary),3973,3973,3973,3973,3973
Indian Institute of Technology Gandhinagar,"Materials Engineering (4 Years, Bachelor of Technology)",AI,OBC-NCL,Gender-Neutral,4735,5013,5013,5013,5166
Indian Institute of Technology Gandhinagar,"Materials Engineering (4 Years, Bachelor of Technology)",AI,OBC-NCL,Female-only (including Supernumerary),8756,8756,8756,8756,8918
Indian Institute of Technology Gandhinagar,"Materials Engineering (4 Years, Bachelor of Technology)",AI,SC,Gender-Neutral,2846,2961,2961,2961,2961
Indian Institute of Technology Gandhinagar,"Materials Engineering (4 Years, Bachelor of Technology)",AI,SC,Female-only (including Supernumerary),4390,4390,4390,4390,4390
Indian Institute of Technology Gandhinagar,"Materials Engineering (4 Years, Bachelor of Technology)",AI,ST,Gender-Neutral,1318,1405,1405,1405,1405
Indian Institute of Technology Gandhinagar,"Materials Engineering (4 Years, Bachelor of Technology)",AI,ST,Female-only (including Supernumerary),1796,1920,1920,1920,1941
Indian Institute of Technology Gandhinagar,"Mechanical Engineering (4 Years, Bachelor of Technology)",AI,OPEN,Gender-Neutral,6790,6805,6805,6911,7236
Indian Institute of Technology Gandhinagar,"Mechanical Engineering (4 Years, Bachelor of Technology)",AI,OPEN,Female-only (including Supernumerary),12380,12380,12380,12380,12526
Indian Institute of Technology Gandhinagar,"Mechanical Engineering (4 Years, Bachelor of Technology)",AI,OPEN (PwD),Gender-Neutral,82,82,82,82,82
Indian Institute of Technology Gandhinagar,"Mechanical Engineering (4 Years, Bachelor of Technology)",AI,EWS,Gender-Neutral,1121,1159,1159,1159,1159
Indian Institute of Technology Gandhinagar,"Mechanical Engineering (4 Years, Bachelor of Technology)",AI,EWS,Female-only (including Supernumerary),2452,2452,2452,2452,2452
Indian Institute of Technology Gandhinagar,"Mechanical Engineering (4 Years, Bachelor of Technology)",AI,OBC-NCL,Gender-Neutral,3161,3232,3232,3232,3477
Indian Institute of Technology Gandhinagar,"Mechanical Engineering (4 Years, Bachelor of Technology)",AI,OBC-NCL,Female-only (including Supernumerary),7008,7773,7807,7807,8011
Indian Institute of Technology Gandhinagar,"Mechanical Engineering (4 Years, Bachelor of Technology)",AI,SC,Gender-Neutral,1893,2009,2009,2009,2022
Indian Institute of Technology Gandhinagar,"Mechanical Engineering (4 Years, Bachelor of Technology)",AI,SC,Female-only (including Supernumerary),3561,3661,3661,3661,3661
Indian Institute of Technology Gandhinagar,"Mechanical Engineering (4 Years, Bachelor of Technology)",AI,ST,Gender-Neutral,886,890,890,890,890
Indian Institute of Technology Patna,"Artificial Intelligence and Data Science (4 Years, Bachelor of Technology)",AI,OPEN,Gender-Neutral,4439,4461,4461,4461,4574
Indian Institute of Technology Patna,"Artificial Intelligence and Data Science (4 Years, Bachelor of Technology)",AI,OPEN,Female-only (including Supernumerary),9494,9655,9655,9655,9919
Indian Institute of Technology Patna,"Artificial Intelligence and Data Science (4 Years, Bachelor of Technology)",AI,OPEN (PwD),Gender-Neutral,166,166,166,166,166
Indian Institute of Technology Patna,"Artificial Intelligence and Data Science (4 Years, Bachelor of Technology)",AI,EWS,Gender-Neutral,579,579,579,579,625
Indian Institute of Technology Patna,"Artificial Intelligence and Data Science (4 Years, Bachelor of Technology)",AI,EWS,Female-only (including Supernumerary),1616,1616,1616,1616,1616
Indian Institute of Technology Patna,"Artificial Intelligence and Data Science (4 Years, Bachelor of Technology)",AI,OBC-NCL,Gender-Neutral,1582,1601,1601,1601,1602
Indian Institute of Technology Patna,"Artificial Intelligence and Data Science (4 Years, Bachelor of Technology)",AI,OBC-NCL,Female-only (including Supernumerary),3867,3867,3867,3867,3867
Indian Institute of Technology Patna,"Artificial Intelligence and Data Science (4 Years, Bachelor of Technology)",AI,OBC-NCL (PwD),Gender-Neutral,83,83,83,83,83
Indian Institute of Technology Patna,"Artificial Intelligence and Data Science (4 Years, Bachelor of Technology)",AI,SC,Gender-Neutral,894,904,904,956,956
Indian Institute of Technology Patna,"Artificial Intelligence and Data Science (4 Years, Bachelor of Technology)",AI,SC,Female-only (including Supernumerary),2226,2226,2226,2226,2226
Indian Institute of Technology Patna,"Artificial Intelligence and Data Science (4 Years, Bachelor of Technology)",AI,ST,Gender-Neutral,440,455,455,455,455
Indian Institute of Technology Patna,"Artificial Intelligence and Data Science (4 Years, Bachelor of Technology)",AI,ST,Female-only (including Supernumerary),353,353,353,353,353
Indian Institute of Technology Patna,"B. Tech in CE. - M. Tech. in Geotechnical Engineering (5 Years, B.Tech. + M.Tech./MS (Dual Degree))",AI,OPEN,Gender-Neutral,15253,16003,16003,16003,17820
Indian Institute of Technology Patna,"B. Tech in CE. - M. Tech. in Geotechnical Engineering (5 Years, B.Tech. + M.Tech./MS (Dual Degree))",AI,OPEN,Female-only (including Supernumerary),26246,26246,26345,26345,26891
Indian Institute of Technology Patna,"B. Tech in CE. - M. Tech. in Geotechnical Engineering (5 Years, B.Tech. + M.Tech./MS (Dual Degree))",AI,EWS,Gender-Neutral,2303,2341,2341,2341,2529
Indian Institute of Technology Patna,"B. Tech in CE. - M. Tech. in Geotechnical Engineering (5 Years, B.Tech. + M.Tech./MS (Dual Degree))",AI,OBC-NCL,Gender-Neutral,5540,5739,5739,5739,5739
Indian Institute of Technology Patna,"B. Tech in CE. - M. Tech. in Geotechnical Engineering (5 Years, B.Tech. + M.Tech./MS (Dual Degree))",AI,OBC-NCL,Female-only (including Supernumerary),10142,10576,10576,10576,10576
Indian Institute of Technology Patna,"B. Tech in CE. - M. Tech. in Geotechnical Engineering (5 Years, B.Tech. + M.Tech./MS (Dual Degree))",AI,SC,Gender-Neutral,2900,2904,2904,2904,2904
Indian Institute of Technology Patna,"B. Tech in CE. - M. Tech. in Geotechnical Engineering (5 Years, B.Tech. + M.Tech./MS (Dual Degree))",AI,ST,Gender-Neutral,1241,1241,1241,1241,1241
Indian Institute of Technology Patna,"B. Tech in CE. - M. Tech. in Structural Engineering (5 Years, B.Tech. + M.Tech./MS (Dual Degree))",AI,OPEN,Gender-Neutral,14567,15253,15253,15253,17261
Indian Institute of Technology Patna,"B. Tech in CE. - M. Tech. in Structural Engineering (5 Years, B.Tech. + M.Tech./MS (Dual Degree))",AI,OPEN,Female-only (including Supernumerary),26244,26244,26244,26244,26345
Indian Institute of Technology Patna,"B. Tech in CE. - M. Tech. in Structural Engineering (5 Years, B.Tech. + M.Tech./MS (Dual Degree))",AI,EWS,Gender-Neutral,2298,2303,2303,2303,2403
Indian Institute of Technology Patna,"B. Tech in CE. - M. Tech. in Structural Engineering (5 Years, B.Tech. + M.Tech./MS (Dual Degree))",AI,OBC-NCL,Gender-Neutral,5187,5585,5585,5585,5585
Indian Institute of Technology Patna,"B. Tech in CE. - M. Tech. in Structural Engineering (5 Years, B.Tech. + M.Tech./MS (Dual Degree))",AI,OBC-NCL,Female-only (including Supernumerary),10167,10167,10167,10167,10167
Indian Institute of Technology Patna,"B. Tech in CE. - M. Tech. in Structural Engineering (5 Years, B.Tech. + M.Tech./MS (Dual Degree))",AI,SC,Gender-Neutral,2888,2987,2987,2987,2987
Indian Institute of Technology Patna,"B. Tech. (CSE) and M.Tech in CSE (5 Years, B.Tech. + M.Tech./MS (Dual Degree))",AI,OPEN,Gender-Neutral,4432,4432,4432,4432,4432
Indian Institute of Technology Patna,"B. Tech. (CSE) and M.Tech in CSE (5 Years, B.Tech. + M.Tech./MS (Dual Degree))",AI,OPEN,Female-only (including Supernumerary),10351,10428,10428,10428,10428
Indian Institute of Technology Patna,"B. Tech. (CSE) and M.Tech in CSE (5 Years, B.Tech. + M.Tech./MS (Dual Degree))",AI,EWS,Gender-Neutral,676,676,676,676,676
Indian Institute of Technology Patna,"B. Tech. (CSE) and M.Tech in CSE (5 Years, B.Tech. + M.Tech./MS (Dual Degree))",AI,OBC-NCL,Gender-Neutral,1409,1536,1536,1536,1558
Indian Institute of Technology Patna,"B. Tech. (CSE) and M.Tech in CSE (5 Years, B.Tech. + M.Tech./MS (Dual Degree))",AI,SC,Gender-Neutral,999,999,999,999,999
Indian Institute of Technology Patna,"B. Tech. (CSE) and M.Tech in CSE (5 Years, B.Tech. + M.Tech./MS (Dual Degree))",AI,SC,Female-only (including Supernumerary),1976,2262,2262,2262,2315
Indian Institute of Technology Patna,"B. Tech. (CSE) and M.Tech in CSE (5 Years, B.Tech. + M.Tech./MS (Dual Degree))",AI,ST,Gender-Neutral,599,599,599,599,599
Indian Institute of Technology Patna,"B. Tech. (ECE) -M. Tech. in VLSI (5 Years, B.Tech. + M.Tech./MS (Dual Degree))",AI,OPEN,Gender-Neutral,6809,6809,6809,6809,6809
Indian Institute of Technology Patna,"B. Tech. (ECE) -M. Tech. in VLSI (5 Years, B.Tech. + M.Tech./MS (Dual Degree))",AI,OPEN,Female-only (including Supernumerary),12006,12006,12006,12006,12006
Indian Institute of Technology Patna,"B. Tech. (ECE) -M. Tech. in VLSI (5 Years, B.Tech. + M.Tech./MS (Dual Degree))",AI,EWS,Gender-Neutral,822,822,822,822,968
Indian Institute of Technology Patna,"B. Tech. (ECE) -M. Tech. in VLSI (5 Years, B.Tech. + M.Tech./MS (Dual Degree))",AI,OBC-NCL,Gender-Neutral,2496,2496,2496,2496,2496
Indian Institute of Technology Patna,"B. Tech. (ECE) -M. Tech. in VLSI (5 Years, B.Tech. + M.Tech./MS (Dual Degree))",AI,OBC-NCL,Female-only (including Supernumerary),6113,6294,6294,6294,6294
Indian Institute of Technology Patna,"B. Tech. (ECE) -M. Tech. in VLSI (5 Years, B.Tech. + M.Tech./MS (Dual Degree))",AI,SC,Gender-Neutral,1552,1552,1552,1552,1552
Indian Institute of Technology Patna,"B. Tech. (ECE) -M. Tech. in VLSI (5 Years, B.Tech. + M.Tech./MS (Dual Degree))",AI,ST,Gender-Neutral,858,858,858,858,858
Indian Institute of Technology Patna,"B. Tech. (EEE)-M. Tech. in (Power &. Control) (5 Years, B.Tech. + M.Tech./MS (Dual Degree))",AI,OPEN,Gender-Neutral,8066,8116,8116,8116,8731
Indian Institute of Technology Patna,"B. Tech. (EEE)-M. Tech. in (Power &. Control) (5 Years, B.Tech. + M.Tech./MS (Dual Degree))",AI,OPEN,Female-only (including Supernumerary),14650,14650,14650,14650,17047
Indian Institute of Technology Patna,"B. Tech. (EEE)-M. Tech. in (Power &. Control) (5 Years, B.Tech. + M.Tech./MS (Dual Degree))",AI,EWS,Gender-Neutral,1213,1213,1213,1213,1213
Indian Institute of Technology Patna,"B. Tech. (EEE)-M. Tech. in (Power &. Control) (5 Years, B.Tech. + M.Tech./MS (Dual Degree))",AI,OBC-NCL,Gender-Neutral,2900,2900,2900,2900,3485
Indian Institute of Technology Patna,"B. Tech. (EEE)-M. Tech. in (Power &. Control) (5 Years, B.Tech. + M.Tech./MS (Dual Degree))",AI,OBC-NCL,Female-only (including Supernumerary),6902,6902,6902,6902,6902
Indian Institute of Technology Patna,"B. Tech. (EEE)-M. Tech. in (Power &. Control) (5 Years, B.Tech. + M.Tech./MS (Dual Degree))",AI,SC,Gender-Neutral,1854,1883,1883,1883,1883
Indian Institute of Technology Patna,"B. Tech. (Mathematics & Computing) M. Tech. in (Mathematics & Computing) (5 Years, B.Tech. + M.Tech./MS (Dual Degree))",AI,OPEN,Gender-Neutral,4975,5110,5110,5335,5854
Indian Institute of Technology Patna,"B. Tech. (Mathematics & Computing) M. Tech. in (Mathematics & Computing) (5 Years, B.Tech. + M.Tech./MS (Dual Degree))",AI,OPEN,Female-only (including Supernumerary),10815,10815,10815,10815,11181
Indian Institute of Technology Patna,"B. Tech. (Mathematics & Computing) M. Tech. in (Mathematics & Computing) (5 Years, B.Tech. + M.Tech./MS (Dual Degree))",AI,EWS,Gender-Neutral,780,780,780,780,780
Indian Institute of Technology Patna,"B. Tech. (Mathematics & Computing) M. Tech. in (Mathematics & Computing) (5 Years, B.Tech. + M.Tech./MS (Dual Degree))",AI,OBC-NCL,Gender-Neutral,1953,1953,1953,1953,1953
Indian Institute of Technology Patna,"B. Tech. (Mathematics & Computing) M. Tech. in (Mathematics & Computing) (5 Years, B.Tech. + M.Tech./MS (Dual Degree))",AI,OBC-NCL,Female-only (including Supernumerary),4760,4760,4760,4760,5339
Indian Institute of Technology Patna,"B. Tech. (Mathematics & Computing) M. Tech. in (Mathematics & Computing) (5 Years, B.Tech. + M.Tech./MS (Dual Degree))",AI,SC,Gender-Neutral,1007,1507,1507,1507,1507
Indian Institute of Technology Patna,"B. Tech. (Mathematics & Computing) M. Tech. in (Mathematics & Computing) (5 Years, B.Tech. + M.Tech./MS (Dual Degree))",AI,ST,Gender-Neutral,794,794,794,794,794
Indian Institute of Technology Patna,"B. Tech. (ME) - M. Tech. in Mechatronics (5 Years, B.Tech. + M.Tech./MS (Dual Degree))",AI,OPEN,Gender-Neutral,9243,9243,9243,9243,10711
Indian Institute of Technology Patna,"B. Tech. (ME) - M. Tech. in Mechatronics (5 Years, B.Tech. + M.Tech./MS (Dual Degree))",AI,OPEN,Female-only (including Supernumerary),18447,18447,18447,18447,20004
Indian Institute of Technology Patna,"B. Tech. (ME) - M. Tech. in Mechatronics (5 Years, B.Tech. + M.Tech./MS (Dual Degree))",AI,EWS,Gender-Neutral,1236,1236,1236,1236,1790
Indian Institute of Technology Patna,"B. Tech. (ME) - M. Tech. in Mechatronics (5 Years, B.Tech. + M.Tech./MS (Dual Degree))",AI,OBC-NCL,Gender-Neutral,3875,3888,3888,3888,4524
Indian Institute of Technology Patna,"B. Tech. (ME) - M. Tech. in Mechatronics (5 Years, B.Tech. + M.Tech./MS (Dual Degree))",AI,OBC-NCL,Female-only (including Supernumerary),8233,8233,8233,8233,9260
Indian Institute of Technology Patna,"B. Tech. (ME) - M. Tech. in Mechatronics (5 Years, B.Tech. + M.Tech./MS (Dual Degree))",AI,SC,Gender-Neutral,2139,2139,2139,2139,2139
Indian Institute of Technology Patna,"B. Tech. (ME) - M. Tech. in Mechatronics (5 Years, B.Tech. + M.Tech./MS (Dual Degree))",AI,ST,Gender-Neutral,1143,1143,1143,1143,1143
Indian Institute of Technology Patna,"B.Tech (Artificial Intelligence and Data Science) - MBA in Digital Business Management (IIM Bodh Gaya) (5 Years, Bachelor of Technology and MBA (Dual Degree))",AI,OPEN,Gender-Neutral,4946,4946,4946,5202,5859
Indian Institute of Technology Patna,"B.Tech (Artificial Intelligence and Data Science) - MBA in Digital Business Management (IIM Bodh Gaya) (5 Years, Bachelor of Technology and MBA (Dual Degree))",AI,OPEN (PwD),Gender-Neutral,204,204,204,204,204
Indian Institute of Technology Patna,"B.Tech (Artificial Intelligence and Data Science) - MBA in Digital Business Management (IIM Bodh Gaya) (5 Years, Bachelor of Technology and MBA (Dual Degree))",AI,OBC-NCL,Gender-Neutral,2068,2068,2068,2068,2068
Indian Institute of Technology Patna,"B.Tech (Artificial Intelligence and Data Science) - MBA in Digital Business Management (IIM Bodh Gaya) (5 Years, Bachelor of Technology and MBA (Dual Degree))",AI,OBC-NCL,Female-only (including Supernumerary),5780,5780,5780,5780,5780
Indian Institute of Technology Patna,"B.Tech (Artificial Intelligence and Data Science) - MBA in Digital Business Management (IIM Bodh Gaya) (5 Years, Bachelor of Technology and MBA (Dual Degree))",AI,SC,Gender-Neutral,1150,1150,1150,1150,1150
Indian Institute of Technology Patna,"B.Tech (Chemical Engineering) - MBA in Hospital and Health Care Management (IIM Bodh Gaya) (5 Years, Bachelor of Technology and MBA (Dual Degree))",AI,OPEN,Gender-Neutral,13422,13422,13422,13422,15090
Indian Institute of Technology Patna,"B.Tech (Chemical Engineering) - MBA in Hospital and Health Care Management (IIM Bodh Gaya) (5 Years, Bachelor of Technology and MBA (Dual Degree))",AI,OBC-NCL,Gender-Neutral,4105,4105,4105,4105,4105
Indian Institute of Technology Patna,"B.Tech (Chemical Engineering) - MBA in Hospital and Health Care Management (IIM Bodh Gaya) (5 Years, Bachelor of Technology and MBA (Dual Degree))",AI,OBC-NCL,Female-only (including Supernumerary),10043,10290,10290,10290,10305
Indian Institute of Technology Patna,"B.Tech (Chemical Engineering) - MBA in Hospital and Health Care Management (IIM Bodh Gaya) (5 Years, Bachelor of Technology and MBA (Dual Degree))",AI,SC,Gender-Neutral,2582,2609,2609,2609,2609
Indian Institute of Technology Patna,"B.Tech (Chemical Science and Technology) - MBA in Hospital and Health Care Management (IIM Bodh Gaya) (5 Years, Bachelor of Technology and MBA (Dual Degree))",AI,OPEN,Gender-Neutral,13963,14804,14804,15090,17079
Indian Institute of Technology Patna,"B.Tech (Chemical Science and Technology) - MBA in Hospital and Health Care Management (IIM Bodh Gaya) (5 Years, Bachelor of Technology and MBA (Dual Degree))",AI,OPEN,Female-only (including Supernumerary),25639,26022,26022,26022,26022
Indian Institute of Technology Patna,"B.Tech (Chemical Science and Technology) - MBA in Hospital and Health Care Management (IIM Bodh Gaya) (5 Years, Bachelor of Technology and MBA (Dual Degree))",AI,EWS,Gender-Neutral,2213,2296,2296,2296,2575
Indian Institute of Technology Patna,"B.Tech (Chemical Science and Technology) - MBA in Hospital and Health Care Management (IIM Bodh Gaya) (5 Years, Bachelor of Technology and MBA (Dual Degree))",AI,OBC-NCL,Gender-Neutral,5496,5525,5525,5525,5525
Indian Institute of Technology Patna,"B.Tech (Civil Engineering) - MBA (IIM Bodh Gaya) (5 Years, Bachelor of Technology and MBA (Dual Degree))",AI,OPEN,Gender-Neutral,10230,10230,10230,10230,15115
Indian Institute of Technology Patna,"B.Tech (Civil Engineering) - MBA (IIM Bodh Gaya) (5 Years, Bachelor of Technology and MBA (Dual Degree))",AI,EWS,Gender-Neutral,1980,2332,2332,2332,2538
Indian Institute of Technology Patna,"B.Tech (Civil Engineering) - MBA (IIM Bodh Gaya) (5 Years, Bachelor of Technology and MBA (Dual Degree))",AI,OBC-NCL,Gender-Neutral,3449,5102,5102,5102,5102
Indian Institute of Technology Patna,"B.Tech (Civil Engineering) - MBA (IIM Bodh Gaya) (5 Years, Bachelor of Technology and MBA (Dual Degree))",AI,OBC-NCL,Female-only (including Supernumerary),10272,10555,10555,10555,10555
Indian Institute of Technology Patna,"B.Tech (Civil Engineering) - MBA (IIM Bodh Gaya) (5 Years, Bachelor of Technology and MBA (Dual Degree))",AI,SC,Gender-Neutral,2792,2890,2890,2890,2890
Indian Institute of Technology Patna,"B.Tech (Computer Science and Engineering) - MBA in Digital Business Management (IIM Bodh Gaya) (5 Years, Bachelor of Technology and MBA (Dual Degree))",AI,OPEN,Gender-Neutral,4899,4899,4899,4899,5725
Indian Institute of Technology Patna,"B.Tech (Computer Science and Engineering) - MBA in Digital Business Management (IIM Bodh Gaya) (5 Years, Bachelor of Technology and MBA (Dual Degree))",AI,OPEN,Female-only (including Supernumerary),12223,12223,12223,12223,12223
Indian Institute of Technology Patna,"B.Tech (Computer Science and Engineering) - MBA in Digital Business Management (IIM Bodh Gaya) (5 Years, Bachelor of Technology and MBA (Dual Degree))",AI,OPEN (PwD),Gender-Neutral,278,278,278,278,278
Indian Institute of Technology Patna,"B.Tech (Computer Science and Engineering) - MBA in Digital Business Management (IIM Bodh Gaya) (5 Years, Bachelor of Technology and MBA (Dual Degree))",AI,OBC-NCL,Gender-Neutral,1813,1813,1813,1813,1813
Indian Institute of Technology Patna,"B.Tech (Computer Science and Engineering) - MBA in Digital Business Management (IIM Bodh Gaya) (5 Years, Bachelor of Technology and MBA (Dual Degree))",AI,ST,Gender-Neutral,702,702,702,702,702
Indian Institute of Technology Patna,"B.Tech (Electrical and Electronics Engineering) - MBA (IIM Bodh Gaya) (5 Years, Bachelor of Technology and MBA (Dual Degree))",AI,OPEN,Gender-Neutral,7595,7595,7595,7595,9366
Indian Institute of Technology Patna,"B.Tech (Electrical and Electronics Engineering) - MBA (IIM Bodh Gaya) (5 Years, Bachelor of Technology and MBA (Dual Degree))",AI,OPEN,Female-only (including Supernumerary),13624,13624,13624,13624,13624
Indian Institute of Technology Patna,"B.Tech (Electrical and Electronics Engineering) - MBA (IIM Bodh Gaya) (5 Years, Bachelor of Technology and MBA (Dual Degree))",AI,OPEN (PwD),Gender-Neutral,284P,284P,284P,284P,284P
Indian Institute of Technology Patna,"B.Tech (Electrical and Electronics Engineering) - MBA (IIM Bodh Gaya) (5 Years, Bachelor of Technology and MBA (Dual Degree))",AI,EWS,Gender-Neutral,1109,1353,1353,1353,1380
Indian Institute of Technology Patna,"B.Tech (Electrical and Electronics Engineering) - MBA (IIM Bodh Gaya) (5 Years, Bachelor of Technology and MBA (Dual Degree))",AI,OBC-NCL,Gender-Neutral,3212,3212,3212,3212,3315
Indian Institute of Technology Patna,"B.Tech (Electrical and Electronics Engineering) - MBA (IIM Bodh Gaya) (5 Years, Bachelor of Technology and MBA (Dual Degree))",AI,SC,Gender-Neutral,1692,1796,1796,1796,1796
Indian Institute of Technology Patna,"B.Tech (Electronics and Communication Engineering) - MBA in Hospital and Healthcare Management (IIM Bodh Gaya) (5 Years, Bachelor of Technology and MBA (Dual Degree))",AI,OPEN,Gender-Neutral,7873,7873,7873,7873,8829
Indian Institute of Technology Patna,"B.Tech (Electronics and Communication Engineering) - MBA in Hospital and Healthcare Management (IIM Bodh Gaya) (5 Years, Bachelor of Technology and MBA (Dual Degree))",AI,OPEN,Female-only (including Supernumerary),19159,19159,19159,19159,19159
Indian Institute of Technology Patna,"B.Tech (Electronics and Communication Engineering) - MBA in Hospital and Healthcare Management (IIM Bodh Gaya) (5 Years, Bachelor of Technology and MBA (Dual Degree))",AI,OPEN (PwD),Gender-Neutral,484P,484P,484P,484P,484P
Indian Institute of Technology Patna,"B.Tech (Electronics and Communication Engineering) - MBA in Hospital and Healthcare Management (IIM Bodh Gaya) (5 Years, Bachelor of Technology and MBA (Dual Degree))",AI,EWS,Gender-Neutral,1225,1225,1225,1225,1225
Indian Institute of Technology Patna,"B.Tech (Electronics and Communication Engineering) - MBA in Hospital and Healthcare Management (IIM Bodh Gaya) (5 Years, Bachelor of Technology and MBA (Dual Degree))",AI,OBC-NCL,Gender-Neutral,2825,2825,2825,2825,2825
Indian Institute of Technology Patna,"B.Tech (Engineering Physics) - MBA (IIM Bodh Gaya) (5 Years, Bachelor of Technology and MBA (Dual Degree))",AI,OPEN,Gender-Neutral,11579,12331,12331,12331,12628
Indian Institute of Technology Patna,"B.Tech (Engineering Physics) - MBA (IIM Bodh Gaya) (5 Years, Bachelor of Technology and MBA (Dual Degree))",AI,EWS,Gender-Neutral,2004,2004,2004,2004,2359
Indian Institute of Technology Patna,"B.Tech (Engineering Physics) - MBA (IIM Bodh Gaya) (5 Years, Bachelor of Technology and MBA (Dual Degree))",AI,OBC-NCL,Gender-Neutral,4454,4454,4454,4454,5687
Indian Institute of Technology Patna,"B.Tech (Engineering Physics) - MBA (IIM Bodh Gaya) (5 Years, Bachelor of Technology and MBA (Dual Degree))",AI,OBC-NCL,Female-only (including Supernumerary),9873,9873,9873,9873,9873
Indian Institute of Technology Patna,"B.Tech (Engineering Physics) - MBA (IIM Bodh Gaya) (5 Years, Bachelor of Technology and MBA (Dual Degree))",AI,SC,Gender-Neutral,2140,3016,3016,3016,3175
Indian Institute of Technology Patna,"B.Tech (Mathematics and Computing) - MBA in Digital Business Management (IIM Bodh Gaya) (5 Years, Bachelor of Technology and MBA (Dual Degree))",AI,OPEN,Gender-Neutral,5110,5202,5202,5859,6293
Indian Institute of Technology Patna,"B.Tech (Mathematics and Computing) - MBA in Digital Business Management (IIM Bodh Gaya) (5 Years, Bachelor of Technology and MBA (Dual Degree))",AI,OPEN (PwD),Gender-Neutral,9P,9P,9P,9P,9P
Indian Institute of Technology Patna,"B.Tech (Mathematics and Computing) - MBA in Digital Business Management (IIM Bodh Gaya) (5 Years, Bachelor of Technology and MBA (Dual Degree))",AI,OBC-NCL,Gender-Neutral,1983,1983,1983,1983,1983
Indian Institute of Technology Patna,"B.Tech (Mathematics and Computing) - MBA in Digital Business Management (IIM Bodh Gaya) (5 Years, Bachelor of Technology and MBA (Dual Degree))",AI,OBC-NCL,Female-only (including Supernumerary),5271,6148,6148,6148,6148
Indian Institute of Technology Patna,"B.Tech (Mathematics and Computing) - MBA in Digital Business Management (IIM Bodh Gaya) (5 Years, Bachelor of Technology and MBA (Dual Degree))",AI,SC,Gender-Neutral,1623,1623,1623,1623,1623
Indian Institute of Technology Patna,"B.Tech (Mechanical Engineering) - MBA (IIM Mumbai) (5 Years, Bachelor of Technology and MBA (Dual Degree))",AI,OPEN,Gender-Neutral,9006,9006,9006,9006,9006
Indian Institute of Technology Patna,"B.Tech (Mechanical Engineering) - MBA (IIM Mumbai) (5 Years, Bachelor of Technology and MBA (Dual Degree))",AI,OPEN,Female-only (including Supernumerary),18254,18254,18254,18254,20156
Indian Institute of Technology Patna,"B.Tech (Mechanical Engineering) - MBA (IIM Mumbai) (5 Years, Bachelor of Technology and MBA (Dual Degree))",AI,OPEN (PwD),Gender-Neutral,102P,102P,102P,102P,102P
Indian Institute of Technology Patna,"B.Tech (Mechanical Engineering) - MBA (IIM Mumbai) (5 Years, Bachelor of Technology and MBA (Dual Degree))",AI,EWS,Gender-Neutral,1458,1684,1684,1684,1686
Indian Institute of Technology Patna,"B.Tech (Mechanical Engineering) - MBA (IIM Mumbai) (5 Years, Bachelor of Technology and MBA (Dual Degree))",AI,OBC-NCL,Gender-Neutral,3518,3598,3598,3598,3598
Indian Institute of Technology Patna,"B.Tech (Mechanical Engineering) - MBA (IIM Mumbai) (5 Years, Bachelor of Technology and MBA (Dual Degree))",AI,OBC-NCL,Female-only (including Supernumerary),7322,7322,7322,7322,7322
Indian Institute of Technology Patna,"B.Tech (Mechanical Engineering) - MBA (IIM Mumbai) (5 Years, Bachelor of Technology and MBA (Dual Degree))",AI,SC,Gender-Neutral,2176,2179,2179,2179,2179
Indian Institute of Technology Patna,"B.Tech (Mechanical Engineering) - MBA (IIM Mumbai) (5 Years, Bachelor of Technology and MBA (Dual Degree))",AI,ST,Gender-Neutral,1254,1254,1254,1254,1254
Indian Institute of Technology Patna,"B.Tech (Metallurgical and Materials Engineering) - MBA (IIM Bodh Gaya) (5 Years, Bachelor of Technology and MBA (Dual Degree))",AI,OPEN,Gender-Neutral,12496,13112,13112,13112,13112
Indian Institute of Technology Patna,"B.Tech (Metallurgical and Materials Engineering) - MBA (IIM Bodh Gaya) (5 Years, Bachelor of Technology and MBA (Dual Degree))",AI,OPEN,Female-only (including Supernumerary),26345,26345,26429,26429,26429
Indian Institute of Technology Patna,"B.Tech (Metallurgical and Materials Engineering) - MBA (IIM Bodh Gaya) (5 Years, Bachelor of Technology and MBA (Dual Degree))",AI,OBC-NCL,Gender-Neutral,5591,5687,5687,5687,5926
Indian Institute of Technology Patna,"B.Tech (Metallurgical and Materials Engineering) - MBA (IIM Bodh Gaya) (5 Years, Bachelor of Technology and MBA (Dual Degree))",AI,SC,Gender-Neutral,3170,3170,3170,3170,3170
Indian Institute of Technology Patna,"B.Tech (Metallurgical and Materials Engineering) - MBA (IIM Bodh Gaya) (5 Years, Bachelor of Technology and MBA (Dual Degree))",AI,ST,Gender-Neutral,1439,1439,1439,1439,1439
Indian Institute of Technology Patna,"B.Tech. in Electronics and Communication Engineering and M.Tech. in Communication Systems (5 Years, Bachelor and Master of Technology (Dual Degree))",AI,OPEN,Gender-Neutral,6950,6950,6950,6950,6950
Indian Institute of Technology Patna,"B.Tech. in Electronics and Communication Engineering and M.Tech. in Communication Systems (5 Years, Bachelor and Master of Technology (Dual Degree))",AI,OPEN,Female-only (including Supernumerary),12931,12931,12931,12931,12931
Indian Institute of Technology Patna,"B.Tech. in Electronics and Communication Engineering and M.Tech. in Communication Systems (5 Years, Bachelor and Master of Technology (Dual Degree))",AI,EWS,Gender-Neutral,968,968,968,968,1095
Indian Institute of Technology Patna,"B.Tech. in Electronics and Communication Engineering and M.Tech. in Communication Systems (5 Years, Bachelor and Master of Technology (Dual Degree))",AI,OBC-NCL,Gender-Neutral,2411,2748,2748,2748,2748
Indian Institute of Technology Patna,"B.Tech. in Electronics and Communication Engineering and M.Tech. in Communication Systems (5 Years, Bachelor and Master of Technology (Dual Degree))",AI,SC,Gender-Neutral,1590,1590,1590,1590,1590
Indian Institute of Technology Patna,"B.Tech. in Electronics and Communication Engineering and M.Tech. in Communication Systems (5 Years, Bachelor and Master of Technology (Dual Degree))",AI,SC,Female-only (including Supernumerary),2315,2315,2315,2315,3053
Indian Institute of Technology Patna,"B.Tech. in Electronics and Communication Engineering and M.Tech. in Communication Systems (5 Years, Bachelor and Master of Technology (Dual Degree))",AI,ST,Gender-Neutral,903,903,903,903,903
Indian Institute of Technology Patna,"BS in Economics with MBA (IIM Bodh Gaya) (5 Years, Bachelor of Science and MBA (Dual Degree))",AI,OPEN,Gender-Neutral,13683,13683,13683,13683,15050
Indian Institute of Technology Patna,"BS in Economics with MBA (IIM Bodh Gaya) (5 Years, Bachelor of Science and MBA (Dual Degree))",AI,EWS,Female-only (including Supernumerary),4113,4113,4113,4113,4761
Indian Institute of Technology Patna,"BS in Economics with MBA (IIM Bodh Gaya) (5 Years, Bachelor of Science and MBA (Dual Degree))",AI,OBC-NCL,Gender-Neutral,3909,5540,5540,5540,5540
Indian Institute of Technology Patna,"BS in Economics with MBA (IIM Bodh Gaya) (5 Years, Bachelor of Science and MBA (Dual Degree))",AI,SC,Gender-Neutral,2543,2543,2543,2543,2543
Indian Institute of Technology Patna,"BS in Economics with MBA (IIM Bodh Gaya) (5 Years, Bachelor of Science and MBA (Dual Degree))",AI,ST,Gender-Neutral,1514,1605,1610,1610,1633
Indian Institute of Technology Patna,"Chemical Engineering (4 Years, Bachelor of Technology)",AI,OPEN,Gender-Neutral,12132,12293,12293,12425,14174
Indian Institute of Technology Patna,"Chemical Engineering (4 Years, Bachelor of Technology)",AI,OPEN,Female-only (including Supernumerary),21689,21735,21735,21735,23962
Indian Institute of Technology Patna,"Chemical Engineering (4 Years, Bachelor of Technology)",AI,OPEN (PwD),Gender-Neutral,540P,540P,540P,540P,540P
Indian Institute of Technology Patna,"Chemical Engineering (4 Years, Bachelor of Technology)",AI,EWS,Gender-Neutral,1683,1810,1810,1841,2099
Indian Institute of Technology Patna,"Chemical Engineering (4 Years, Bachelor of Technology)",AI,EWS,Female-only (including Supernumerary),3239,3461,3461,3461,3790
Indian Institute of Technology Patna,"Chemical Engineering (4 Years, Bachelor of Technology)",AI,OBC-NCL,Gender-Neutral,4616,4822,4822,4822,4931
Indian Institute of Technology Patna,"Chemical Engineering (4 Years, Bachelor of Technology)",AI,OBC-NCL,Female-only (including Supernumerary),9436,9854,9854,9854,9854
Indian Institute of Technology Patna,"Chemical Engineering (4 Years, Bachelor of Technology)",AI,SC,Gender-Neutral,2564,2619,2619,2619,2666
Indian Institute of Technology Patna,"Chemical Engineering (4 Years, Bachelor of Technology)",AI,SC,Female-only (including Supernumerary),3994,4447,4447,4447,4472
Indian Institute of Technology Patna,"Chemical Engineering (4 Years, Bachelor of Technology)",AI,ST,Gender-Neutral,1261,1314,1314,1314,1325
Indian Institute of Technology Patna,"Chemical Engineering (4 Years, Bachelor of Technology)",AI,ST,Female-only (including Supernumerary),1725,1725,1725,1725,1778
Indian Institute of Technology Patna,"Chemical Science and Technology (4 Years, Bachelor of Technology)",AI,OPEN,Gender-Neutral,14330,14600,14600,14600,15919
Indian Institute of Technology Patna,"Chemical Science and Technology (4 Years, Bachelor of Technology)",AI,OPEN,Female-only (including Supernumerary),23105,23105,23105,23105,24417
Indian Institute of Technology Patna,"Chemical Science and Technology (4 Years, Bachelor of Technology)",AI,EWS,Gender-Neutral,2090,2220,2220,2249,2428
Indian Institute of Technology Patna,"Chemical Science and Technology (4 Years, Bachelor of Technology)",AI,EWS,Female-only (including Supernumerary),3951,3951,3951,3951,4545
Indian Institute of Technology Patna,"Chemical Science and Technology (4 Years, Bachelor of Technology)",AI,OBC-NCL,Gender-Neutral,5139,5514,5529,5529,5683
Indian Institute of Technology Patna,"Chemical Science and Technology (4 Years, Bachelor of Technology)",AI,OBC-NCL,Female-only (including Supernumerary),9810,9938,9938,9938,9938
Indian Institute of Technology Patna,"Chemical Science and Technology (4 Years, Bachelor of Technology)",AI,SC,Gender-Neutral,2934,2973,2998,2998,3178
Indian Institute of Technology Patna,"Chemical Science and Technology (4 Years, Bachelor of Technology)",AI,SC,Female-only (including Supernumerary),3249,3249,3249,3249,4474
Indian Institute of Technology Patna,"Chemical Science and Technology (4 Years, Bachelor of Technology)",AI,ST,Gender-Neutral,1300,1394,1394,1394,1434
Indian Institute of Technology Patna,"Chemical Science and Technology (4 Years, Bachelor of Technology)",AI,ST,Female-only (including Supernumerary),1887,1887,1887,1887,1887
Indian Institute of Technology Patna,"Civil Engineering (4 Years, Bachelor of Technology)",AI,OPEN,Gender-Neutral,14194,14719,14740,14742,16097
Indian Institute of Technology Patna,"Civil Engineering (4 Years, Bachelor of Technology)",AI,OPEN,Female-only (including Supernumerary),23614,23962,23991,23991,26579
Indian Institute of Technology Patna,"Civil Engineering (4 Years, Bachelor of Technology)",AI,OPEN (PwD),Gender-Neutral,421P,,,,
Indian Institute of Technology Patna,"Civil Engineering (4 Years, Bachelor of Technology)",AI,EWS,Gender-Neutral,2011,2217,2217,2220,2379
Indian Institute of Technology Patna,"Civil Engineering (4 Years, Bachelor of Technology)",AI,EWS,Female-only (including Supernumerary),3942,3942,3942,3942,4485
Indian Institute of Technology Patna,"Civil Engineering (4 Years, Bachelor of Technology)",AI,OBC-NCL,Gender-Neutral,5047,5275,5275,5292,5370
Indian Institute of Technology Patna,"Civil Engineering (4 Years, Bachelor of Technology)",AI,OBC-NCL,Female-only (including Supernumerary),9797,10129,10129,10129,10364
Indian Institute of Technology Patna,"Civil Engineering (4 Years, Bachelor of Technology)",AI,SC,Gender-Neutral,2585,2756,2764,2764,2773
Indian Institute of Technology Patna,"Civil Engineering (4 Years, Bachelor of Technology)",AI,SC,Female-only (including Supernumerary),4130,4357,4357,4357,4357
Indian Institute of Technology Patna,"Civil Engineering (4 Years, Bachelor of Technology)",AI,ST,Gender-Neutral,1116,1121,1121,1121,1121
Indian Institute of Technology Patna,"Civil Engineering (4 Years, Bachelor of Technology)",AI,ST,Female-only (including Supernumerary),1282,1305,1305,1305,1305
Indian Institute of Technology Patna,"Computer Science and Engineering (4 Years, Bachelor of Technology)",AI,OPEN,Gender-Neutral,3303,3305,3305,3305,3635
Indian Institute of Technology Patna,"Computer Science and Engineering (4 Years, Bachelor of Technology)",AI,OPEN,Female-only (including Supernumerary),7895,7907,7907,8410,9393
Indian Institute of Technology Patna,"Computer Science and Engineering (4 Years, Bachelor of Technology)",AI,OPEN (PwD),Gender-Neutral,127,127,127,127,127
Indian Institute of Technology Patna,"Computer Science and Engineering (4 Years, Bachelor of Technology)",AI,EWS,Gender-Neutral,476,476,476,476,507
Indian Institute of Technology Patna,"Computer Science and Engineering (4 Years, Bachelor of Technology)",AI,EWS,Female-only (including Supernumerary),1432,1432,1432,1432,1433
Indian Institute of Technology Patna,"Computer Science and Engineering (4 Years, Bachelor of Technology)",AI,OBC-NCL,Gender-Neutral,1255,1258,1258,1258,1258
Indian Institute of Technology Patna,"Computer Science and Engineering (4 Years, Bachelor of Technology)",AI,OBC-NCL,Female-only (including Supernumerary),3592,3592,3592,3592,3592
Indian Institute of Technology Patna,"Computer Science and Engineering (4 Years, Bachelor of Technology)",AI,OBC-NCL (PwD),Gender-Neutral,57,57,57,57,57
Indian Institute of Technology Patna,"Computer Science and Engineering (4 Years, Bachelor of Technology)",AI,SC,Gender-Neutral,761,761,761,761,775
Indian Institute of Technology Patna,"Computer Science and Engineering (4 Years, Bachelor of Technology)",AI,SC,Female-only (including Supernumerary),1540,1628,1628,1628,1628
Indian Institute of Technology Patna,"Computer Science and Engineering (4 Years, Bachelor of Technology)",AI,ST,Gender-Neutral,359,381,381,381,381
Indian Institute of Technology Patna,"Computer Science and Engineering (4 Years, Bachelor of Technology)",AI,ST,Female-only (including Supernumerary),523,523,523,523,523
Indian Institute of Technology Patna,"Economics (4 Years, Bachelor of Science)",AI,OPEN,Gender-Neutral,12826,13369,13369,13369,14550
Indian Institute of Technology Patna,"Economics (4 Years, Bachelor of Science)",AI,OPEN,Female-only (including Supernumerary),17174,18400,18400,18400,22119
Indian Institute of Technology Patna,"Economics (4 Years, Bachelor of Science)",AI,EWS,Gender-Neutral,2130,2175,2175,2175,2175
Indian Institute of Technology Patna,"Economics (4 Years, Bachelor of Science)",AI,EWS,Female-only (including Supernumerary),4528,4623,4623,4623,4667
Indian Institute of Technology Patna,"Economics (4 Years, Bachelor of Science)",AI,OBC-NCL,Gender-Neutral,5537,5681,5730,5730,5923
Indian Institute of Technology Patna,"Economics (4 Years, Bachelor of Science)",AI,OBC-NCL,Female-only (including Supernumerary),8343,8343,8343,8343,8343
Indian Institute of Technology Patna,"Economics (4 Years, Bachelor of Science)",AI,SC,Gender-Neutral,3083,3126,3126,3126,3126
Indian Institute of Technology Patna,"Economics (4 Years, Bachelor of Science)",AI,SC,Female-only (including Supernumerary),4471,4471,4471,4471,4471
Indian Institute of Technology Patna,"Economics (4 Years, Bachelor of Science)",AI,ST,Gender-Neutral,1511,1589,1589,1589,1589
Indian Institute of Technology Patna,"Economics (4 Years, Bachelor of Science)",AI,ST,Female-only (including Supernumerary),2027,2088,2088,2088,2088
Indian Institute of Technology Patna,"Electrical and Electronics Engineering (4 Years, Bachelor of Technology)",AI,OPEN,Gender-Neutral,6937,6937,6937,6937,7827
Indian Institute of Technology Patna,"Electrical and Electronics Engineering (4 Years, Bachelor of Technology)",AI,OPEN,Female-only (including Supernumerary),13534,14033,14033,14083,14083
Indian Institute of Technology Patna,"Electrical and Electronics Engineering (4 Years, Bachelor of Technology)",AI,OPEN (PwD),Gender-Neutral,287P,287P,287P,287P,287P
Indian Institute of Technology Patna,"Electrical and Electronics Engineering (4 Years, Bachelor of Technology)",AI,EWS,Gender-Neutral,1008,1055,1055,1055,1153
Indian Institute of Technology Patna,"Electrical and Electronics Engineering (4 Years, Bachelor of Technology)",AI,EWS,Female-only (including Supernumerary),2049,2049,2049,2049,2049
Indian Institute of Technology Patna,"Electrical and Electronics Engineering (4 Years, Bachelor of Technology)",AI,OBC-NCL,Gender-Neutral,2540,2714,2714,2714,2817
Indian Institute of Technology Patna,"Electrical and Electronics Engineering (4 Years, Bachelor of Technology)",AI,OBC-NCL,Female-only (including Supernumerary),5483,5945,6237,6237,6237
Indian Institute of Technology Patna,"Electrical and Electronics Engineering (4 Years, Bachelor of Technology)",AI,SC,Gender-Neutral,1686,1692,1692,1692,1779
Indian Institute of Technology Patna,"Electrical and Electronics Engineering (4 Years, Bachelor of Technology)",AI,SC,Female-only (including Supernumerary),2403,2403,2403,2403,2403
Indian Institute of Technology Patna,"Electrical and Electronics Engineering (4 Years, Bachelor of Technology)",AI,ST,Gender-Neutral,791,791,791,791,791
Indian Institute of Technology Patna,"Electrical and Electronics Engineering (4 Years, Bachelor of Technology)",AI,ST,Female-only (including Supernumerary),1051,1282,1282,1282,1282
Indian Institute of Technology Patna,"Electronics and Communication Engineering (4 Years, Bachelor of Technology)",AI,OPEN,Gender-Neutral,5664,5742,5742,5742,6026
Indian Institute of Technology Patna,"Electronics and Communication Engineering (4 Years, Bachelor of Technology)",AI,OPEN,Female-only (including Supernumerary),11234,11234,11234,11234,11627
Indian Institute of Technology Patna,"Electronics and Communication Engineering (4 Years, Bachelor of Technology)",AI,OPEN (PwD),Gender-Neutral,271,271,271,271,271
Indian Institute of Technology Patna,"Electronics and Communication Engineering (4 Years, Bachelor of Technology)",AI,EWS,Gender-Neutral,781,785,785,785,785
Indian Institute of Technology Patna,"Electronics and Communication Engineering (4 Years, Bachelor of Technology)",AI,EWS,Female-only (including Supernumerary),1752,1752,1752,1752,1752
Indian Institute of Technology Patna,"Electronics and Communication Engineering (4 Years, Bachelor of Technology)",AI,EWS (PwD),Gender-Neutral,53P,53P,53P,53P,53P
Indian Institute of Technology Patna,"Electronics and Communication Engineering (4 Years, Bachelor of Technology)",AI,OBC-NCL,Gender-Neutral,2214,2265,2265,2265,2297
Indian Institute of Technology Patna,"Electronics and Communication Engineering (4 Years, Bachelor of Technology)",AI,OBC-NCL,Female-only (including Supernumerary),4904,5069,5145,5145,5145
Indian Institute of Technology Patna,"Electronics and Communication Engineering (4 Years, Bachelor of Technology)",AI,OBC-NCL (PwD),Gender-Neutral,35P,35P,35P,35P,35P
Indian Institute of Technology Patna,"Electronics and Communication Engineering (4 Years, Bachelor of Technology)",AI,SC,Gender-Neutral,1350,1350,1350,1350,1350
Indian Institute of Technology Patna,"Electronics and Communication Engineering (4 Years, Bachelor of Technology)",AI,SC,Female-only (including Supernumerary),2288,2288,2288,2288,2288
Indian Institute of Technology Patna,"Electronics and Communication Engineering (4 Years, Bachelor of Technology)",AI,ST,Gender-Neutral,627,627,627,627,627
Indian Institute of Technology Patna,"Electronics and Communication Engineering (4 Years, Bachelor of Technology)",AI,ST,Female-only (including Supernumerary),1009,1051,1051,1051,1051
Indian Institute of Technology Patna,"Engineering Physics (4 Years, Bachelor of Technology)",AI,OPEN,Gender-Neutral,11565,11579,11579,11579,12425
Indian Institute of Technology Patna,"Engineering Physics (4 Years, Bachelor of Technology)",AI,OPEN,Female-only (including Supernumerary),19513,19513,19513,19513,19513
Indian Institute of Technology Patna,"Engineering Physics (4 Years, Bachelor of Technology)",AI,EWS,Gender-Neutral,1782,1912,1912,1912,1962
Indian Institute of Technology Patna,"Engineering Physics (4 Years, Bachelor of Technology)",AI,EWS,Female-only (including Supernumerary),3321,3383,3383,3383,3383
Indian Institute of Technology Patna,"Engineering Physics (4 Years, Bachelor of Technology)",AI,OBC-NCL,Gender-Neutral,4730,4785,4785,4785,4785
Indian Institute of Technology Patna,"Engineering Physics (4 Years, Bachelor of Technology)",AI,OBC-NCL,Female-only (including Supernumerary),9220,9767,9767,9767,9767
Indian Institute of Technology Patna,"Engineering Physics (4 Years, Bachelor of Technology)",AI,SC,Gender-Neutral,2800,2893,2929,2929,2983
Indian Institute of Technology Patna,"Engineering Physics (4 Years, Bachelor of Technology)",AI,SC,Female-only (including Supernumerary),3625,4478,4478,4478,4478
Indian Institute of Technology Patna,"Engineering Physics (4 Years, Bachelor of Technology)",AI,ST,Gender-Neutral,1217,1319,1319,1319,1319
Indian Institute of Technology Patna,"Engineering Physics (4 Years, Bachelor of Technology)",AI,ST,Female-only (including Supernumerary),1705,1705,1705,1705,1705
Indian Institute of Technology Patna,"Mathematics and Computing (4 Years, Bachelor of Technology)",AI,OPEN,Gender-Neutral,4875,4878,4878,4911,5320
Indian Institute of Technology Patna,"Mathematics and Computing (4 Years, Bachelor of Technology)",AI,OPEN,Female-only (including Supernumerary),10309,10628,10628,10628,11026
Indian Institute of Technology Patna,"Mathematics and Computing (4 Years, Bachelor of Technology)",AI,OPEN (PwD),Gender-Neutral,248,263,263,263,263
Indian Institute of Technology Patna,"Mathematics and Computing (4 Years, Bachelor of Technology)",AI,EWS,Gender-Neutral,666,666,666,666,777
Indian Institute of Technology Patna,"Mathematics and Computing (4 Years, Bachelor of Technology)",AI,EWS,Female-only (including Supernumerary),1433,1433,1433,1433,1786
Indian Institute of Technology Patna,"Mathematics and Computing (4 Years, Bachelor of Technology)",AI,OBC-NCL,Gender-Neutral,1861,1871,1871,1871,1923
Indian Institute of Technology Patna,"Mathematics and Computing (4 Years, Bachelor of Technology)",AI,OBC-NCL,Female-only (including Supernumerary),4516,4723,4723,4723,4760
Indian Institute of Technology Patna,"Mathematics and Computing (4 Years, Bachelor of Technology)",AI,OBC-NCL (PwD),Gender-Neutral,129,129,129,129,
Indian Institute of Technology Patna,"Mathematics and Computing (4 Years, Bachelor of Technology)",AI,SC,Gender-Neutral,1209,1232,1232,1232,1288
Indian Institute of Technology Patna,"Mathematics and Computing (4 Years, Bachelor of Technology)",AI,SC,Female-only (including Supernumerary),2389,2389,2389,2389,2389
Indian Institute of Technology Patna,"Mathematics and Computing (4 Years, Bachelor of Technology)",AI,ST,Gender-Neutral,736,736,736,736,736
Indian Institute of Technology Patna,"Mathematics and Computing (4 Years, Bachelor of Technology)",AI,ST,Female-only (including Supernumerary),938,938,938,938,938
Indian Institute of Technology Patna,"Mechanical Engineering (4 Years, Bachelor of Technology)",AI,OPEN,Gender-Neutral,10878,10975,10979,11137,12088
Indian Institute of Technology Patna,"Mechanical Engineering (4 Years, Bachelor of Technology)",AI,OPEN,Female-only (including Supernumerary),20004,20308,20308,20308,22345
Indian Institute of Technology Patna,"Mechanical Engineering (4 Years, Bachelor of Technology)",AI,OPEN (PwD),Gender-Neutral,519P,,,,
Indian Institute of Technology Patna,"Mechanical Engineering (4 Years, Bachelor of Technology)",AI,EWS,Gender-Neutral,1572,1627,1627,1627,1841
Indian Institute of Technology Patna,"Mechanical Engineering (4 Years, Bachelor of Technology)",AI,EWS,Female-only (including Supernumerary),3146,3248,3248,3248,4144
Indian Institute of Technology Patna,"Mechanical Engineering (4 Years, Bachelor of Technology)",AI,OBC-NCL,Gender-Neutral,4010,4190,4190,4190,4317
Indian Institute of Technology Patna,"Mechanical Engineering (4 Years, Bachelor of Technology)",AI,OBC-NCL,Female-only (including Supernumerary),8361,8791,8791,8791,8791
Indian Institute of Technology Patna,"Mechanical Engineering (4 Years, Bachelor of Technology)",AI,SC,Gender-Neutral,2201,2333,2333,2333,2333
Indian Institute of Technology Patna,"Mechanical Engineering (4 Years, Bachelor of Technology)",AI,SC,Female-only (including Supernumerary),3698,4130,4130,4130,4130
Indian Institute of Technology Patna,"Mechanical Engineering (4 Years, Bachelor of Technology)",AI,ST,Gender-Neutral,1023,1140,1140,1140,1140
Indian Institute of Technology Patna,"Mechanical Engineering (4 Years, Bachelor of Technology)",AI,ST,Female-only (including Supernumerary),1595,1595,1595,1595,1725
Indian Institute of Technology Patna,"Metallurgical and Materials Engineering (4 Years, Bachelor of Technology)",AI,OPEN,Gender-Neutral,14611,14939,15041,15041,17179
Indian Institute of Technology Patna,"Metallurgical and Materials Engineering (4 Years, Bachelor of Technology)",AI,OPEN,Female-only (including Supernumerary),24024,24417,24417,24417,26510
Indian Institute of Technology Patna,"Metallurgical and Materials Engineering (4 Years, Bachelor of Technology)",AI,EWS,Gender-Neutral,2212,2240,2240,2240,2517
Indian Institute of Technology Patna,"Metallurgical and Materials Engineering (4 Years, Bachelor of Technology)",AI,EWS,Female-only (including Supernumerary),4243,4281,4281,4281,4778
Indian Institute of Technology Patna,"Metallurgical and Materials Engineering (4 Years, Bachelor of Technology)",AI,OBC-NCL,Gender-Neutral,5429,5637,5637,5637,5848
Indian Institute of Technology Patna,"Metallurgical and Materials Engineering (4 Years, Bachelor of Technology)",AI,OBC-NCL,Female-only (including Supernumerary),9929,10038,10305,10305,10452
Indian Institute of Technology Patna,"Metallurgical and Materials Engineering (4 Years, Bachelor of Technology)",AI,SC,Gender-Neutral,2960,3056,3056,3056,3059
Indian Institute of Technology Patna,"Metallurgical and Materials Engineering (4 Years, Bachelor of Technology)",AI,SC,Female-only (including Supernumerary),4303,4303,4303,4303,4303
Indian Institute of Technology Patna,"Metallurgical and Materials Engineering (4 Years, Bachelor of Technology)",AI,ST,Gender-Neutral,1376,1465,1465,1465,1465
Indian Institute of Technology Patna,"Metallurgical and Materials Engineering (4 Years, Bachelor of Technology)",AI,ST,Female-only (including Supernumerary),1828,1853,1853,1853,1920
Indian Institute of Technology Roorkee,"Architecture (5 Years, Bachelor of Architecture)",AI,OPEN,Gender-Neutral,18684,18863,18863,18863,19389
Indian Institute of Technology Roorkee,"Architecture (5 Years, Bachelor of Architecture)",AI,OPEN,Female-only (including Supernumerary),24216,24216,24216,24216,24216
Indian Institute of Technology Roorkee,"Architecture (5 Years, Bachelor of Architecture)",AI,EWS,Gender-Neutral,2963,2963,2963,2963,2963
Indian Institute of Technology Roorkee,"Architecture (5 Years, Bachelor of Architecture)",AI,EWS,Female-only (including Supernumerary),4872,4872,4872,4872,4872
Indian Institute of Technology Roorkee,"Architecture (5 Years, Bachelor of Architecture)",AI,OBC-NCL,Gender-Neutral,6539,7012,7012,7012,7464
Indian Institute of Technology Roorkee,"Architecture (5 Years, Bachelor of Architecture)",AI,OBC-NCL,Female-only (including Supernumerary),9946,9946,9946,9946,9946
Indian Institute of Technology Roorkee,"Architecture (5 Years, Bachelor of Architecture)",AI,SC,Gender-Neutral,3116,3116,3116,3116,3116
Indian Institute of Technology Roorkee,"Architecture (5 Years, Bachelor of Architecture)",AI,SC,Female-only (including Supernumerary),2492,2492,2492,2492,2492
Indian Institute of Technology Roorkee,"Architecture (5 Years, Bachelor of Architecture)",AI,ST,Gender-Neutral,1670,1670,1670,1670,1670
Indian Institute of Technology Roorkee,"Biosciences and Bioengineering (4 Years, Bachelor of Technology)",AI,OPEN,Gender-Neutral,8131,8190,8190,8190,8735
Indian Institute of Technology Roorkee,"Biosciences and Bioengineering (4 Years, Bachelor of Technology)",AI,OPEN,Female-only (including Supernumerary),15323,15323,15323,15323,16586
Indian Institute of Technology Roorkee,"Biosciences and Bioengineering (4 Years, Bachelor of Technology)",AI,OPEN (PwD),Gender-Neutral,123P,380P,380P,380P,380P
Indian Institute of Technology Roorkee,"Biosciences and Bioengineering (4 Years, Bachelor of Technology)",AI,EWS,Gender-Neutral,1374,1405,1405,1405,1450
Indian Institute of Technology Roorkee,"Biosciences and Bioengineering (4 Years, Bachelor of Technology)",AI,EWS,Female-only (including Supernumerary),3179,3179,3179,3179,3179
Indian Institute of Technology Roorkee,"Biosciences and Bioengineering (4 Years, Bachelor of Technology)",AI,OBC-NCL,Gender-Neutral,3725,3737,3737,3737,3789
Indian Institute of Technology Roorkee,"Biosciences and Bioengineering (4 Years, Bachelor of Technology)",AI,OBC-NCL,Female-only (including Supernumerary),8056,8056,8056,8056,8056
Indian Institute of Technology Roorkee,"Biosciences and Bioengineering (4 Years, Bachelor of Technology)",AI,SC,Gender-Neutral,2256,2405,2405,2405,2409
Indian Institute of Technology Roorkee,"Biosciences and Bioengineering (4 Years, Bachelor of Technology)",AI,SC,Female-only (including Supernumerary),3707,3804,3804,3804,3804
Indian Institute of Technology Roorkee,"Biosciences and Bioengineering (4 Years, Bachelor of Technology)",AI,ST,Gender-Neutral,1237,1279,1279,1279,1279
Indian Institute of Technology Roorkee,"Biosciences and Bioengineering (4 Years, Bachelor of Technology)",AI,ST,Female-only (including Supernumerary),1574,1779,1779,1779,1779
Indian Institute of Technology Roorkee,"Chemical Engineering (4 Years, Bachelor of Technology)",AI,OPEN,Gender-Neutral,4999,5000,5000,5006,5572
Indian Institute of Technology Roorkee,"Chemical Engineering (4 Years, Bachelor of Technology)",AI,OPEN,Female-only (including Supernumerary),11297,11566,11566,11566,11584
Indian Institute of Technology Roorkee,"Chemical Engineering (4 Years, Bachelor of Technology)",AI,OPEN (PwD),Gender-Neutral,323P,323P,323P,323P,323P
Indian Institute of Technology Roorkee,"Chemical Engineering (4 Years, Bachelor of Technology)",AI,OPEN (PwD),Female-only (including Supernumerary),547P,,,,
Indian Institute of Technology Roorkee,"Chemical Engineering (4 Years, Bachelor of Technology)",AI,EWS,Gender-Neutral,826,838,838,856,857
Indian Institute of Technology Roorkee,"Chemical Engineering (4 Years, Bachelor of Technology)",AI,EWS,Female-only (including Supernumerary),2173,2173,2173,2173,2263
Indian Institute of Technology Roorkee,"Chemical Engineering (4 Years, Bachelor of Technology)",AI,OBC-NCL,Gender-Neutral,2420,2420,2420,2420,2449
Indian Institute of Technology Roorkee,"Chemical Engineering (4 Years, Bachelor of Technology)",AI,OBC-NCL,Female-only (including Supernumerary),5420,5466,5466,5811,5811
Indian Institute of Technology Roorkee,"Chemical Engineering (4 Years, Bachelor of Technology)",AI,SC,Gender-Neutral,1401,1441,1441,1441,1441
Indian Institute of Technology Roorkee,"Chemical Engineering (4 Years, Bachelor of Technology)",AI,SC,Female-only (including Supernumerary),2198,2198,2198,2198,2198
Indian Institute of Technology Roorkee,"Chemical Engineering (4 Years, Bachelor of Technology)",AI,ST,Gender-Neutral,814,814,814,814,814
Indian Institute of Technology Roorkee,"Chemical Engineering (4 Years, Bachelor of Technology)",AI,ST,Female-only (including Supernumerary),1180,1180,1180,1180,1180
Indian Institute of Technology Roorkee,"Chemical Sciences (5 Years, Bachelor of Science and Master of Science (Dual Degree))",AI,OPEN,Gender-Neutral,11091,11126,11126,11126,12132
Indian Institute of Technology Roorkee,"Chemical Sciences (5 Years, Bachelor of Science and Master of Science (Dual Degree))",AI,OPEN,Female-only (including Supernumerary),19195,19195,19195,19195,19547
Indian Institute of Technology Roorkee,"Chemical Sciences (5 Years, Bachelor of Science and Master of Science (Dual Degree))",AI,EWS,Gender-Neutral,1814,1928,1928,1928,1928
Indian Institute of Technology Roorkee,"Chemical Sciences (5 Years, Bachelor of Science and Master of Science (Dual Degree))",AI,EWS,Female-only (including Supernumerary),3963,3963,3963,3963,3963
Indian Institute of Technology Roorkee,"Chemical Sciences (5 Years, Bachelor of Science and Master of Science (Dual Degree))",AI,OBC-NCL,Gender-Neutral,4995,5209,5209,5209,5241
Indian Institute of Technology Roorkee,"Chemical Sciences (5 Years, Bachelor of Science and Master of Science (Dual Degree))",AI,OBC-NCL,Female-only (including Supernumerary),9692,9908,9908,9908,9908
Indian Institute of Technology Roorkee,"Chemical Sciences (5 Years, Bachelor of Science and Master of Science (Dual Degree))",AI,SC,Gender-Neutral,2710,2898,2898,2898,2932
Indian Institute of Technology Roorkee,"Chemical Sciences (5 Years, Bachelor of Science and Master of Science (Dual Degree))",AI,SC,Female-only (including Supernumerary),4181,4181,4181,4181,4181
Indian Institute of Technology Roorkee,"Chemical Sciences (5 Years, Bachelor of Science and Master of Science (Dual Degree))",AI,ST,Gender-Neutral,1323,1566,1566,1566,1566
Indian Institute of Technology Roorkee,"Civil Engineering (4 Years, Bachelor of Technology)",AI,OPEN,Gender-Neutral,7155,7256,7290,7322,7765
Indian Institute of Technology Roorkee,"Civil Engineering (4 Years, Bachelor of Technology)",AI,OPEN,Female-only (including Supernumerary),14868,14868,14868,14868,16077
Indian Institute of Technology Roorkee,"Civil Engineering (4 Years, Bachelor of Technology)",AI,OPEN (PwD),Gender-Neutral,77P,190P,190P,190P,190P
Indian Institute of Technology Roorkee,"Civil Engineering (4 Years, Bachelor of Technology)",AI,OPEN (PwD),Female-only (including Supernumerary),222P,281P,281P,281P,281P
Indian Institute of Technology Roorkee,"Civil Engineering (4 Years, Bachelor of Technology)",AI,EWS,Gender-Neutral,1104,1137,1137,1146,1152
Indian Institute of Technology Roorkee,"Civil Engineering (4 Years, Bachelor of Technology)",AI,EWS,Female-only (including Supernumerary),2568,2568,2568,2568,2595
Indian Institute of Technology Roorkee,"Civil Engineering (4 Years, Bachelor of Technology)",AI,EWS (PwD),Gender-Neutral,41P,,,,
Indian Institute of Technology Roorkee,"Civil Engineering (4 Years, Bachelor of Technology)",AI,OBC-NCL,Gender-Neutral,3009,3066,3066,3066,3084
Indian Institute of Technology Roorkee,"Civil Engineering (4 Years, Bachelor of Technology)",AI,OBC-NCL,Female-only (including Supernumerary),7093,7158,7158,7158,7347
Indian Institute of Technology Roorkee,"Civil Engineering (4 Years, Bachelor of Technology)",AI,OBC-NCL (PwD),Gender-Neutral,200P,,,,
Indian Institute of Technology Roorkee,"Civil Engineering (4 Years, Bachelor of Technology)",AI,SC,Gender-Neutral,1757,1798,1798,1798,1810
Indian Institute of Technology Roorkee,"Civil Engineering (4 Years, Bachelor of Technology)",AI,SC,Female-only (including Supernumerary),3139,3139,3139,3139,3139
Indian Institute of Technology Roorkee,"Civil Engineering (4 Years, Bachelor of Technology)",AI,ST,Gender-Neutral,598,598,598,598,598
Indian Institute of Technology Roorkee,"Civil Engineering (4 Years, Bachelor of Technology)",AI,ST,Female-only (including Supernumerary),669,669,669,669,669
Indian Institute of Technology Roorkee,"Computer Science and Engineering (4 Years, Bachelor of Technology)",AI,OPEN,Gender-Neutral,582,582,582,582,587
Indian Institute of Technology Roorkee,"Computer Science and Engineering (4 Years, Bachelor of Technology)",AI,OPEN,Female-only (including Supernumerary),1962,1962,2034,2034,2034
Indian Institute of Technology Roorkee,"Computer Science and Engineering (4 Years, Bachelor of Technology)",AI,OPEN (PwD),Gender-Neutral,31,31,31,31,31
Indian Institute of Technology Roorkee,"Computer Science and Engineering (4 Years, Bachelor of Technology)",AI,OPEN (PwD),Female-only (including Supernumerary),42,42,42,42,42
Indian Institute of Technology Roorkee,"Computer Science and Engineering (4 Years, Bachelor of Technology)",AI,EWS,Gender-Neutral,96,96,97,97,97
Indian Institute of Technology Roorkee,"Computer Science and Engineering (4 Years, Bachelor of Technology)",AI,EWS,Female-only (including Supernumerary),332,332,332,332,332
Indian Institute of Technology Roorkee,"Computer Science and Engineering (4 Years, Bachelor of Technology)",AI,OBC-NCL,Gender-Neutral,306,312,312,312,312
Indian Institute of Technology Roorkee,"Computer Science and Engineering (4 Years, Bachelor of Technology)",AI,OBC-NCL,Female-only (including Supernumerary),992,1003,1003,1003,1003
Indian Institute of Technology Roorkee,"Computer Science and Engineering (4 Years, Bachelor of Technology)",AI,OBC-NCL (PwD),Gender-Neutral,11,11,11,11,11
Indian Institute of Technology Roorkee,"Computer Science and Engineering (4 Years, Bachelor of Technology)",AI,SC,Gender-Neutral,143,146,146,146,152
Indian Institute of Technology Roorkee,"Computer Science and Engineering (4 Years, Bachelor of Technology)",AI,SC,Female-only (including Supernumerary),448,478,478,478,478
Indian Institute of Technology Roorkee,"Computer Science and Engineering (4 Years, Bachelor of Technology)",AI,SC (PwD),Gender-Neutral,1P,1P,1P,1P,1P
Indian Institute of Technology Roorkee,"Computer Science and Engineering (4 Years, Bachelor of Technology)",AI,ST,Gender-Neutral,79,79,79,79,79
Indian Institute of Technology Roorkee,"Computer Science and Engineering (4 Years, Bachelor of Technology)",AI,ST,Female-only (including Supernumerary),133,133,133,133,133
Indian Institute of Technology Roorkee,"Data Science and Artificial Intelligence (4 Years, Bachelor of Technology)",AI,OPEN,Gender-Neutral,825,829,829,829,847
Indian Institute of Technology Roorkee,"Data Science and Artificial Intelligence (4 Years, Bachelor of Technology)",AI,OPEN,Female-only (including Supernumerary),2564,2564,2574,2574,2574
Indian Institute of Technology Roorkee,"Data Science and Artificial Intelligence (4 Years, Bachelor of Technology)",AI,OPEN (PwD),Gender-Neutral,57,57,57,57,57
Indian Institute of Technology Roorkee,"Data Science and Artificial Intelligence (4 Years, Bachelor of Technology)",AI,EWS,Gender-Neutral,130,130,133,133,133
Indian Institute of Technology Roorkee,"Data Science and Artificial Intelligence (4 Years, Bachelor of Technology)",AI,EWS,Female-only (including Supernumerary),486,486,486,486,486
Indian Institute of Technology Roorkee,"Data Science and Artificial Intelligence (4 Years, Bachelor of Technology)",AI,EWS (PwD),Gender-Neutral,22,25,25,25,25
Indian Institute of Technology Roorkee,"Data Science and Artificial Intelligence (4 Years, Bachelor of Technology)",AI,OBC-NCL,Gender-Neutral,426,433,433,433,433
Indian Institute of Technology Roorkee,"Data Science and Artificial Intelligence (4 Years, Bachelor of Technology)",AI,OBC-NCL,Female-only (including Supernumerary),1177,1177,1177,1177,1177
Indian Institute of Technology Roorkee,"Data Science and Artificial Intelligence (4 Years, Bachelor of Technology)",AI,SC,Gender-Neutral,237,244,244,244,252
Indian Institute of Technology Roorkee,"Data Science and Artificial Intelligence (4 Years, Bachelor of Technology)",AI,SC,Female-only (including Supernumerary),494,494,494,494,494
Indian Institute of Technology Roorkee,"Data Science and Artificial Intelligence (4 Years, Bachelor of Technology)",AI,ST,Gender-Neutral,117,117,117,117,117
Indian Institute of Technology Roorkee,"Data Science and Artificial Intelligence (4 Years, Bachelor of Technology)",AI,ST,Female-only (including Supernumerary),263,323,323,323,323
Indian Institute of Technology Roorkee,"Economics (5 Years, Bachelor of Science and Master of Science (Dual Degree))",AI,OPEN,Gender-Neutral,5525,5664,5664,5664,5957
Indian Institute of Technology Roorkee,"Economics (5 Years, Bachelor of Science and Master of Science (Dual Degree))",AI,OPEN,Female-only (including Supernumerary),10271,10271,10271,10271,10271
Indian Institute of Technology Roorkee,"Economics (5 Years, Bachelor of Science and Master of Science (Dual Degree))",AI,EWS,Gender-Neutral,983,983,983,983,983
Indian Institute of Technology Roorkee,"Economics (5 Years, Bachelor of Science and Master of Science (Dual Degree))",AI,EWS,Female-only (including Supernumerary),2701,2701,2701,2701,2701
Indian Institute of Technology Roorkee,"Economics (5 Years, Bachelor of Science and Master of Science (Dual Degree))",AI,OBC-NCL,Gender-Neutral,3266,3296,3296,3296,3410
Indian Institute of Technology Roorkee,"Economics (5 Years, Bachelor of Science and Master of Science (Dual Degree))",AI,OBC-NCL,Female-only (including Supernumerary),6503,6503,6503,6503,6503
Indian Institute of Technology Roorkee,"Economics (5 Years, Bachelor of Science and Master of Science (Dual Degree))",AI,SC,Gender-Neutral,1910,2069,2069,2069,2069
Indian Institute of Technology Roorkee,"Economics (5 Years, Bachelor of Science and Master of Science (Dual Degree))",AI,SC,Female-only (including Supernumerary),2878,4301,4301,4301,4301
Indian Institute of Technology Roorkee,"Economics (5 Years, Bachelor of Science and Master of Science (Dual Degree))",AI,ST,Gender-Neutral,808,808,808,808,808
Indian Institute of Technology Roorkee,"Electrical Engineering (4 Years, Bachelor of Technology)",AI,OPEN,Gender-Neutral,2163,2163,2190,2217,2269
Indian Institute of Technology Roorkee,"Electrical Engineering (4 Years, Bachelor of Technology)",AI,OPEN,Female-only (including Supernumerary),5348,5348,5348,5415,5415
Indian Institute of Technology Roorkee,"Electrical Engineering (4 Years, Bachelor of Technology)",AI,OPEN (PwD),Gender-Neutral,126,126,126,126,126
Indian Institute of Technology Roorkee,"Electrical Engineering (4 Years, Bachelor of Technology)",AI,OPEN (PwD),Female-only (including Supernumerary),204P,204P,204P,204P,204P
Indian Institute of Technology Roorkee,"Electrical Engineering (4 Years, Bachelor of Technology)",AI,EWS,Gender-Neutral,344,354,354,354,354
Indian Institute of Technology Roorkee,"Electrical Engineering (4 Years, Bachelor of Technology)",AI,EWS,Female-only (including Supernumerary),994,994,994,994,1049
Indian Institute of Technology Roorkee,"Electrical Engineering (4 Years, Bachelor of Technology)",AI,EWS (PwD),Female-only (including Supernumerary),47P,47P,47P,47P,
Indian Institute of Technology Roorkee,"Electrical Engineering (4 Years, Bachelor of Technology)",AI,OBC-NCL,Gender-Neutral,986,1026,1026,1026,1027
Indian Institute of Technology Roorkee,"Electrical Engineering (4 Years, Bachelor of Technology)",AI,OBC-NCL,Female-only (including Supernumerary),2626,2672,2672,2672,2672
Indian Institute of Technology Roorkee,"Electrical Engineering (4 Years, Bachelor of Technology)",AI,OBC-NCL (PwD),Gender-Neutral,90,90,90,90,90
Indian Institute of Technology Roorkee,"Electrical Engineering (4 Years, Bachelor of Technology)",AI,OBC-NCL (PwD),Female-only (including Supernumerary),129P,129P,129P,129P,129P
Indian Institute of Technology Roorkee,"Electrical Engineering (4 Years, Bachelor of Technology)",AI,SC,Gender-Neutral,593,623,623,623,629
Indian Institute of Technology Roorkee,"Electrical Engineering (4 Years, Bachelor of Technology)",AI,SC,Female-only (including Supernumerary),1319,1365,1365,1365,1365
Indian Institute of Technology Roorkee,"Electrical Engineering (4 Years, Bachelor of Technology)",AI,ST,Gender-Neutral,285,306,306,306,306
Indian Institute of Technology Roorkee,"Electrical Engineering (4 Years, Bachelor of Technology)",AI,ST,Female-only (including Supernumerary),467,467,467,467,467
Indian Institute of Technology Roorkee,"Electronics and Communication Engineering (4 Years, Bachelor of Technology)",AI,OPEN,Gender-Neutral,1531,1537,1537,1541,1541
Indian Institute of Technology Roorkee,"Electronics and Communication Engineering (4 Years, Bachelor of Technology)",AI,OPEN,Female-only (including Supernumerary),3926,3926,3926,3926,3926
Indian Institute of Technology Roorkee,"Electronics and Communication Engineering (4 Years, Bachelor of Technology)",AI,OPEN (PwD),Gender-Neutral,110,110,110,110,110
Indian Institute of Technology Roorkee,"Electronics and Communication Engineering (4 Years, Bachelor of Technology)",AI,OPEN (PwD),Female-only (including Supernumerary),257,257,257,257,257
Indian Institute of Technology Roorkee,"Electronics and Communication Engineering (4 Years, Bachelor of Technology)",AI,EWS,Gender-Neutral,265,270,270,270,272
Indian Institute of Technology Roorkee,"Electronics and Communication Engineering (4 Years, Bachelor of Technology)",AI,EWS,Female-only (including Supernumerary),864,864,864,864,864
Indian Institute of Technology Roorkee,"Electronics and Communication Engineering (4 Years, Bachelor of Technology)",AI,OBC-NCL,Gender-Neutral,729,749,749,749,752
Indian Institute of Technology Roorkee,"Electronics and Communication Engineering (4 Years, Bachelor of Technology)",AI,OBC-NCL,Female-only (including Supernumerary),2087,2087,2087,2087,2087
Indian Institute of Technology Roorkee,"Electronics and Communication Engineering (4 Years, Bachelor of Technology)",AI,OBC-NCL (PwD),Gender-Neutral,49,49,49,49,49
Indian Institute of Technology Roorkee,"Electronics and Communication Engineering (4 Years, Bachelor of Technology)",AI,SC,Gender-Neutral,360,373,373,373,376
Indian Institute of Technology Roorkee,"Electronics and Communication Engineering (4 Years, Bachelor of Technology)",AI,SC,Female-only (including Supernumerary),854,854,854,854,854
Indian Institute of Technology Roorkee,"Electronics and Communication Engineering (4 Years, Bachelor of Technology)",AI,SC (PwD),Gender-Neutral,15P,15P,15P,15P,15P
Indian Institute of Technology Roorkee,"Electronics and Communication Engineering (4 Years, Bachelor of Technology)",AI,ST,Gender-Neutral,215,223,223,223,223
Indian Institute of Technology Roorkee,"Electronics and Communication Engineering (4 Years, Bachelor of Technology)",AI,ST,Female-only (including Supernumerary),370,401,401,401,401
Indian Institute of Technology Roorkee,"Energy Engineering (4 Years, Bachelor of Technology)",AI,OPEN,Gender-Neutral,4807,4869,4869,4869,5418
Indian Institute of Technology Roorkee,"Energy Engineering (4 Years, Bachelor of Technology)",AI,OPEN,Female-only (including Supernumerary),7804,7804,7804,7804,7804
Indian Institute of Technology Roorkee,"Energy Engineering (4 Years, Bachelor of Technology)",AI,EWS,Gender-Neutral,857,987,987,987,1016
Indian Institute of Technology Roorkee,"Energy Engineering (4 Years, Bachelor of Technology)",AI,EWS,Female-only (including Supernumerary),2636,2636,2636,2636,2636
Indian Institute of Technology Roorkee,"Energy Engineering (4 Years, Bachelor of Technology)",AI,OBC-NCL,Gender-Neutral,2512,2536,2536,2536,2536
Indian Institute of Technology Roorkee,"Energy Engineering (4 Years, Bachelor of Technology)",AI,OBC-NCL,Female-only (including Supernumerary),5636,5636,5636,5636,5636
Indian Institute of Technology Roorkee,"Energy Engineering (4 Years, Bachelor of Technology)",AI,SC,Gender-Neutral,1446,1446,1446,1446,1446
Indian Institute of Technology Roorkee,"Energy Engineering (4 Years, Bachelor of Technology)",AI,SC,Female-only (including Supernumerary),2866,2866,2866,2866,2866
Indian Institute of Technology Roorkee,"Energy Engineering (4 Years, Bachelor of Technology)",AI,ST,Gender-Neutral,786,913,913,913,913
Indian Institute of Technology Roorkee,"Engineering Physics (4 Years, Bachelor of Technology)",AI,OPEN,Gender-Neutral,4181,4181,4181,4181,4251
Indian Institute of Technology Roorkee,"Engineering Physics (4 Years, Bachelor of Technology)",AI,OPEN,Female-only (including Supernumerary),10091,10091,10091,10238,10238
Indian Institute of Technology Roorkee,"Engineering Physics (4 Years, Bachelor of Technology)",AI,OPEN (PwD),Gender-Neutral,142P,142P,142P,142P,142P
Indian Institute of Technology Roorkee,"Engineering Physics (4 Years, Bachelor of Technology)",AI,EWS,Gender-Neutral,921,927,927,927,936
Indian Institute of Technology Roorkee,"Engineering Physics (4 Years, Bachelor of Technology)",AI,EWS,Female-only (including Supernumerary),2061,2061,2061,2061,2061
Indian Institute of Technology Roorkee,"Engineering Physics (4 Years, Bachelor of Technology)",AI,OBC-NCL,Gender-Neutral,2103,2214,2214,2214,2356
Indian Institute of Technology Roorkee,"Engineering Physics (4 Years, Bachelor of Technology)",AI,OBC-NCL,Female-only (including Supernumerary),5878,5917,5917,6664,6664
Indian Institute of Technology Roorkee,"Engineering Physics (4 Years, Bachelor of Technology)",AI,SC,Gender-Neutral,1411,1411,1411,1411,1495
Indian Institute of Technology Roorkee,"Engineering Physics (4 Years, Bachelor of Technology)",AI,SC,Female-only (including Supernumerary),2924,3074,3074,3074,3074
Indian Institute of Technology Roorkee,"Engineering Physics (4 Years, Bachelor of Technology)",AI,ST,Gender-Neutral,874,908,908,908,908
Indian Institute of Technology Roorkee,"Geological Technology (5 Years, Integrated Master of Technology)",AI,OPEN,Gender-Neutral,10848,10954,10954,10954,11560
Indian Institute of Technology Roorkee,"Geological Technology (5 Years, Integrated Master of Technology)",AI,OPEN,Female-only (including Supernumerary),18743,18743,18743,18743,19186
Indian Institute of Technology Roorkee,"Geological Technology (5 Years, Integrated Master of Technology)",AI,EWS,Gender-Neutral,1699,1714,1714,1714,1714
Indian Institute of Technology Roorkee,"Geological Technology (5 Years, Integrated Master of Technology)",AI,EWS,Female-only (including Supernumerary),2929,2929,2929,2929,2929
Indian Institute of Technology Roorkee,"Geological Technology (5 Years, Integrated Master of Technology)",AI,OBC-NCL,Gender-Neutral,4157,4545,4545,4545,4545
Indian Institute of Technology Roorkee,"Geological Technology (5 Years, Integrated Master of Technology)",AI,OBC-NCL,Female-only (including Supernumerary),9245,9893,9893,9893,9893
Indian Institute of Technology Roorkee,"Geological Technology (5 Years, Integrated Master of Technology)",AI,SC,Gender-Neutral,2560,2663,2663,2663,2663
Indian Institute of Technology Roorkee,"Geological Technology (5 Years, Integrated Master of Technology)",AI,SC,Female-only (including Supernumerary),3838,3838,3838,3838,3838
Indian Institute of Technology Roorkee,"Geological Technology (5 Years, Integrated Master of Technology)",AI,ST,Gender-Neutral,1191,1191,1191,1191,1385
Indian Institute of Technology Roorkee,"Geological Technology (5 Years, Integrated Master of Technology)",AI,ST,Female-only (including Supernumerary),1890,2001,2001,2001,2001
Indian Institute of Technology Roorkee,"Geophysical Technology (5 Years, Integrated Master of Technology)",AI,OPEN,Gender-Neutral,9622,9622,9622,9622,9779
Indian Institute of Technology Roorkee,"Geophysical Technology (5 Years, Integrated Master of Technology)",AI,OPEN,Female-only (including Supernumerary),17838,17838,17838,17838,17838
Indian Institute of Technology Roorkee,"Geophysical Technology (5 Years, Integrated Master of Technology)",AI,EWS,Gender-Neutral,1522,1534,1534,1534,1534
Indian Institute of Technology Roorkee,"Geophysical Technology (5 Years, Integrated Master of Technology)",AI,EWS,Female-only (including Supernumerary),2882,2882,2882,2882,2882
Indian Institute of Technology Roorkee,"Geophysical Technology (5 Years, Integrated Master of Technology)",AI,OBC-NCL,Gender-Neutral,3892,4025,4025,4025,4080
Indian Institute of Technology Roorkee,"Geophysical Technology (5 Years, Integrated Master of Technology)",AI,OBC-NCL,Female-only (including Supernumerary),8895,9435,9435,9435,9435
Indian Institute of Technology Roorkee,"Geophysical Technology (5 Years, Integrated Master of Technology)",AI,SC,Gender-Neutral,2536,2593,2593,2593,2593
Indian Institute of Technology Roorkee,"Geophysical Technology (5 Years, Integrated Master of Technology)",AI,SC,Female-only (including Supernumerary),3804,4184,4184,4184,4184
Indian Institute of Technology Roorkee,"Geophysical Technology (5 Years, Integrated Master of Technology)",AI,ST,Gender-Neutral,1359,1385,1385,1385,1428
Indian Institute of Technology Roorkee,"Geophysical Technology (5 Years, Integrated Master of Technology)",AI,ST,Female-only (including Supernumerary),1896,1896,1896,1896,1896
Indian Institute of Technology Roorkee,"Mathematics & Computing (5 Years, Bachelor of Science and Master of Science (Dual Degree))",AI,OPEN,Gender-Neutral,1514,1514,1514,1514,1529
Indian Institute of Technology Roorkee,"Mathematics & Computing (5 Years, Bachelor of Science and Master of Science (Dual Degree))",AI,OPEN,Female-only (including Supernumerary),4596,4596,4596,4596,4596
Indian Institute of Technology Roorkee,"Mathematics & Computing (5 Years, Bachelor of Science and Master of Science (Dual Degree))",AI,OPEN (PwD),Gender-Neutral,100,100,100,100,100
Indian Institute of Technology Roorkee,"Mathematics & Computing (5 Years, Bachelor of Science and Master of Science (Dual Degree))",AI,EWS,Gender-Neutral,272,272,272,276,281
Indian Institute of Technology Roorkee,"Mathematics & Computing (5 Years, Bachelor of Science and Master of Science (Dual Degree))",AI,EWS,Female-only (including Supernumerary),832,832,832,832,832
Indian Institute of Technology Roorkee,"Mathematics & Computing (5 Years, Bachelor of Science and Master of Science (Dual Degree))",AI,OBC-NCL,Gender-Neutral,789,789,789,789,789
Indian Institute of Technology Roorkee,"Mathematics & Computing (5 Years, Bachelor of Science and Master of Science (Dual Degree))",AI,OBC-NCL,Female-only (including Supernumerary),2567,2567,2567,2567,2567
Indian Institute of Technology Roorkee,"Mathematics & Computing (5 Years, Bachelor of Science and Master of Science (Dual Degree))",AI,OBC-NCL (PwD),Gender-Neutral,87,87,87,87,87
Indian Institute of Technology Roorkee,"Mathematics & Computing (5 Years, Bachelor of Science and Master of Science (Dual Degree))",AI,SC,Gender-Neutral,416,416,416,416,493
Indian Institute of Technology Roorkee,"Mathematics & Computing (5 Years, Bachelor of Science and Master of Science (Dual Degree))",AI,SC,Female-only (including Supernumerary),1395,1395,1395,1395,1395
Indian Institute of Technology Roorkee,"Mathematics & Computing (5 Years, Bachelor of Science and Master of Science (Dual Degree))",AI,ST,Gender-Neutral,349,384,384,384,384
Indian Institute of Technology Roorkee,"Mathematics & Computing (5 Years, Bachelor of Science and Master of Science (Dual Degree))",AI,ST,Female-only (including Supernumerary),629,629,629,629,629
Indian Institute of Technology Roorkee,"Mechanical Engineering (4 Years, Bachelor of Technology)",AI,OPEN,Gender-Neutral,3992,4000,4000,4002,4453
Indian Institute of Technology Roorkee,"Mechanical Engineering (4 Years, Bachelor of Technology)",AI,OPEN,Female-only (including Supernumerary),10323,10323,10323,10376,11201
Indian Institute of Technology Roorkee,"Mechanical Engineering (4 Years, Bachelor of Technology)",AI,OPEN (PwD),Gender-Neutral,54P,54P,54P,54P,54P
Indian Institute of Technology Roorkee,"Mechanical Engineering (4 Years, Bachelor of Technology)",AI,OPEN (PwD),Female-only (including Supernumerary),410P,410P,410P,410P,410P
Indian Institute of Technology Roorkee,"Mechanical Engineering (4 Years, Bachelor of Technology)",AI,EWS,Gender-Neutral,752,771,771,778,794
Indian Institute of Technology Roorkee,"Mechanical Engineering (4 Years, Bachelor of Technology)",AI,EWS,Female-only (including Supernumerary),1863,1863,1863,1863,2173
Indian Institute of Technology Roorkee,"Mechanical Engineering (4 Years, Bachelor of Technology)",AI,OBC-NCL,Gender-Neutral,1887,1908,1908,1908,1969
Indian Institute of Technology Roorkee,"Mechanical Engineering (4 Years, Bachelor of Technology)",AI,OBC-NCL,Female-only (including Supernumerary),4852,5018,5018,5018,5163
Indian Institute of Technology Roorkee,"Mechanical Engineering (4 Years, Bachelor of Technology)",AI,OBC-NCL (PwD),Gender-Neutral,98P,98P,98P,98P,98P
Indian Institute of Technology Roorkee,"Mechanical Engineering (4 Years, Bachelor of Technology)",AI,SC,Gender-Neutral,1065,1069,1069,1069,1090
Indian Institute of Technology Roorkee,"Mechanical Engineering (4 Years, Bachelor of Technology)",AI,SC,Female-only (including Supernumerary),2239,2327,2327,2327,2327
Indian Institute of Technology Roorkee,"Mechanical Engineering (4 Years, Bachelor of Technology)",AI,ST,Gender-Neutral,594,621,621,621,621
Indian Institute of Technology Roorkee,"Mechanical Engineering (4 Years, Bachelor of Technology)",AI,ST,Female-only (including Supernumerary),997,997,997,997,997
Indian Institute of Technology Roorkee,"Metallurgical and Materials Engineering (4 Years, Bachelor of Technology)",AI,OPEN,Gender-Neutral,7414,7440,7455,7481,7977
Indian Institute of Technology Roorkee,"Metallurgical and Materials Engineering (4 Years, Bachelor of Technology)",AI,OPEN,Female-only (including Supernumerary),13930,13930,13930,13930,14458
Indian Institute of Technology Roorkee,"Metallurgical and Materials Engineering (4 Years, Bachelor of Technology)",AI,OPEN (PwD),Gender-Neutral,296P,296P,296P,296P,296P
Indian Institute of Technology Roorkee,"Metallurgical and Materials Engineering (4 Years, Bachelor of Technology)",AI,EWS,Gender-Neutral,1265,1294,1294,1313,1330
Indian Institute of Technology Roorkee,"Metallurgical and Materials Engineering (4 Years, Bachelor of Technology)",AI,EWS,Female-only (including Supernumerary),2939,2939,2939,2939,2939
Indian Institute of Technology Roorkee,"Metallurgical and Materials Engineering (4 Years, Bachelor of Technology)",AI,OBC-NCL,Gender-Neutral,3448,3492,3492,3492,3585
Indian Institute of Technology Roorkee,"Metallurgical and Materials Engineering (4 Years, Bachelor of Technology)",AI,OBC-NCL,Female-only (including Supernumerary),7239,7375,7375,7375,7375
Indian Institute of Technology Roorkee,"Metallurgical and Materials Engineering (4 Years, Bachelor of Technology)",AI,SC,Gender-Neutral,2016,2029,2029,2029,2029
Indian Institute of Technology Roorkee,"Metallurgical and Materials Engineering (4 Years, Bachelor of Technology)",AI,SC,Female-only (including Supernumerary),3181,3399,3399,3399,3399
Indian Institute of Technology Roorkee,"Metallurgical and Materials Engineering (4 Years, Bachelor of Technology)",AI,ST,Gender-Neutral,1144,1144,1144,1144,1149
Indian Institute of Technology Roorkee,"Metallurgical and Materials Engineering (4 Years, Bachelor of Technology)",AI,ST,Female-only (including Supernumerary),1329,1468,1468,1468,1468
Indian Institute of Technology Roorkee,"Physics (5 Years, Bachelor of Science and Master of Science (Dual Degree))",AI,OPEN,Gender-Neutral,8939,9081,9081,9099,9749
Indian Institute of Technology Roorkee,"Physics (5 Years, Bachelor of Science and Master of Science (Dual Degree))",AI,OPEN,Female-only (including Supernumerary),14484,16001,16001,16001,16001
Indian Institute of Technology Roorkee,"Physics (5 Years, Bachelor of Science and Master of Science (Dual Degree))",AI,EWS,Gender-Neutral,1556,1781,1781,1781,1781
Indian Institute of Technology Roorkee,"Physics (5 Years, Bachelor of Science and Master of Science (Dual Degree))",AI,EWS,Female-only (including Supernumerary),3111,3111,3111,3111,3111
Indian Institute of Technology Roorkee,"Physics (5 Years, Bachelor of Science and Master of Science (Dual Degree))",AI,OBC-NCL,Gender-Neutral,4830,4893,4937,4937,5117
Indian Institute of Technology Roorkee,"Physics (5 Years, Bachelor of Science and Master of Science (Dual Degree))",AI,OBC-NCL,Female-only (including Supernumerary),8990,10149,10149,10201,10201
Indian Institute of Technology Roorkee,"Physics (5 Years, Bachelor of Science and Master of Science (Dual Degree))",AI,SC,Gender-Neutral,2781,2817,2817,2817,2979
Indian Institute of Technology Roorkee,"Physics (5 Years, Bachelor of Science and Master of Science (Dual Degree))",AI,SC,Female-only (including Supernumerary),3713,3713,3713,3713,3713
Indian Institute of Technology Roorkee,"Physics (5 Years, Bachelor of Science and Master of Science (Dual Degree))",AI,ST,Gender-Neutral,1369,1476,1476,1476,1476
Indian Institute of Technology Roorkee,"Production and Industrial Engineering (4 Years, Bachelor of Technology)",AI,OPEN,Gender-Neutral,5760,5770,5770,5770,5903
Indian Institute of Technology Roorkee,"Production and Industrial Engineering (4 Years, Bachelor of Technology)",AI,OPEN,Female-only (including Supernumerary),11621,11735,11735,11816,13361
Indian Institute of Technology Roorkee,"Production and Industrial Engineering (4 Years, Bachelor of Technology)",AI,OPEN (PwD),Gender-Neutral,255P,255P,255P,255P,255P
Indian Institute of Technology Roorkee,"Production and Industrial Engineering (4 Years, Bachelor of Technology)",AI,EWS,Gender-Neutral,1057,1057,1057,1057,1077
Indian Institute of Technology Roorkee,"Production and Industrial Engineering (4 Years, Bachelor of Technology)",AI,EWS,Female-only (including Supernumerary),2464,2464,2464,2464,2464
Indian Institute of Technology Roorkee,"Production and Industrial Engineering (4 Years, Bachelor of Technology)",AI,OBC-NCL,Gender-Neutral,2967,3027,3027,3027,3027
Indian Institute of Technology Roorkee,"Production and Industrial Engineering (4 Years, Bachelor of Technology)",AI,OBC-NCL,Female-only (including Supernumerary),6237,6237,6783,6783,6783
Indian Institute of Technology Roorkee,"Production and Industrial Engineering (4 Years, Bachelor of Technology)",AI,SC,Gender-Neutral,1890,1962,1962,1962,2011
Indian Institute of Technology Roorkee,"Production and Industrial Engineering (4 Years, Bachelor of Technology)",AI,SC,Female-only (including Supernumerary),3048,3048,3048,3048,3048
Indian Institute of Technology Roorkee,"Production and Industrial Engineering (4 Years, Bachelor of Technology)",AI,ST,Gender-Neutral,987,987,987,987,987
Indian Institute of Technology Roorkee,"Production and Industrial Engineering (4 Years, Bachelor of Technology)",AI,ST,Female-only (including Supernumerary),1561,1561,1561,1561,1561
Indian Institute of Technology (ISM) Dhanbad,"B.Tech Mining Engineering and MBA in Logistic and Supply Chain Management (IIM Mumbai) (5 Years, Bachelor of Technology and MBA (Dual Degree))",AI,OPEN,Gender-Neutral,14527,14987,14987,14987,15372
Indian Institute of Technology (ISM) Dhanbad,"B.Tech Mining Engineering and MBA in Logistic and Supply Chain Management (IIM Mumbai) (5 Years, Bachelor of Technology and MBA (Dual Degree))",AI,OPEN,Female-only (including Supernumerary),25251,26023,26023,26023,29025
Indian Institute of Technology (ISM) Dhanbad,"B.Tech Mining Engineering and MBA in Logistic and Supply Chain Management (IIM Mumbai) (5 Years, Bachelor of Technology and MBA (Dual Degree))",AI,EWS,Gender-Neutral,2203,2255,2255,2255,2345
Indian Institute of Technology (ISM) Dhanbad,"B.Tech Mining Engineering and MBA in Logistic and Supply Chain Management (IIM Mumbai) (5 Years, Bachelor of Technology and MBA (Dual Degree))",AI,EWS,Female-only (including Supernumerary),4547,4547,4547,4547,4623
Indian Institute of Technology (ISM) Dhanbad,"B.Tech Mining Engineering and MBA in Logistic and Supply Chain Management (IIM Mumbai) (5 Years, Bachelor of Technology and MBA (Dual Degree))",AI,OBC-NCL,Gender-Neutral,5528,5582,5673,5673,5694
Indian Institute of Technology (ISM) Dhanbad,"B.Tech Mining Engineering and MBA in Logistic and Supply Chain Management (IIM Mumbai) (5 Years, Bachelor of Technology and MBA (Dual Degree))",AI,OBC-NCL,Female-only (including Supernumerary),10245,10245,10245,10245,10755
Indian Institute of Technology (ISM) Dhanbad,"B.Tech Mining Engineering and MBA in Logistic and Supply Chain Management (IIM Mumbai) (5 Years, Bachelor of Technology and MBA (Dual Degree))",AI,SC,Gender-Neutral,3054,3189,3190,3190,3338
Indian Institute of Technology (ISM) Dhanbad,"B.Tech Mining Engineering and MBA in Logistic and Supply Chain Management (IIM Mumbai) (5 Years, Bachelor of Technology and MBA (Dual Degree))",AI,SC,Female-only (including Supernumerary),4382,4823,4823,4823,4842
Indian Institute of Technology (ISM) Dhanbad,"B.Tech Mining Engineering and MBA in Logistic and Supply Chain Management (IIM Mumbai) (5 Years, Bachelor of Technology and MBA (Dual Degree))",AI,ST,Gender-Neutral,1426,1499,1499,1499,1499
Indian Institute of Technology (ISM) Dhanbad,"B.Tech Mining Engineering and MBA in Logistic and Supply Chain Management (IIM Mumbai) (5 Years, Bachelor of Technology and MBA (Dual Degree))",AI,ST,Female-only (including Supernumerary),1779,1940,1940,1940,1940
Indian Institute of Technology (ISM) Dhanbad,"Chemical Science (5 Years, Integrated Bachelor of Science-Master of Science)",AI,OPEN,Gender-Neutral,16526,17059,17102,17102,18977
Indian Institute of Technology (ISM) Dhanbad,"Chemical Science (5 Years, Integrated Bachelor of Science-Master of Science)",AI,OPEN,Female-only (including Supernumerary),25728,27148,27148,27281,28062
Indian Institute of Technology (ISM) Dhanbad,"Chemical Science (5 Years, Integrated Bachelor of Science-Master of Science)",AI,EWS,Gender-Neutral,2400,2433,2433,2433,2798
Indian Institute of Technology (ISM) Dhanbad,"Chemical Science (5 Years, Integrated Bachelor of Science-Master of Science)",AI,OBC-NCL,Gender-Neutral,5871,6014,6014,6068,6218
Indian Institute of Technology (ISM) Dhanbad,"Chemical Science (5 Years, Integrated Bachelor of Science-Master of Science)",AI,OBC-NCL,Female-only (including Supernumerary),10452,10482,10482,10482,11106
Indian Institute of Technology (ISM) Dhanbad,"Chemical Science (5 Years, Integrated Bachelor of Science-Master of Science)",AI,SC,Gender-Neutral,3300,3345,3349,3349,3392
Indian Institute of Technology (ISM) Dhanbad,"Chemical Science (5 Years, Integrated Bachelor of Science-Master of Science)",AI,SC,Female-only (including Supernumerary),4657,4779,4779,4779,4779
Indian Institute of Technology (ISM) Dhanbad,"Chemical Science (5 Years, Integrated Bachelor of Science-Master of Science)",AI,ST,Gender-Neutral,1528,1581,1581,1581,1581
Indian Institute of Technology (ISM) Dhanbad,"Chemical Engineering (4 Years, Bachelor of Technology)",AI,OPEN,Gender-Neutral,11309,11606,11606,11612,13029
Indian Institute of Technology (ISM) Dhanbad,"Chemical Engineering (4 Years, Bachelor of Technology)",AI,OPEN,Female-only (including Supernumerary),19386,19990,19990,19990,20265
Indian Institute of Technology (ISM) Dhanbad,"Chemical Engineering (4 Years, Bachelor of Technology)",AI,OPEN (PwD),Gender-Neutral,555P,555P,555P,555P,555P
Indian Institute of Technology (ISM) Dhanbad,"Chemical Engineering (4 Years, Bachelor of Technology)",AI,EWS,Gender-Neutral,1675,1675,1675,1675,1955
Indian Institute of Technology (ISM) Dhanbad,"Chemical Engineering (4 Years, Bachelor of Technology)",AI,EWS,Female-only (including Supernumerary),3127,3302,3302,3302,3664
Indian Institute of Technology (ISM) Dhanbad,"Chemical Engineering (4 Years, Bachelor of Technology)",AI,OBC-NCL,Gender-Neutral,4224,4365,4384,4384,4592
Indian Institute of Technology (ISM) Dhanbad,"Chemical Engineering (4 Years, Bachelor of Technology)",AI,OBC-NCL,Female-only (including Supernumerary),7955,8113,8113,8113,8113
Indian Institute of Technology (ISM) Dhanbad,"Chemical Engineering (4 Years, Bachelor of Technology)",AI,SC,Gender-Neutral,2366,2470,2470,2470,2470
Indian Institute of Technology (ISM) Dhanbad,"Chemical Engineering (4 Years, Bachelor of Technology)",AI,SC,Female-only (including Supernumerary),3678,3678,3678,3678,3678
Indian Institute of Technology (ISM) Dhanbad,"Chemical Engineering (4 Years, Bachelor of Technology)",AI,ST,Gender-Neutral,1140,1153,1153,1153,1153
Indian Institute of Technology (ISM) Dhanbad,"Chemical Engineering (4 Years, Bachelor of Technology)",AI,ST,Female-only (including Supernumerary),1718,1718,1718,1718,1718
Indian Institute of Technology (ISM) Dhanbad,"Civil Engineering (4 Years, Bachelor of Technology)",AI,OPEN,Gender-Neutral,13238,13679,13913,13913,15329
Indian Institute of Technology (ISM) Dhanbad,"Civil Engineering (4 Years, Bachelor of Technology)",AI,OPEN,Female-only (including Supernumerary),22494,22494,22494,22494,24253
Indian Institute of Technology (ISM) Dhanbad,"Civil Engineering (4 Years, Bachelor of Technology)",AI,OPEN (PwD),Gender-Neutral,474P,,,,
Indian Institute of Technology (ISM) Dhanbad,"Civil Engineering (4 Years, Bachelor of Technology)",AI,EWS,Gender-Neutral,1942,2011,2011,2011,2365
Indian Institute of Technology (ISM) Dhanbad,"Civil Engineering (4 Years, Bachelor of Technology)",AI,EWS,Female-only (including Supernumerary),3310,3310,3310,3310,4251
Indian Institute of Technology (ISM) Dhanbad,"Civil Engineering (4 Years, Bachelor of Technology)",AI,OBC-NCL,Gender-Neutral,4519,4761,4761,4761,4812
Indian Institute of Technology (ISM) Dhanbad,"Civil Engineering (4 Years, Bachelor of Technology)",AI,OBC-NCL,Female-only (including Supernumerary),9277,9625,9625,9625,9910
Indian Institute of Technology (ISM) Dhanbad,"Civil Engineering (4 Years, Bachelor of Technology)",AI,SC,Gender-Neutral,2384,2579,2579,2579,2579
Indian Institute of Technology (ISM) Dhanbad,"Civil Engineering (4 Years, Bachelor of Technology)",AI,SC,Female-only (including Supernumerary),3695,3702,3702,3702,3702
Indian Institute of Technology (ISM) Dhanbad,"Civil Engineering (4 Years, Bachelor of Technology)",AI,ST,Gender-Neutral,922,922,922,922,922
Indian Institute of Technology (ISM) Dhanbad,"Civil Engineering (4 Years, Bachelor of Technology)",AI,ST,Female-only (including Supernumerary),1062,1190,1190,1190,1190
Indian Institute of Technology (ISM) Dhanbad,"Computer Science and Engineering (4 Years, Bachelor of Technology)",AI,OPEN,Gender-Neutral,3994,3994,3994,3994,4167
Indian Institute of Technology (ISM) Dhanbad,"Computer Science and Engineering (4 Years, Bachelor of Technology)",AI,OPEN,Female-only (including Supernumerary),8000,8086,8086,8086,8539
Indian Institute of Technology (ISM) Dhanbad,"Computer Science and Engineering (4 Years, Bachelor of Technology)",AI,OPEN (PwD),Gender-Neutral,148,148,148,148,153
Indian Institute of Technology (ISM) Dhanbad,"Computer Science and Engineering (4 Years, Bachelor of Technology)",AI,OPEN (PwD),Female-only (including Supernumerary),253,253,253,253,253
Indian Institute of Technology (ISM) Dhanbad,"Computer Science and Engineering (4 Years, Bachelor of Technology)",AI,EWS,Gender-Neutral,536,536,536,536,567
Indian Institute of Technology (ISM) Dhanbad,"Computer Science and Engineering (4 Years, Bachelor of Technology)",AI,EWS,Female-only (including Supernumerary),1419,1419,1419,1419,1419
Indian Institute of Technology (ISM) Dhanbad,"Computer Science and Engineering (4 Years, Bachelor of Technology)",AI,EWS (PwD),Gender-Neutral,35,9P,9P,9P,9P
Indian Institute of Technology (ISM) Dhanbad,"Computer Science and Engineering (4 Years, Bachelor of Technology)",AI,OBC-NCL,Gender-Neutral,1292,1330,1330,1330,1334
Indian Institute of Technology (ISM) Dhanbad,"Computer Science and Engineering (4 Years, Bachelor of Technology)",AI,OBC-NCL,Female-only (including Supernumerary),3283,3340,3340,3340,3440
Indian Institute of Technology (ISM) Dhanbad,"Computer Science and Engineering (4 Years, Bachelor of Technology)",AI,OBC-NCL (PwD),Gender-Neutral,91,91,91,91,91
Indian Institute of Technology (ISM) Dhanbad,"Computer Science and Engineering (4 Years, Bachelor of Technology)",AI,OBC-NCL (PwD),Female-only (including Supernumerary),187P,187P,187P,187P,187P
Indian Institute of Technology (ISM) Dhanbad,"Computer Science and Engineering (4 Years, Bachelor of Technology)",AI,SC,Gender-Neutral,780,780,780,780,780
Indian Institute of Technology (ISM) Dhanbad,"Computer Science and Engineering (4 Years, Bachelor of Technology)",AI,SC,Female-only (including Supernumerary),1476,1476,1476,1476,1476
Indian Institute of Technology (ISM) Dhanbad,"Computer Science and Engineering (4 Years, Bachelor of Technology)",AI,ST,Gender-Neutral,306,336,336,336,336
Indian Institute of Technology (ISM) Dhanbad,"Computer Science and Engineering (4 Years, Bachelor of Technology)",AI,ST,Female-only (including Supernumerary),449,449,449,449,449
Indian Institute of Technology (ISM) Dhanbad,"Electrical Engineering (4 Years, Bachelor of Technology)",AI,OPEN,Gender-Neutral,7225,7376,7383,7510,8319
Indian Institute of Technology (ISM) Dhanbad,"Electrical Engineering (4 Years, Bachelor of Technology)",AI,OPEN,Female-only (including Supernumerary),14515,14515,14515,14515,15221
Indian Institute of Technology (ISM) Dhanbad,"Electrical Engineering (4 Years, Bachelor of Technology)",AI,OPEN (PwD),Gender-Neutral,145P,351P,351P,351P,351P
Indian Institute of Technology (ISM) Dhanbad,"Electrical Engineering (4 Years, Bachelor of Technology)",AI,EWS,Gender-Neutral,988,1082,1083,1090,1129
Indian Institute of Technology (ISM) Dhanbad,"Electrical Engineering (4 Years, Bachelor of Technology)",AI,EWS,Female-only (including Supernumerary),2289,2289,2289,2289,2289
Indian Institute of Technology (ISM) Dhanbad,"Electrical Engineering (4 Years, Bachelor of Technology)",AI,EWS (PwD),Gender-Neutral,73P,,,,
Indian Institute of Technology (ISM) Dhanbad,"Electrical Engineering (4 Years, Bachelor of Technology)",AI,OBC-NCL,Gender-Neutral,2630,2709,2709,2709,2743
Indian Institute of Technology (ISM) Dhanbad,"Electrical Engineering (4 Years, Bachelor of Technology)",AI,OBC-NCL,Female-only (including Supernumerary),6062,6076,6076,6076,6076
Indian Institute of Technology (ISM) Dhanbad,"Electrical Engineering (4 Years, Bachelor of Technology)",AI,OBC-NCL (PwD),Gender-Neutral,161P,,,,
Indian Institute of Technology (ISM) Dhanbad,"Electrical Engineering (4 Years, Bachelor of Technology)",AI,SC,Gender-Neutral,1554,1575,1575,1575,1575
Indian Institute of Technology (ISM) Dhanbad,"Electrical Engineering (4 Years, Bachelor of Technology)",AI,SC,Female-only (including Supernumerary),2620,2835,2835,2835,2835
Indian Institute of Technology (ISM) Dhanbad,"Electrical Engineering (4 Years, Bachelor of Technology)",AI,ST,Gender-Neutral,824,824,824,824,824
Indian Institute of Technology (ISM) Dhanbad,"Electrical Engineering (4 Years, Bachelor of Technology)",AI,ST,Female-only (including Supernumerary),1021,1021,1021,1021,1021
Indian Institute of Technology (ISM) Dhanbad,"Electronics and Communication Engineering (4 Years, Bachelor of Technology)",AI,OPEN,Gender-Neutral,5606,5610,5616,5645,5925
Indian Institute of Technology (ISM) Dhanbad,"Electronics and Communication Engineering (4 Years, Bachelor of Technology)",AI,OPEN,Female-only (including Supernumerary),11635,12508,12508,12508,12818
Indian Institute of Technology (ISM) Dhanbad,"Electronics and Communication Engineering (4 Years, Bachelor of Technology)",AI,OPEN (PwD),Gender-Neutral,86P,86P,86P,86P,86P
Indian Institute of Technology (ISM) Dhanbad,"Electronics and Communication Engineering (4 Years, Bachelor of Technology)",AI,OPEN (PwD),Female-only (including Supernumerary),233P,171P,171P,171P,171P
Indian Institute of Technology (ISM) Dhanbad,"Electronics and Communication Engineering (4 Years, Bachelor of Technology)",AI,EWS,Gender-Neutral,770,789,789,789,822
Indian Institute of Technology (ISM) Dhanbad,"Electronics and Communication Engineering (4 Years, Bachelor of Technology)",AI,EWS,Female-only (including Supernumerary),1762,1762,1762,1762,1838
Indian Institute of Technology (ISM) Dhanbad,"Electronics and Communication Engineering (4 Years, Bachelor of Technology)",AI,EWS (PwD),Gender-Neutral,59P,59P,59P,59P,59P
Indian Institute of Technology (ISM) Dhanbad,"Electronics and Communication Engineering (4 Years, Bachelor of Technology)",AI,OBC-NCL,Gender-Neutral,1956,2035,2035,2035,2060
Indian Institute of Technology (ISM) Dhanbad,"Electronics and Communication Engineering (4 Years, Bachelor of Technology)",AI,OBC-NCL,Female-only (including Supernumerary),4448,4767,4767,4767,4767
Indian Institute of Technology (ISM) Dhanbad,"Electronics and Communication Engineering (4 Years, Bachelor of Technology)",AI,OBC-NCL (PwD),Gender-Neutral,54P,54P,54P,54P,54P
Indian Institute of Technology (ISM) Dhanbad,"Electronics and Communication Engineering (4 Years, Bachelor of Technology)",AI,SC,Gender-Neutral,1313,1313,1313,1313,1313
Indian Institute of Technology (ISM) Dhanbad,"Electronics and Communication Engineering (4 Years, Bachelor of Technology)",AI,SC,Female-only (including Supernumerary),2143,2143,2143,2143,2143
Indian Institute of Technology (ISM) Dhanbad,"Electronics and Communication Engineering (4 Years, Bachelor of Technology)",AI,ST,Gender-Neutral,604,617,617,617,617
Indian Institute of Technology (ISM) Dhanbad,"Electronics and Communication Engineering (4 Years, Bachelor of Technology)",AI,ST,Female-only (including Supernumerary),977,977,977,977,977
Indian Institute of Technology (ISM) Dhanbad,"Engineering Physics (4 Years, Bachelor of Technology)",AI,OPEN,Gender-Neutral,9795,10378,10378,10378,11713
Indian Institute of Technology (ISM) Dhanbad,"Engineering Physics (4 Years, Bachelor of Technology)",AI,OPEN,Female-only (including Supernumerary),16544,16561,16561,16561,19315
Indian Institute of Technology (ISM) Dhanbad,"Engineering Physics (4 Years, Bachelor of Technology)",AI,EWS,Gender-Neutral,1548,1548,1548,1548,1549
Indian Institute of Technology (ISM) Dhanbad,"Engineering Physics (4 Years, Bachelor of Technology)",AI,EWS,Female-only (including Supernumerary),3156,3321,3321,3321,3610
Indian Institute of Technology (ISM) Dhanbad,"Engineering Physics (4 Years, Bachelor of Technology)",AI,OBC-NCL,Gender-Neutral,4245,4317,4317,4317,4499
Indian Institute of Technology (ISM) Dhanbad,"Engineering Physics (4 Years, Bachelor of Technology)",AI,OBC-NCL,Female-only (including Supernumerary),7942,8408,8408,8408,8427
Indian Institute of Technology (ISM) Dhanbad,"Engineering Physics (4 Years, Bachelor of Technology)",AI,SC,Gender-Neutral,2787,2800,2800,2800,2800
Indian Institute of Technology (ISM) Dhanbad,"Engineering Physics (4 Years, Bachelor of Technology)",AI,SC,Female-only (including Supernumerary),3801,3801,3801,3801,3801
Indian Institute of Technology (ISM) Dhanbad,"Engineering Physics (4 Years, Bachelor of Technology)",AI,ST,Gender-Neutral,1319,1445,1445,1445,1445
Indian Institute of Technology (ISM) Dhanbad,"Environmental Engineering (4 Years, Bachelor of Technology)",AI,OPEN,Gender-Neutral,15086,15189,15189,15216,17683
Indian Institute of Technology (ISM) Dhanbad,"Environmental Engineering (4 Years, Bachelor of Technology)",AI,OPEN,Female-only (including Supernumerary),25341,25786,26377,26377,27032
Indian Institute of Technology (ISM) Dhanbad,"Environmental Engineering (4 Years, Bachelor of Technology)",AI,EWS,Gender-Neutral,2297,2301,2301,2301,2619
Indian Institute of Technology (ISM) Dhanbad,"Environmental Engineering (4 Years, Bachelor of Technology)",AI,EWS,Female-only (including Supernumerary),3935,4017,4017,4017,4547
Indian Institute of Technology (ISM) Dhanbad,"Environmental Engineering (4 Years, Bachelor of Technology)",AI,OBC-NCL,Gender-Neutral,5597,5784,5804,5804,6075
Indian Institute of Technology (ISM) Dhanbad,"Environmental Engineering (4 Years, Bachelor of Technology)",AI,OBC-NCL,Female-only (including Supernumerary),10374,10374,10374,10374,10374
Indian Institute of Technology (ISM) Dhanbad,"Environmental Engineering (4 Years, Bachelor of Technology)",AI,SC,Gender-Neutral,3146,3265,3265,3265,3319
Indian Institute of Technology (ISM) Dhanbad,"Environmental Engineering (4 Years, Bachelor of Technology)",AI,SC,Female-only (including Supernumerary),4431,4431,4431,4431,4431
Indian Institute of Technology (ISM) Dhanbad,"Environmental Engineering (4 Years, Bachelor of Technology)",AI,ST,Gender-Neutral,1457,1548,1548,1548,1567
Indian Institute of Technology (ISM) Dhanbad,"Environmental Engineering (4 Years, Bachelor of Technology)",AI,ST,Female-only (including Supernumerary),1915,1915,1915,1915,2038
Indian Institute of Technology (ISM) Dhanbad,"Geological Engineering (4 Years, Bachelor of Technology)",AI,OPEN,Gender-Neutral,15777,15908,15908,16032,17791
Indian Institute of Technology (ISM) Dhanbad,"Geological Engineering (4 Years, Bachelor of Technology)",AI,OPEN,Female-only (including Supernumerary),24893,24893,24893,25475,28726
Indian Institute of Technology (ISM) Dhanbad,"Geological Engineering (4 Years, Bachelor of Technology)",AI,EWS,Gender-Neutral,2341,2362,2362,2362,2633
Indian Institute of Technology (ISM) Dhanbad,"Geological Engineering (4 Years, Bachelor of Technology)",AI,EWS,Female-only (including Supernumerary),4397,4528,4528,4528,4894
Indian Institute of Technology (ISM) Dhanbad,"Geological Engineering (4 Years, Bachelor of Technology)",AI,OBC-NCL,Gender-Neutral,5705,5955,5955,5955,6202
Indian Institute of Technology (ISM) Dhanbad,"Geological Engineering (4 Years, Bachelor of Technology)",AI,OBC-NCL,Female-only (including Supernumerary),10212,10240,10240,10240,10240
Indian Institute of Technology (ISM) Dhanbad,"Geological Engineering (4 Years, Bachelor of Technology)",AI,SC,Gender-Neutral,3189,3297,3318,3318,3333
Indian Institute of Technology (ISM) Dhanbad,"Geological Engineering (4 Years, Bachelor of Technology)",AI,SC,Female-only (including Supernumerary),4584,4584,4584,4584,4584
Indian Institute of Technology (ISM) Dhanbad,"Geological Engineering (4 Years, Bachelor of Technology)",AI,ST,Gender-Neutral,1501,1501,1501,1501,1501
Indian Institute of Technology (ISM) Dhanbad,"Geophysical Technology (4 Years, Bachelor of Technology)",AI,OPEN,Gender-Neutral,15565,15856,15856,15856,17147
Indian Institute of Technology (ISM) Dhanbad,"Geophysical Technology (4 Years, Bachelor of Technology)",AI,OPEN,Female-only (including Supernumerary),23789,23789,23789,23789,27317
Indian Institute of Technology (ISM) Dhanbad,"Geophysical Technology (4 Years, Bachelor of Technology)",AI,EWS,Gender-Neutral,2327,2356,2356,2356,2615
Indian Institute of Technology (ISM) Dhanbad,"Geophysical Technology (4 Years, Bachelor of Technology)",AI,EWS,Female-only (including Supernumerary),4347,4397,4397,4397,4952
Indian Institute of Technology (ISM) Dhanbad,"Geophysical Technology (4 Years, Bachelor of Technology)",AI,OBC-NCL,Gender-Neutral,5676,5932,5932,5932,6155
Indian Institute of Technology (ISM) Dhanbad,"Geophysical Technology (4 Years, Bachelor of Technology)",AI,OBC-NCL,Female-only (including Supernumerary),9939,10212,10212,10212,10482
Indian Institute of Technology (ISM) Dhanbad,"Geophysical Technology (4 Years, Bachelor of Technology)",AI,SC,Gender-Neutral,3201,3286,3286,3286,3286
Indian Institute of Technology (ISM) Dhanbad,"Geophysical Technology (4 Years, Bachelor of Technology)",AI,SC,Female-only (including Supernumerary),4591,4721,4721,4721,4874
Indian Institute of Technology (ISM) Dhanbad,"Geophysical Technology (4 Years, Bachelor of Technology)",AI,ST,Gender-Neutral,1506,1524,1524,1524,1524
Indian Institute of Technology (ISM) Dhanbad,"Mathematics and Computing (4 Years, Bachelor of Technology)",AI,OPEN,Gender-Neutral,4699,4726,4726,4761,4938
Indian Institute of Technology (ISM) Dhanbad,"Mathematics and Computing (4 Years, Bachelor of Technology)",AI,OPEN,Female-only (including Supernumerary),9716,9716,9716,9716,10628
Indian Institute of Technology (ISM) Dhanbad,"Mathematics and Computing (4 Years, Bachelor of Technology)",AI,OPEN (PwD),Gender-Neutral,263,289,289,289,289
Indian Institute of Technology (ISM) Dhanbad,"Mathematics and Computing (4 Years, Bachelor of Technology)",AI,OPEN (PwD),Female-only (including Supernumerary),285,404P,404P,404P,404P
Indian Institute of Technology (ISM) Dhanbad,"Mathematics and Computing (4 Years, Bachelor of Technology)",AI,EWS,Gender-Neutral,621,651,651,651,666
Indian Institute of Technology (ISM) Dhanbad,"Mathematics and Computing (4 Years, Bachelor of Technology)",AI,EWS,Female-only (including Supernumerary),1561,1561,1561,1561,1561
Indian Institute of Technology (ISM) Dhanbad,"Mathematics and Computing (4 Years, Bachelor of Technology)",AI,OBC-NCL,Gender-Neutral,1659,1692,1692,1692,1739
Indian Institute of Technology (ISM) Dhanbad,"Mathematics and Computing (4 Years, Bachelor of Technology)",AI,OBC-NCL,Female-only (including Supernumerary),4428,4428,4428,4428,4428
Indian Institute of Technology (ISM) Dhanbad,"Mathematics and Computing (4 Years, Bachelor of Technology)",AI,OBC-NCL (PwD),Gender-Neutral,153P,161P,161P,161P,161P
Indian Institute of Technology (ISM) Dhanbad,"Mathematics and Computing (4 Years, Bachelor of Technology)",AI,SC,Gender-Neutral,1081,1081,1081,1081,1116
Indian Institute of Technology (ISM) Dhanbad,"Mathematics and Computing (4 Years, Bachelor of Technology)",AI,SC,Female-only (including Supernumerary),1988,1988,1988,1988,1988
Indian Institute of Technology (ISM) Dhanbad,"Mathematics and Computing (4 Years, Bachelor of Technology)",AI,ST,Gender-Neutral,545,665,665,665,665
Indian Institute of Technology (ISM) Dhanbad,"Mathematics and Computing (4 Years, Bachelor of Technology)",AI,ST,Female-only (including Supernumerary),735,735,735,735,735
Indian Institute of Technology (ISM) Dhanbad,"Mechanical Engineering (4 Years, Bachelor of Technology)",AI,OPEN,Gender-Neutral,9804,10108,10158,10158,11303
Indian Institute of Technology (ISM) Dhanbad,"Mechanical Engineering (4 Years, Bachelor of Technology)",AI,OPEN,Female-only (including Supernumerary),19277,19277,19277,19451,20007
Indian Institute of Technology (ISM) Dhanbad,"Mechanical Engineering (4 Years, Bachelor of Technology)",AI,EWS,Gender-Neutral,1399,1461,1461,1492,1632
Indian Institute of Technology (ISM) Dhanbad,"Mechanical Engineering (4 Years, Bachelor of Technology)",AI,EWS,Female-only (including Supernumerary),3021,3061,3061,3061,3125
Indian Institute of Technology (ISM) Dhanbad,"Mechanical Engineering (4 Years, Bachelor of Technology)",AI,OBC-NCL,Gender-Neutral,3654,3862,3862,3862,3959
Indian Institute of Technology (ISM) Dhanbad,"Mechanical Engineering (4 Years, Bachelor of Technology)",AI,OBC-NCL,Female-only (including Supernumerary),7628,8125,8125,8125,8233
Indian Institute of Technology (ISM) Dhanbad,"Mechanical Engineering (4 Years, Bachelor of Technology)",AI,SC,Gender-Neutral,2098,2151,2151,2151,2152
Indian Institute of Technology (ISM) Dhanbad,"Mechanical Engineering (4 Years, Bachelor of Technology)",AI,SC,Female-only (including Supernumerary),3764,3901,3901,3901,3901
Indian Institute of Technology (ISM) Dhanbad,"Mechanical Engineering (4 Years, Bachelor of Technology)",AI,ST,Gender-Neutral,985,1005,1005,1005,1005
Indian Institute of Technology (ISM) Dhanbad,"Mechanical Engineering (4 Years, Bachelor of Technology)",AI,ST,Female-only (including Supernumerary),1666,1666,1666,1666,1666
Indian Institute of Technology (ISM) Dhanbad,"Mineral and Metallurgical Engineering (4 Years, Bachelor of Technology)",AI,OPEN,Gender-Neutral,13556,14015,14099,14099,15480
Indian Institute of Technology (ISM) Dhanbad,"Mineral and Metallurgical Engineering (4 Years, Bachelor of Technology)",AI,OPEN,Female-only (including Supernumerary),23991,24253,24547,24547,25774
Indian Institute of Technology (ISM) Dhanbad,"Mineral and Metallurgical Engineering (4 Years, Bachelor of Technology)",AI,EWS,Gender-Neutral,2019,2096,2096,2096,2214
Indian Institute of Technology (ISM) Dhanbad,"Mineral and Metallurgical Engineering (4 Years, Bachelor of Technology)",AI,EWS,Female-only (including Supernumerary),3639,3639,3639,3639,4528
Indian Institute of Technology (ISM) Dhanbad,"Mineral and Metallurgical Engineering (4 Years, Bachelor of Technology)",AI,OBC-NCL,Gender-Neutral,5046,5258,5258,5258,5669
Indian Institute of Technology (ISM) Dhanbad,"Mineral and Metallurgical Engineering (4 Years, Bachelor of Technology)",AI,OBC-NCL,Female-only (including Supernumerary),9126,9575,9575,9575,9575
Indian Institute of Technology (ISM) Dhanbad,"Mineral and Metallurgical Engineering (4 Years, Bachelor of Technology)",AI,SC,Gender-Neutral,2904,3060,3063,3063,3105
Indian Institute of Technology (ISM) Dhanbad,"Mineral and Metallurgical Engineering (4 Years, Bachelor of Technology)",AI,SC,Female-only (including Supernumerary),3801,3801,3801,3801,3801
Indian Institute of Technology (ISM) Dhanbad,"Mineral and Metallurgical Engineering (4 Years, Bachelor of Technology)",AI,ST,Gender-Neutral,1314,1478,1478,1478,1478
Indian Institute of Technology (ISM) Dhanbad,"Mineral and Metallurgical Engineering (4 Years, Bachelor of Technology)",AI,ST,Female-only (including Supernumerary),1787,1901,1901,1901,1901
Indian Institute of Technology (ISM) Dhanbad,"Mining Engineering (4 Years, Bachelor of Technology)",AI,OPEN,Gender-Neutral,14133,14351,14453,14472,16037
Indian Institute of Technology (ISM) Dhanbad,"Mining Engineering (4 Years, Bachelor of Technology)",AI,OPEN,Female-only (including Supernumerary),25346,25475,25475,25498,26813
Indian Institute of Technology (ISM) Dhanbad,"Mining Engineering (4 Years, Bachelor of Technology)",AI,EWS,Gender-Neutral,2134,2136,2142,2142,2388
Indian Institute of Technology (ISM) Dhanbad,"Mining Engineering (4 Years, Bachelor of Technology)",AI,EWS,Female-only (including Supernumerary),4017,4069,4069,4069,4069
Indian Institute of Technology (ISM) Dhanbad,"Mining Engineering (4 Years, Bachelor of Technology)",AI,OBC-NCL,Gender-Neutral,5269,5481,5481,5481,5625
Indian Institute of Technology (ISM) Dhanbad,"Mining Engineering (4 Years, Bachelor of Technology)",AI,OBC-NCL,Female-only (including Supernumerary),10045,10249,10249,10249,10249
Indian Institute of Technology (ISM) Dhanbad,"Mining Engineering (4 Years, Bachelor of Technology)",AI,SC,Gender-Neutral,2919,2969,2969,2969,2969
Indian Institute of Technology (ISM) Dhanbad,"Mining Engineering (4 Years, Bachelor of Technology)",AI,SC,Female-only (including Supernumerary),4478,4672,4672,4672,4672
Indian Institute of Technology (ISM) Dhanbad,"Mining Engineering (4 Years, Bachelor of Technology)",AI,ST,Gender-Neutral,1368,1444,1484,1484,1484
Indian Institute of Technology (ISM) Dhanbad,"Mining Engineering (4 Years, Bachelor of Technology)",AI,ST,Female-only (including Supernumerary),764,764,764,764,764
Indian Institute of Technology (ISM) Dhanbad,"Mining Machinery Engineering (4 Years, Bachelor of Technology)",AI,OPEN,Gender-Neutral,15260,15665,15665,15700,16855
Indian Institute of Technology (ISM) Dhanbad,"Mining Machinery Engineering (4 Years, Bachelor of Technology)",AI,OPEN,Female-only (including Supernumerary),25640,25774,25774,25774,28531
Indian Institute of Technology (ISM) Dhanbad,"Mining Machinery Engineering (4 Years, Bachelor of Technology)",AI,EWS,Gender-Neutral,2189,2293,2293,2293,2458
Indian Institute of Technology (ISM) Dhanbad,"Mining Machinery Engineering (4 Years, Bachelor of Technology)",AI,EWS,Female-only (including Supernumerary),4295,4295,4295,4295,4641
Indian Institute of Technology (ISM) Dhanbad,"Mining Machinery Engineering (4 Years, Bachelor of Technology)",AI,OBC-NCL,Gender-Neutral,5554,5758,5758,5758,5933
Indian Institute of Technology (ISM) Dhanbad,"Mining Machinery Engineering (4 Years, Bachelor of Technology)",AI,OBC-NCL,Female-only (including Supernumerary),10427,10642,10748,10748,10836
Indian Institute of Technology (ISM) Dhanbad,"Mining Machinery Engineering (4 Years, Bachelor of Technology)",AI,SC,Gender-Neutral,3072,3141,3189,3189,3192
Indian Institute of Technology (ISM) Dhanbad,"Mining Machinery Engineering (4 Years, Bachelor of Technology)",AI,SC,Female-only (including Supernumerary),4642,4642,4642,4642,4642
Indian Institute of Technology (ISM) Dhanbad,"Mining Machinery Engineering (4 Years, Bachelor of Technology)",AI,ST,Gender-Neutral,1414,1484,1517,1517,1517
Indian Institute of Technology (ISM) Dhanbad,"Mining Machinery Engineering (4 Years, Bachelor of Technology)",AI,ST,Female-only (including Supernumerary),1940,1966,1966,1966,2112
Indian Institute of Technology (ISM) Dhanbad,"Petroleum Engineering (4 Years, Bachelor of Technology)",AI,OPEN,Gender-Neutral,12554,12809,12877,12905,13921
Indian Institute of Technology (ISM) Dhanbad,"Petroleum Engineering (4 Years, Bachelor of Technology)",AI,OPEN,Female-only (including Supernumerary),22795,22944,22944,22944,26417
Indian Institute of Technology (ISM) Dhanbad,"Petroleum Engineering (4 Years, Bachelor of Technology)",AI,OPEN (PwD),Gender-Neutral,567P,,,,
Indian Institute of Technology (ISM) Dhanbad,"Petroleum Engineering (4 Years, Bachelor of Technology)",AI,EWS,Gender-Neutral,1865,1925,1925,1955,2185
Indian Institute of Technology (ISM) Dhanbad,"Petroleum Engineering (4 Years, Bachelor of Technology)",AI,EWS,Female-only (including Supernumerary),3596,3935,3935,3935,4017
Indian Institute of Technology (ISM) Dhanbad,"Petroleum Engineering (4 Years, Bachelor of Technology)",AI,OBC-NCL,Gender-Neutral,4639,4757,4757,4757,4987
Indian Institute of Technology (ISM) Dhanbad,"Petroleum Engineering (4 Years, Bachelor of Technology)",AI,OBC-NCL,Female-only (including Supernumerary),9407,10045,10045,10045,10045
Indian Institute of Technology (ISM) Dhanbad,"Petroleum Engineering (4 Years, Bachelor of Technology)",AI,SC,Gender-Neutral,2655,2887,2887,2887,2889
Indian Institute of Technology (ISM) Dhanbad,"Petroleum Engineering (4 Years, Bachelor of Technology)",AI,SC,Female-only (including Supernumerary),4467,4640,4640,4640,4640
Indian Institute of Technology (ISM) Dhanbad,"Petroleum Engineering (4 Years, Bachelor of Technology)",AI,ST,Gender-Neutral,1332,1363,1414,1414,1414
Indian Institute of Technology (ISM) Dhanbad,"Petroleum Engineering (4 Years, Bachelor of Technology)",AI,ST,Female-only (including Supernumerary),833,833,833,833,1787
Indian Institute of Technology (ISM) Dhanbad,"Physical Science (5 Years, Integrated Bachelor of Science-Master of Science)",AI,OPEN,Gender-Neutral,15861,15900,15900,15900,17355
Indian Institute of Technology (ISM) Dhanbad,"Physical Science (5 Years, Integrated Bachelor of Science-Master of Science)",AI,OPEN,Female-only (including Supernumerary),24139,24139,24139,24139,27720
Indian Institute of Technology (ISM) Dhanbad,"Physical Science (5 Years, Integrated Bachelor of Science-Master of Science)",AI,EWS,Gender-Neutral,2403,2494,2494,2494,2862
Indian Institute of Technology (ISM) Dhanbad,"Physical Science (5 Years, Integrated Bachelor of Science-Master of Science)",AI,OBC-NCL,Gender-Neutral,5881,6082,6089,6136,6264
Indian Institute of Technology (ISM) Dhanbad,"Physical Science (5 Years, Integrated Bachelor of Science-Master of Science)",AI,OBC-NCL,Female-only (including Supernumerary),10478,10849,10849,10849,10849
Indian Institute of Technology (ISM) Dhanbad,"Physical Science (5 Years, Integrated Bachelor of Science-Master of Science)",AI,SC,Gender-Neutral,3276,3333,3345,3345,3380
Indian Institute of Technology (ISM) Dhanbad,"Physical Science (5 Years, Integrated Bachelor of Science-Master of Science)",AI,SC,Female-only (including Supernumerary),4570,4570,4570,4570,4570
Indian Institute of Technology (ISM) Dhanbad,"Physical Science (5 Years, Integrated Bachelor of Science-Master of Science)",AI,ST,Gender-Neutral,1515,1592,1592,1592,1592
Indian Institute of Technology Ropar,"Artificial Intelligence and Data Engineering (4 Years, Bachelor of Technology)",AI,OPEN,Gender-Neutral,4395,4423,4447,4489,4719
Indian Institute of Technology Ropar,"Artificial Intelligence and Data Engineering (4 Years, Bachelor of Technology)",AI,OPEN,Female-only (including Supernumerary),7727,7845,7849,7849,7849
Indian Institute of Technology Ropar,"Artificial Intelligence and Data Engineering (4 Years, Bachelor of Technology)",AI,OPEN (PwD),Gender-Neutral,153,153,153,153,248
Indian Institute of Technology Ropar,"Artificial Intelligence and Data Engineering (4 Years, Bachelor of Technology)",AI,OPEN (PwD),Female-only (including Supernumerary),217P,217P,217P,217P,312P
Indian Institute of Technology Ropar,"Artificial Intelligence and Data Engineering (4 Years, Bachelor of Technology)",AI,EWS,Gender-Neutral,616,633,633,647,652
Indian Institute of Technology Ropar,"Artificial Intelligence and Data Engineering (4 Years, Bachelor of Technology)",AI,EWS,Female-only (including Supernumerary),1748,1748,1748,1748,1748
Indian Institute of Technology Ropar,"Artificial Intelligence and Data Engineering (4 Years, Bachelor of Technology)",AI,OBC-NCL,Gender-Neutral,1792,1812,1812,1812,1812
Indian Institute of Technology Ropar,"Artificial Intelligence and Data Engineering (4 Years, Bachelor of Technology)",AI,OBC-NCL,Female-only (including Supernumerary),4266,4474,4474,4474,4474
Indian Institute of Technology Ropar,"Artificial Intelligence and Data Engineering (4 Years, Bachelor of Technology)",AI,OBC-NCL (PwD),Gender-Neutral,114,114,114,114,114
Indian Institute of Technology Ropar,"Artificial Intelligence and Data Engineering (4 Years, Bachelor of Technology)",AI,SC,Gender-Neutral,1077,1077,1077,1077,1085
Indian Institute of Technology Ropar,"Artificial Intelligence and Data Engineering (4 Years, Bachelor of Technology)",AI,SC,Female-only (including Supernumerary),1907,1907,1907,1907,1907
Indian Institute of Technology Ropar,"Artificial Intelligence and Data Engineering (4 Years, Bachelor of Technology)",AI,ST,Gender-Neutral,517,540,540,540,540
Indian Institute of Technology Ropar,"Artificial Intelligence and Data Engineering (4 Years, Bachelor of Technology)",AI,ST,Female-only (including Supernumerary),645,645,645,645,645
Indian Institute of Technology Ropar,"Chemical Engineering (4 Years, Bachelor of Technology)",AI,OPEN,Gender-Neutral,9506,9780,9780,9874,11670
Indian Institute of Technology Ropar,"Chemical Engineering (4 Years, Bachelor of Technology)",AI,OPEN,Female-only (including Supernumerary),18689,18689,18689,18689,19100
Indian Institute of Technology Ropar,"Chemical Engineering (4 Years, Bachelor of Technology)",AI,EWS,Gender-Neutral,1631,1671,1671,1671,1918
Indian Institute of Technology Ropar,"Chemical Engineering (4 Years, Bachelor of Technology)",AI,EWS,Female-only (including Supernumerary),2924,2924,2924,2924,2924
Indian Institute of Technology Ropar,"Chemical Engineering (4 Years, Bachelor of Technology)",AI,OBC-NCL,Gender-Neutral,4072,4156,4156,4156,4517
Indian Institute of Technology Ropar,"Chemical Engineering (4 Years, Bachelor of Technology)",AI,OBC-NCL,Female-only (including Supernumerary),7862,7862,7862,7862,7862
Indian Institute of Technology Ropar,"Chemical Engineering (4 Years, Bachelor of Technology)",AI,SC,Gender-Neutral,2305,2362,2362,2362,2421
Indian Institute of Technology Ropar,"Chemical Engineering (4 Years, Bachelor of Technology)",AI,SC,Female-only (including Supernumerary),3512,3512,3512,3512,3512
Indian Institute of Technology Ropar,"Chemical Engineering (4 Years, Bachelor of Technology)",AI,ST,Gender-Neutral,1228,1228,1228,1228,1292
Indian Institute of Technology Ropar,"Chemical Engineering (4 Years, Bachelor of Technology)",AI,ST,Female-only (including Supernumerary),1772,1772,1772,1772,1772
Indian Institute of Technology Ropar,"Civil Engineering (4 Years, Bachelor of Technology)",AI,OPEN,Gender-Neutral,12525,12830,12845,12845,14538
Indian Institute of Technology Ropar,"Civil Engineering (4 Years, Bachelor of Technology)",AI,OPEN,Female-only (including Supernumerary),21374,21374,21374,21374,21533
Indian Institute of Technology Ropar,"Civil Engineering (4 Years, Bachelor of Technology)",AI,OPEN (PwD),Gender-Neutral,185P,185P,185P,185P,185P
Indian Institute of Technology Ropar,"Civil Engineering (4 Years, Bachelor of Technology)",AI,EWS,Gender-Neutral,1734,1934,1934,1934,2342
Indian Institute of Technology Ropar,"Civil Engineering (4 Years, Bachelor of Technology)",AI,EWS,Female-only (including Supernumerary),3377,3377,3377,3377,3377
Indian Institute of Technology Ropar,"Civil Engineering (4 Years, Bachelor of Technology)",AI,OBC-NCL,Gender-Neutral,4495,4629,4629,4629,4649
Indian Institute of Technology Ropar,"Civil Engineering (4 Years, Bachelor of Technology)",AI,OBC-NCL,Female-only (including Supernumerary),9625,9871,9871,9871,9871
Indian Institute of Technology Ropar,"Civil Engineering (4 Years, Bachelor of Technology)",AI,SC,Gender-Neutral,2394,2394,2394,2394,2425
Indian Institute of Technology Ropar,"Civil Engineering (4 Years, Bachelor of Technology)",AI,SC,Female-only (including Supernumerary),3746,3746,3746,3746,3746
Indian Institute of Technology Ropar,"Civil Engineering (4 Years, Bachelor of Technology)",AI,ST,Gender-Neutral,983,983,983,983,983
Indian Institute of Technology Ropar,"Civil Engineering (4 Years, Bachelor of Technology)",AI,ST,Female-only (including Supernumerary),1295,1295,1295,1295,1295
Indian Institute of Technology Ropar,"Computer Science and Engineering (4 Years, Bachelor of Technology)",AI,OPEN,Gender-Neutral,2907,2907,2970,2978,3214
Indian Institute of Technology Ropar,"Computer Science and Engineering (4 Years, Bachelor of Technology)",AI,OPEN,Female-only (including Supernumerary),6368,6368,6495,6869,6869
Indian Institute of Technology Ropar,"Computer Science and Engineering (4 Years, Bachelor of Technology)",AI,OPEN (PwD),Gender-Neutral,108,108,108,108,108
Indian Institute of Technology Ropar,"Computer Science and Engineering (4 Years, Bachelor of Technology)",AI,OPEN (PwD),Female-only (including Supernumerary),252,252,252,252,252
Indian Institute of Technology Ropar,"Computer Science and Engineering (4 Years, Bachelor of Technology)",AI,EWS,Gender-Neutral,416,419,436,445,506
Indian Institute of Technology Ropar,"Computer Science and Engineering (4 Years, Bachelor of Technology)",AI,EWS,Female-only (including Supernumerary),1348,1348,1348,1348,1348
Indian Institute of Technology Ropar,"Computer Science and Engineering (4 Years, Bachelor of Technology)",AI,EWS (PwD),Gender-Neutral,31,31,31,31,31
Indian Institute of Technology Ropar,"Computer Science and Engineering (4 Years, Bachelor of Technology)",AI,OBC-NCL,Gender-Neutral,1202,1209,1209,1209,1220
Indian Institute of Technology Ropar,"Computer Science and Engineering (4 Years, Bachelor of Technology)",AI,OBC-NCL,Female-only (including Supernumerary),3483,3540,3540,3540,3540
Indian Institute of Technology Ropar,"Computer Science and Engineering (4 Years, Bachelor of Technology)",AI,OBC-NCL (PwD),Gender-Neutral,68,68,68,68,68
Indian Institute of Technology Ropar,"Computer Science and Engineering (4 Years, Bachelor of Technology)",AI,OBC-NCL (PwD),Female-only (including Supernumerary),162P,,,,
Indian Institute of Technology Ropar,"Computer Science and Engineering (4 Years, Bachelor of Technology)",AI,SC,Gender-Neutral,681,681,681,711,711
Indian Institute of Technology Ropar,"Computer Science and Engineering (4 Years, Bachelor of Technology)",AI,SC,Female-only (including Supernumerary),1374,1576,1576,1576,1576
Indian Institute of Technology Ropar,"Computer Science and Engineering (4 Years, Bachelor of Technology)",AI,ST,Gender-Neutral,376,387,387,387,387
Indian Institute of Technology Ropar,"Computer Science and Engineering (4 Years, Bachelor of Technology)",AI,ST,Female-only (including Supernumerary),502,502,502,502,502
Indian Institute of Technology Ropar,"Digital Agriculture (4 Years, Bachelor of Technology)",AI,OPEN,Gender-Neutral,13370,13786,13786,13786,15356
Indian Institute of Technology Ropar,"Digital Agriculture (4 Years, Bachelor of Technology)",AI,OPEN,Female-only (including Supernumerary),19257,19257,19257,19257,19257
Indian Institute of Technology Ropar,"Digital Agriculture (4 Years, Bachelor of Technology)",AI,EWS,Gender-Neutral,2089,2188,2188,2188,2466
Indian Institute of Technology Ropar,"Digital Agriculture (4 Years, Bachelor of Technology)",AI,OBC-NCL,Gender-Neutral,5650,5759,5759,5759,5759
Indian Institute of Technology Ropar,"Digital Agriculture (4 Years, Bachelor of Technology)",AI,OBC-NCL,Female-only (including Supernumerary),10363,10363,10363,10363,10979
Indian Institute of Technology Ropar,"Digital Agriculture (4 Years, Bachelor of Technology)",AI,SC,Gender-Neutral,3052,3193,3193,3193,3274
Indian Institute of Technology Ropar,"Digital Agriculture (4 Years, Bachelor of Technology)",AI,SC,Female-only (including Supernumerary),4433,4433,4433,4433,4807
Indian Institute of Technology Ropar,"Digital Agriculture (4 Years, Bachelor of Technology)",AI,ST,Gender-Neutral,1482,1482,1482,1482,1482
Indian Institute of Technology Ropar,"Electrical Engineering (4 Years, Bachelor of Technology)",AI,OPEN,Gender-Neutral,6081,6128,6128,6137,6599
Indian Institute of Technology Ropar,"Electrical Engineering (4 Years, Bachelor of Technology)",AI,OPEN,Female-only (including Supernumerary),12329,12489,12489,12582,13280
Indian Institute of Technology Ropar,"Electrical Engineering (4 Years, Bachelor of Technology)",AI,OPEN (PwD),Gender-Neutral,226,39P,39P,39P,416P
Indian Institute of Technology Ropar,"Electrical Engineering (4 Years, Bachelor of Technology)",AI,EWS,Gender-Neutral,963,964,965,965,1013
Indian Institute of Technology Ropar,"Electrical Engineering (4 Years, Bachelor of Technology)",AI,EWS,Female-only (including Supernumerary),2159,2159,2159,2159,2159
Indian Institute of Technology Ropar,"Electrical Engineering (4 Years, Bachelor of Technology)",AI,EWS (PwD),Gender-Neutral,63P,63P,63P,63P,
Indian Institute of Technology Ropar,"Electrical Engineering (4 Years, Bachelor of Technology)",AI,OBC-NCL,Gender-Neutral,2729,2785,2785,2785,2807
Indian Institute of Technology Ropar,"Electrical Engineering (4 Years, Bachelor of Technology)",AI,OBC-NCL,Female-only (including Supernumerary),5987,5987,5987,5987,5987
Indian Institute of Technology Ropar,"Electrical Engineering (4 Years, Bachelor of Technology)",AI,SC,Gender-Neutral,1597,1633,1633,1633,1647
Indian Institute of Technology Ropar,"Electrical Engineering (4 Years, Bachelor of Technology)",AI,SC,Female-only (including Supernumerary),3061,3236,3236,3236,3236
Indian Institute of Technology Ropar,"Electrical Engineering (4 Years, Bachelor of Technology)",AI,ST,Gender-Neutral,876,880,880,880,880
Indian Institute of Technology Ropar,"Electrical Engineering (4 Years, Bachelor of Technology)",AI,ST,Female-only (including Supernumerary),1270,1270,1270,1270,1270
Indian Institute of Technology Ropar,"Electrical Engineering (Integrated Circuit Design and Technology) (4 Years, Bachelor of Technology)",AI,OPEN,Gender-Neutral,4749,4749,4752,4752,5083
Indian Institute of Technology Ropar,"Electrical Engineering (Integrated Circuit Design and Technology) (4 Years, Bachelor of Technology)",AI,OPEN,Female-only (including Supernumerary),10609,10609,10609,10634,10634
Indian Institute of Technology Ropar,"Electrical Engineering (Integrated Circuit Design and Technology) (4 Years, Bachelor of Technology)",AI,OPEN (PwD),Gender-Neutral,249P,249P,249P,249P,249P
Indian Institute of Technology Ropar,"Electrical Engineering (Integrated Circuit Design and Technology) (4 Years, Bachelor of Technology)",AI,EWS,Gender-Neutral,784,809,887,887,887
Indian Institute of Technology Ropar,"Electrical Engineering (Integrated Circuit Design and Technology) (4 Years, Bachelor of Technology)",AI,OBC-NCL,Gender-Neutral,2233,2283,2283,2283,2283
Indian Institute of Technology Ropar,"Electrical Engineering (Integrated Circuit Design and Technology) (4 Years, Bachelor of Technology)",AI,OBC-NCL,Female-only (including Supernumerary),5981,5981,5981,5981,5981
Indian Institute of Technology Ropar,"Electrical Engineering (Integrated Circuit Design and Technology) (4 Years, Bachelor of Technology)",AI,SC,Gender-Neutral,1227,1227,1227,1227,1227
Indian Institute of Technology Ropar,"Electrical Engineering (Integrated Circuit Design and Technology) (4 Years, Bachelor of Technology)",AI,SC,Female-only (including Supernumerary),2856,2856,2856,2856,2856
Indian Institute of Technology Ropar,"Electrical Engineering (Integrated Circuit Design and Technology) (4 Years, Bachelor of Technology)",AI,ST,Gender-Neutral,804,804,804,804,804
Indian Institute of Technology Ropar,"Engineering Physics (4 Years, Bachelor of Technology)",AI,OPEN,Gender-Neutral,8862,8862,8862,8862,10879
Indian Institute of Technology Ropar,"Engineering Physics (4 Years, Bachelor of Technology)",AI,OPEN,Female-only (including Supernumerary),18371,18371,18654,18654,20238
Indian Institute of Technology Ropar,"Engineering Physics (4 Years, Bachelor of Technology)",AI,EWS,Gender-Neutral,1610,1797,1797,1797,1797
Indian Institute of Technology Ropar,"Engineering Physics (4 Years, Bachelor of Technology)",AI,OBC-NCL,Gender-Neutral,4355,4438,4438,4438,4557
Indian Institute of Technology Ropar,"Engineering Physics (4 Years, Bachelor of Technology)",AI,OBC-NCL,Female-only (including Supernumerary),8350,8350,8350,8350,8350
Indian Institute of Technology Ropar,"Engineering Physics (4 Years, Bachelor of Technology)",AI,SC,Gender-Neutral,2461,2662,2662,2662,2662
Indian Institute of Technology Ropar,"Engineering Physics (4 Years, Bachelor of Technology)",AI,SC,Female-only (including Supernumerary),3751,3751,3751,3751,3751
Indian Institute of Technology Ropar,"Engineering Physics (4 Years, Bachelor of Technology)",AI,ST,Gender-Neutral,1390,1390,1390,1390,1390
Indian Institute of Technology Ropar,"Engineering Science (4 Years, Bachelor of Technology)",AI,OPEN,Gender-Neutral,7012,7012,7012,7012,8459
Indian Institute of Technology Ropar,"Engineering Science (4 Years, Bachelor of Technology)",AI,OPEN,Female-only (including Supernumerary),16311,16311,16311,16311,16311
Indian Institute of Technology Ropar,"Engineering Science (4 Years, Bachelor of Technology)",AI,EWS,Gender-Neutral,1308,1308,1308,1308,1381
Indian Institute of Technology Ropar,"Engineering Science (4 Years, Bachelor of Technology)",AI,EWS,Female-only (including Supernumerary),2748,2748,2748,2748,2748
Indian Institute of Technology Ropar,"Engineering Science (4 Years, Bachelor of Technology)",AI,OBC-NCL,Gender-Neutral,4169,4441,4441,4441,4458
Indian Institute of Technology Ropar,"Engineering Science (4 Years, Bachelor of Technology)",AI,OBC-NCL,Female-only (including Supernumerary),7867,7867,7867,7867,7867
Indian Institute of Technology Ropar,"Engineering Science (4 Years, Bachelor of Technology)",AI,SC,Gender-Neutral,1938,1938,1938,1938,2229
Indian Institute of Technology Ropar,"Engineering Science (4 Years, Bachelor of Technology)",AI,SC,Female-only (including Supernumerary),3647,3647,3647,3647,3647
Indian Institute of Technology Ropar,"Engineering Science (4 Years, Bachelor of Technology)",AI,ST,Gender-Neutral,1483,1534,1534,1534,1534
Indian Institute of Technology Ropar,"Mathematics and Computing (4 Years, Bachelor of Technology)",AI,OPEN,Gender-Neutral,4399,4464,4464,4532,4749
Indian Institute of Technology Ropar,"Mathematics and Computing (4 Years, Bachelor of Technology)",AI,OPEN,Female-only (including Supernumerary),9229,9229,9229,9229,9229
Indian Institute of Technology Ropar,"Mathematics and Computing (4 Years, Bachelor of Technology)",AI,OPEN (PwD),Gender-Neutral,241,248,248,248,39P
Indian Institute of Technology Ropar,"Mathematics and Computing (4 Years, Bachelor of Technology)",AI,EWS,Gender-Neutral,620,620,620,620,756
Indian Institute of Technology Ropar,"Mathematics and Computing (4 Years, Bachelor of Technology)",AI,EWS,Female-only (including Supernumerary),1783,1783,1783,1783,1783
Indian Institute of Technology Ropar,"Mathematics and Computing (4 Years, Bachelor of Technology)",AI,OBC-NCL,Gender-Neutral,1836,1884,1884,1884,1911
Indian Institute of Technology Ropar,"Mathematics and Computing (4 Years, Bachelor of Technology)",AI,OBC-NCL,Female-only (including Supernumerary),4600,4600,4600,4600,4600
Indian Institute of Technology Ropar,"Mathematics and Computing (4 Years, Bachelor of Technology)",AI,SC,Gender-Neutral,1289,1311,1311,1311,1323
Indian Institute of Technology Ropar,"Mathematics and Computing (4 Years, Bachelor of Technology)",AI,SC,Female-only (including Supernumerary),2306,2306,2306,2306,2323
Indian Institute of Technology Ropar,"Mathematics and Computing (4 Years, Bachelor of Technology)",AI,ST,Gender-Neutral,727,740,740,740,740
Indian Institute of Technology Ropar,"Mathematics and Computing (4 Years, Bachelor of Technology)",AI,ST,Female-only (including Supernumerary),1199,1199,1199,1199,1199
Indian Institute of Technology Ropar,"Mechanical Engineering (4 Years, Bachelor of Technology)",AI,OPEN,Gender-Neutral,8920,8972,8972,8981,10069
Indian Institute of Technology Ropar,"Mechanical Engineering (4 Years, Bachelor of Technology)",AI,OPEN,Female-only (including Supernumerary),18331,18413,18413,18617,18830
Indian Institute of Technology Ropar,"Mechanical Engineering (4 Years, Bachelor of Technology)",AI,EWS,Gender-Neutral,1276,1381,1381,1381,1675
Indian Institute of Technology Ropar,"Mechanical Engineering (4 Years, Bachelor of Technology)",AI,EWS,Female-only (including Supernumerary),3068,3068,3068,3068,3068
Indian Institute of Technology Ropar,"Mechanical Engineering (4 Years, Bachelor of Technology)",AI,OBC-NCL,Gender-Neutral,3763,3951,3987,3987,4096
Indian Institute of Technology Ropar,"Mechanical Engineering (4 Years, Bachelor of Technology)",AI,OBC-NCL,Female-only (including Supernumerary),7988,8176,8176,8176,8315
Indian Institute of Technology Ropar,"Mechanical Engineering (4 Years, Bachelor of Technology)",AI,SC,Gender-Neutral,2125,2229,2229,2229,2244
Indian Institute of Technology Ropar,"Mechanical Engineering (4 Years, Bachelor of Technology)",AI,SC,Female-only (including Supernumerary),3706,3925,3925,3925,4433
Indian Institute of Technology Ropar,"Mechanical Engineering (4 Years, Bachelor of Technology)",AI,ST,Gender-Neutral,1085,1152,1152,1152,1152
Indian Institute of Technology Ropar,"Mechanical Engineering (4 Years, Bachelor of Technology)",AI,ST,Female-only (including Supernumerary),1622,1622,1622,1622,1622
Indian Institute of Technology Ropar,"Metallurgical and Materials Engineering (4 Years, Bachelor of Technology)",AI,OPEN,Gender-Neutral,12651,12925,12925,12925,14773
Indian Institute of Technology Ropar,"Metallurgical and Materials Engineering (4 Years, Bachelor of Technology)",AI,OPEN,Female-only (including Supernumerary),20156,20156,20156,20156,22516
Indian Institute of Technology Ropar,"Metallurgical and Materials Engineering (4 Years, Bachelor of Technology)",AI,EWS,Gender-Neutral,1881,1918,1918,1918,2307
Indian Institute of Technology Ropar,"Metallurgical and Materials Engineering (4 Years, Bachelor of Technology)",AI,EWS,Female-only (including Supernumerary),4166,4166,4166,4166,4166
Indian Institute of Technology Ropar,"Metallurgical and Materials Engineering (4 Years, Bachelor of Technology)",AI,OBC-NCL,Gender-Neutral,5090,5201,5365,5365,5490
Indian Institute of Technology Ropar,"Metallurgical and Materials Engineering (4 Years, Bachelor of Technology)",AI,OBC-NCL,Female-only (including Supernumerary),9826,9910,9910,9910,10272
Indian Institute of Technology Ropar,"Metallurgical and Materials Engineering (4 Years, Bachelor of Technology)",AI,SC,Gender-Neutral,2915,2918,2918,2918,2928
Indian Institute of Technology Ropar,"Metallurgical and Materials Engineering (4 Years, Bachelor of Technology)",AI,SC,Female-only (including Supernumerary),4187,4187,4662,4662,4662
Indian Institute of Technology Ropar,"Metallurgical and Materials Engineering (4 Years, Bachelor of Technology)",AI,ST,Gender-Neutral,1411,1436,1436,1436,1436
Indian Institute of Technology (BHU) Varanasi,"Architecture (5 Years, Bachelor of Architecture)",AI,OPEN,Gender-Neutral,26220,27093,27093,27093,28480
Indian Institute of Technology (BHU) Varanasi,"Architecture (5 Years, Bachelor of Architecture)",AI,OPEN,Female-only (including Supernumerary),27708,27708,27708,27708,26881
Indian Institute of Technology (BHU) Varanasi,"Architecture (5 Years, Bachelor of Architecture)",AI,EWS,Gender-Neutral,4217,4288,4322,4322,4432
Indian Institute of Technology (BHU) Varanasi,"Architecture (5 Years, Bachelor of Architecture)",AI,OBC-NCL,Gender-Neutral,7870,7973,7973,7973,9002
Indian Institute of Technology (BHU) Varanasi,"Architecture (5 Years, Bachelor of Architecture)",AI,OBC-NCL,Female-only (including Supernumerary),11476,11476,11476,11476,11941
Indian Institute of Technology (BHU) Varanasi,"Architecture (5 Years, Bachelor of Architecture)",AI,SC,Gender-Neutral,3795,3795,3795,3795,4075
Indian Institute of Technology (BHU) Varanasi,"Architecture (5 Years, Bachelor of Architecture)",AI,SC,Female-only (including Supernumerary),4323,4323,4323,4323,4323
Indian Institute of Technology (BHU) Varanasi,"Architecture (5 Years, Bachelor of Architecture)",AI,ST,Gender-Neutral,2177,2199,2199,2199,2199
Indian Institute of Technology (BHU) Varanasi,"Biochemical Engineering (4 Years, Bachelor of Technology)",AI,OPEN,Gender-Neutral,12133,12425,12497,12688,13511
Indian Institute of Technology (BHU) Varanasi,"Biochemical Engineering (4 Years, Bachelor of Technology)",AI,OPEN,Female-only (including Supernumerary),20974,20974,20974,20974,21149
Indian Institute of Technology (BHU) Varanasi,"Biochemical Engineering (4 Years, Bachelor of Technology)",AI,EWS,Gender-Neutral,1825,1849,1849,1849,2063
Indian Institute of Technology (BHU) Varanasi,"Biochemical Engineering (4 Years, Bachelor of Technology)",AI,OBC-NCL,Gender-Neutral,4877,4975,4975,4975,5067
Indian Institute of Technology (BHU) Varanasi,"Biochemical Engineering (4 Years, Bachelor of Technology)",AI,OBC-NCL,Female-only (including Supernumerary),8889,8889,8889,8889,8889
Indian Institute of Technology (BHU) Varanasi,"Biochemical Engineering (4 Years, Bachelor of Technology)",AI,SC,Gender-Neutral,2887,2892,2892,2892,2892
Indian Institute of Technology (BHU) Varanasi,"Biochemical Engineering (4 Years, Bachelor of Technology)",AI,SC,Female-only (including Supernumerary),4164,4164,4164,4164,4164
Indian Institute of Technology (BHU) Varanasi,"Biochemical Engineering (4 Years, Bachelor of Technology)",AI,ST,Gender-Neutral,1474,1521,1521,1521,1521
Indian Institute of Technology (BHU) Varanasi,"Biomedical Engineering (4 Years, Bachelor of Technology)",AI,OPEN,Gender-Neutral,11524,11563,11603,11865,13196
Indian Institute of Technology (BHU) Varanasi,"Biomedical Engineering (4 Years, Bachelor of Technology)",AI,OPEN,Female-only (including Supernumerary),19189,19189,19189,19189,20951
Indian Institute of Technology (BHU) Varanasi,"Biomedical Engineering (4 Years, Bachelor of Technology)",AI,EWS,Gender-Neutral,1915,1992,1992,1992,2259
Indian Institute of Technology (BHU) Varanasi,"Biomedical Engineering (4 Years, Bachelor of Technology)",AI,OBC-NCL,Gender-Neutral,4798,4798,4798,4798,5156
Indian Institute of Technology (BHU) Varanasi,"Biomedical Engineering (4 Years, Bachelor of Technology)",AI,OBC-NCL,Female-only (including Supernumerary),9291,9291,9291,9616,9616
Indian Institute of Technology (BHU) Varanasi,"Biomedical Engineering (4 Years, Bachelor of Technology)",AI,SC,Gender-Neutral,2880,2880,2880,2880,2880
Indian Institute of Technology (BHU) Varanasi,"Biomedical Engineering (4 Years, Bachelor of Technology)",AI,SC,Female-only (including Supernumerary),4184,4286,4286,4286,4286
Indian Institute of Technology (BHU) Varanasi,"Biomedical Engineering (4 Years, Bachelor of Technology)",AI,ST,Gender-Neutral,1432,1432,1432,1432,1432
Indian Institute of Technology (BHU) Varanasi,"Ceramic Engineering (4 Years, Bachelor of Technology)",AI,OPEN,Gender-Neutral,12902,13231,13261,13324,14562
Indian Institute of Technology (BHU) Varanasi,"Ceramic Engineering (4 Years, Bachelor of Technology)",AI,OPEN,Female-only (including Supernumerary),22538,22709,22709,22709,24201
Indian Institute of Technology (BHU) Varanasi,"Ceramic Engineering (4 Years, Bachelor of Technology)",AI,EWS,Gender-Neutral,1936,1974,1974,1974,2178
Indian Institute of Technology (BHU) Varanasi,"Ceramic Engineering (4 Years, Bachelor of Technology)",AI,EWS,Female-only (including Supernumerary),3428,3428,3428,3428,3788
Indian Institute of Technology (BHU) Varanasi,"Ceramic Engineering (4 Years, Bachelor of Technology)",AI,OBC-NCL,Gender-Neutral,4899,5071,5071,5071,5245
Indian Institute of Technology (BHU) Varanasi,"Ceramic Engineering (4 Years, Bachelor of Technology)",AI,OBC-NCL,Female-only (including Supernumerary),10030,10472,10472,10472,10781
Indian Institute of Technology (BHU) Varanasi,"Ceramic Engineering (4 Years, Bachelor of Technology)",AI,SC,Gender-Neutral,2898,3018,3018,3018,3078
Indian Institute of Technology (BHU) Varanasi,"Ceramic Engineering (4 Years, Bachelor of Technology)",AI,SC,Female-only (including Supernumerary),4449,4473,4473,4473,4473
Indian Institute of Technology (BHU) Varanasi,"Ceramic Engineering (4 Years, Bachelor of Technology)",AI,ST,Gender-Neutral,1460,1506,1506,1506,1506
Indian Institute of Technology (BHU) Varanasi,"Ceramic Engineering (4 Years, Bachelor of Technology)",AI,ST,Female-only (including Supernumerary),1831,1831,1831,1831,1831
Indian Institute of Technology (BHU) Varanasi,"Chemical Engineering (4 Years, Bachelor of Technology)",AI,OPEN,Gender-Neutral,8010,8223,8228,8268,9512
Indian Institute of Technology (BHU) Varanasi,"Chemical Engineering (4 Years, Bachelor of Technology)",AI,OPEN,Female-only (including Supernumerary),16571,16571,16571,16571,17224
Indian Institute of Technology (BHU) Varanasi,"Chemical Engineering (4 Years, Bachelor of Technology)",AI,OPEN (PwD),Gender-Neutral,437P,437P,437P,437P,437P
Indian Institute of Technology (BHU) Varanasi,"Chemical Engineering (4 Years, Bachelor of Technology)",AI,EWS,Gender-Neutral,1231,1263,1263,1263,1362
Indian Institute of Technology (BHU) Varanasi,"Chemical Engineering (4 Years, Bachelor of Technology)",AI,EWS,Female-only (including Supernumerary),2955,2955,2955,2955,2988
Indian Institute of Technology (BHU) Varanasi,"Chemical Engineering (4 Years, Bachelor of Technology)",AI,OBC-NCL,Gender-Neutral,3394,3555,3559,3559,3609
Indian Institute of Technology (BHU) Varanasi,"Chemical Engineering (4 Years, Bachelor of Technology)",AI,OBC-NCL,Female-only (including Supernumerary),7195,7911,7911,7911,8000
Indian Institute of Technology (BHU) Varanasi,"Chemical Engineering (4 Years, Bachelor of Technology)",AI,SC,Gender-Neutral,2004,2055,2055,2055,2055
Indian Institute of Technology (BHU) Varanasi,"Chemical Engineering (4 Years, Bachelor of Technology)",AI,SC,Female-only (including Supernumerary),3420,3443,3443,3443,3443
Indian Institute of Technology (BHU) Varanasi,"Chemical Engineering (4 Years, Bachelor of Technology)",AI,ST,Gender-Neutral,992,1118,1118,1118,1130
Indian Institute of Technology (BHU) Varanasi,"Chemical Engineering (4 Years, Bachelor of Technology)",AI,ST,Female-only (including Supernumerary),1571,1602,1602,1602,1602
Indian Institute of Technology (BHU) Varanasi,"Civil Engineering (4 Years, Bachelor of Technology)",AI,OPEN,Gender-Neutral,10722,10959,11075,11111,12331
Indian Institute of Technology (BHU) Varanasi,"Civil Engineering (4 Years, Bachelor of Technology)",AI,OPEN,Female-only (including Supernumerary),18944,18944,18944,19096,20902
Indian Institute of Technology (BHU) Varanasi,"Civil Engineering (4 Years, Bachelor of Technology)",AI,OPEN (PwD),Gender-Neutral,517P,,,,
Indian Institute of Technology (BHU) Varanasi,"Civil Engineering (4 Years, Bachelor of Technology)",AI,EWS,Gender-Neutral,1505,1660,1670,1670,1936
Indian Institute of Technology (BHU) Varanasi,"Civil Engineering (4 Years, Bachelor of Technology)",AI,EWS,Female-only (including Supernumerary),3131,3140,3140,3140,3423
Indian Institute of Technology (BHU) Varanasi,"Civil Engineering (4 Years, Bachelor of Technology)",AI,OBC-NCL,Gender-Neutral,3834,3925,3925,3925,3980
Indian Institute of Technology (BHU) Varanasi,"Civil Engineering (4 Years, Bachelor of Technology)",AI,OBC-NCL,Female-only (including Supernumerary),8051,8268,8268,8268,8291
Indian Institute of Technology (BHU) Varanasi,"Civil Engineering (4 Years, Bachelor of Technology)",AI,SC,Gender-Neutral,2245,2259,2259,2259,2312
Indian Institute of Technology (BHU) Varanasi,"Civil Engineering (4 Years, Bachelor of Technology)",AI,SC,Female-only (including Supernumerary),3541,3665,3665,3665,3665
Indian Institute of Technology (BHU) Varanasi,"Civil Engineering (4 Years, Bachelor of Technology)",AI,ST,Gender-Neutral,772,783,783,783,783
Indian Institute of Technology (BHU) Varanasi,"Civil Engineering (4 Years, Bachelor of Technology)",AI,ST,Female-only (including Supernumerary),1008,1008,1008,1008,1008
Indian Institute of Technology (BHU) Varanasi,"Computer Science and Engineering (4 Years, Bachelor of Technology)",AI,OPEN,Gender-Neutral,1436,1436,1436,1436,1439
Indian Institute of Technology (BHU) Varanasi,"Computer Science and Engineering (4 Years, Bachelor of Technology)",AI,OPEN,Female-only (including Supernumerary),4270,4270,4270,4270,4270
Indian Institute of Technology (BHU) Varanasi,"Computer Science and Engineering (4 Years, Bachelor of Technology)",AI,OPEN (PwD),Gender-Neutral,66,66,66,66,66
Indian Institute of Technology (BHU) Varanasi,"Computer Science and Engineering (4 Years, Bachelor of Technology)",AI,OPEN (PwD),Female-only (including Supernumerary),188,188,188,188,188
Indian Institute of Technology (BHU) Varanasi,"Computer Science and Engineering (4 Years, Bachelor of Technology)",AI,EWS,Gender-Neutral,245,245,245,245,245
Indian Institute of Technology (BHU) Varanasi,"Computer Science and Engineering (4 Years, Bachelor of Technology)",AI,EWS,Female-only (including Supernumerary),798,798,798,798,798
Indian Institute of Technology (BHU) Varanasi,"Computer Science and Engineering (4 Years, Bachelor of Technology)",AI,EWS (PwD),Gender-Neutral,15,17,17,17,17
Indian Institute of Technology (BHU) Varanasi,"Computer Science and Engineering (4 Years, Bachelor of Technology)",AI,OBC-NCL,Gender-Neutral,601,601,601,601,601
Indian Institute of Technology (BHU) Varanasi,"Computer Science and Engineering (4 Years, Bachelor of Technology)",AI,OBC-NCL,Female-only (including Supernumerary),1857,1857,1857,1857,1857
Indian Institute of Technology (BHU) Varanasi,"Computer Science and Engineering (4 Years, Bachelor of Technology)",AI,OBC-NCL (PwD),Gender-Neutral,46,46,46,46,46
Indian Institute of Technology (BHU) Varanasi,"Computer Science and Engineering (4 Years, Bachelor of Technology)",AI,OBC-NCL (PwD),Female-only (including Supernumerary),79,79,79,79,79
Indian Institute of Technology (BHU) Varanasi,"Computer Science and Engineering (4 Years, Bachelor of Technology)",AI,SC,Gender-Neutral,313,313,313,313,373
Indian Institute of Technology (BHU) Varanasi,"Computer Science and Engineering (4 Years, Bachelor of Technology)",AI,SC,Female-only (including Supernumerary),815,895,895,895,895
Indian Institute of Technology (BHU) Varanasi,"Computer Science and Engineering (4 Years, Bachelor of Technology)",AI,SC (PwD),Gender-Neutral,10P,10P,10P,10P,10P
Indian Institute of Technology (BHU) Varanasi,"Computer Science and Engineering (4 Years, Bachelor of Technology)",AI,SC (PwD),Female-only (including Supernumerary),6P,,,,
Indian Institute of Technology (BHU) Varanasi,"Computer Science and Engineering (4 Years, Bachelor of Technology)",AI,ST,Gender-Neutral,161,170,170,170,170
Indian Institute of Technology (BHU) Varanasi,"Computer Science and Engineering (4 Years, Bachelor of Technology)",AI,ST,Female-only (including Supernumerary),243,243,243,243,243
Indian Institute of Technology (BHU) Varanasi,"Computer Science and Engineering (4 Years, Bachelor of Technology)",AI,ST (PwD),Gender-Neutral,5P,5P,5P,5P,5P
Indian Institute of Technology (BHU) Varanasi,"Electrical Engineering (4 Years, Bachelor of Technology)",AI,OPEN,Gender-Neutral,3637,3637,3637,3637,3879
Indian Institute of Technology (BHU) Varanasi,"Electrical Engineering (4 Years, Bachelor of Technology)",AI,OPEN,Female-only (including Supernumerary),8227,8227,8227,8227,8959
Indian Institute of Technology (BHU) Varanasi,"Electrical Engineering (4 Years, Bachelor of Technology)",AI,OPEN (PwD),Gender-Neutral,313,26P,26P,26P,51P
Indian Institute of Technology (BHU) Varanasi,"Electrical Engineering (4 Years, Bachelor of Technology)",AI,EWS,Gender-Neutral,513,539,539,539,617
Indian Institute of Technology (BHU) Varanasi,"Electrical Engineering (4 Years, Bachelor of Technology)",AI,EWS,Female-only (including Supernumerary),1482,1482,1482,1482,1482
Indian Institute of Technology (BHU) Varanasi,"Electrical Engineering (4 Years, Bachelor of Technology)",AI,EWS (PwD),Gender-Neutral,14P,73P,73P,73P,73P
Indian Institute of Technology (BHU) Varanasi,"Electrical Engineering (4 Years, Bachelor of Technology)",AI,OBC-NCL,Gender-Neutral,1497,1522,1522,1522,1529
Indian Institute of Technology (BHU) Varanasi,"Electrical Engineering (4 Years, Bachelor of Technology)",AI,OBC-NCL,Female-only (including Supernumerary),3440,3563,3563,3563,3692
Indian Institute of Technology (BHU) Varanasi,"Electrical Engineering (4 Years, Bachelor of Technology)",AI,OBC-NCL (PwD),Gender-Neutral,53P,53P,53P,53P,53P
Indian Institute of Technology (BHU) Varanasi,"Electrical Engineering (4 Years, Bachelor of Technology)",AI,SC,Gender-Neutral,936,955,955,955,955
Indian Institute of Technology (BHU) Varanasi,"Electrical Engineering (4 Years, Bachelor of Technology)",AI,SC,Female-only (including Supernumerary),1943,1976,1976,1976,1976
Indian Institute of Technology (BHU) Varanasi,"Electrical Engineering (4 Years, Bachelor of Technology)",AI,ST,Gender-Neutral,480,480,480,480,480
Indian Institute of Technology (BHU) Varanasi,"Electrical Engineering (4 Years, Bachelor of Technology)",AI,ST,Female-only (including Supernumerary),889,889,889,889,889
Indian Institute of Technology (BHU) Varanasi,"Electronics Engineering (4 Years, Bachelor of Technology)",AI,OPEN,Gender-Neutral,2702,2727,2727,2727,2809
Indian Institute of Technology (BHU) Varanasi,"Electronics Engineering (4 Years, Bachelor of Technology)",AI,OPEN,Female-only (including Supernumerary),6502,6502,6502,6534,6557
Indian Institute of Technology (BHU) Varanasi,"Electronics Engineering (4 Years, Bachelor of Technology)",AI,OPEN (PwD),Gender-Neutral,220,220,220,220,220
Indian Institute of Technology (BHU) Varanasi,"Electronics Engineering (4 Years, Bachelor of Technology)",AI,OPEN (PwD),Female-only (including Supernumerary),221P,221P,221P,221P,221P
Indian Institute of Technology (BHU) Varanasi,"Electronics Engineering (4 Years, Bachelor of Technology)",AI,EWS,Gender-Neutral,408,416,416,416,421
Indian Institute of Technology (BHU) Varanasi,"Electronics Engineering (4 Years, Bachelor of Technology)",AI,EWS,Female-only (including Supernumerary),1369,1369,1369,1369,1369
Indian Institute of Technology (BHU) Varanasi,"Electronics Engineering (4 Years, Bachelor of Technology)",AI,EWS (PwD),Gender-Neutral,24P,24P,24P,24P,24P
Indian Institute of Technology (BHU) Varanasi,"Electronics Engineering (4 Years, Bachelor of Technology)",AI,OBC-NCL,Gender-Neutral,1167,1187,1187,1187,1189
Indian Institute of Technology (BHU) Varanasi,"Electronics Engineering (4 Years, Bachelor of Technology)",AI,OBC-NCL,Female-only (including Supernumerary),2919,3018,3018,3018,3018
Indian Institute of Technology (BHU) Varanasi,"Electronics Engineering (4 Years, Bachelor of Technology)",AI,OBC-NCL (PwD),Gender-Neutral,122,5P,5P,5P,5P
Indian Institute of Technology (BHU) Varanasi,"Electronics Engineering (4 Years, Bachelor of Technology)",AI,OBC-NCL (PwD),Female-only (including Supernumerary),216P,,,,
Indian Institute of Technology (BHU) Varanasi,"Electronics Engineering (4 Years, Bachelor of Technology)",AI,SC,Gender-Neutral,762,766,766,766,777
Indian Institute of Technology (BHU) Varanasi,"Electronics Engineering (4 Years, Bachelor of Technology)",AI,SC,Female-only (including Supernumerary),1701,1701,1701,1701,1701
Indian Institute of Technology (BHU) Varanasi,"Electronics Engineering (4 Years, Bachelor of Technology)",AI,ST,Gender-Neutral,482,482,482,482,482
Indian Institute of Technology (BHU) Varanasi,"Electronics Engineering (4 Years, Bachelor of Technology)",AI,ST,Female-only (including Supernumerary),812,812,812,812,812
Indian Institute of Technology (BHU) Varanasi,"Engineering Physics (4 Years, Bachelor of Technology)",AI,OPEN,Gender-Neutral,7229,7370,7370,7370,7798
Indian Institute of Technology (BHU) Varanasi,"Engineering Physics (4 Years, Bachelor of Technology)",AI,OPEN,Female-only (including Supernumerary),15602,15602,15602,15602,15604
Indian Institute of Technology (BHU) Varanasi,"Engineering Physics (4 Years, Bachelor of Technology)",AI,OPEN (PwD),Gender-Neutral,542P,542P,542P,542P,542P
Indian Institute of Technology (BHU) Varanasi,"Engineering Physics (4 Years, Bachelor of Technology)",AI,EWS,Gender-Neutral,1155,1320,1320,1320,1424
Indian Institute of Technology (BHU) Varanasi,"Engineering Physics (4 Years, Bachelor of Technology)",AI,EWS,Female-only (including Supernumerary),2473,2473,2473,2473,2473
Indian Institute of Technology (BHU) Varanasi,"Engineering Physics (4 Years, Bachelor of Technology)",AI,OBC-NCL,Gender-Neutral,3490,3601,3601,3601,3620
Indian Institute of Technology (BHU) Varanasi,"Engineering Physics (4 Years, Bachelor of Technology)",AI,OBC-NCL,Female-only (including Supernumerary),7552,7552,7552,7552,7552
Indian Institute of Technology (BHU) Varanasi,"Engineering Physics (4 Years, Bachelor of Technology)",AI,SC,Gender-Neutral,2124,2140,2140,2140,2195
Indian Institute of Technology (BHU) Varanasi,"Engineering Physics (4 Years, Bachelor of Technology)",AI,SC,Female-only (including Supernumerary),2604,3650,3650,3650,3650
Indian Institute of Technology (BHU) Varanasi,"Engineering Physics (4 Years, Bachelor of Technology)",AI,ST,Gender-Neutral,1210,1240,1240,1240,1240
Indian Institute of Technology (BHU) Varanasi,"Industrial Chemistry (4 Years, Bachelor of Technology)",AI,OPEN,Gender-Neutral,10739,10861,10925,11196,12340
Indian Institute of Technology (BHU) Varanasi,"Industrial Chemistry (4 Years, Bachelor of Technology)",AI,OPEN,Female-only (including Supernumerary),19887,19887,19887,19887,20601
Indian Institute of Technology (BHU) Varanasi,"Industrial Chemistry (4 Years, Bachelor of Technology)",AI,EWS,Gender-Neutral,1618,1618,1618,1618,2090
Indian Institute of Technology (BHU) Varanasi,"Industrial Chemistry (4 Years, Bachelor of Technology)",AI,EWS,Female-only (including Supernumerary),3555,3555,3555,3555,3555
Indian Institute of Technology (BHU) Varanasi,"Industrial Chemistry (4 Years, Bachelor of Technology)",AI,OBC-NCL,Gender-Neutral,4389,4674,4674,4674,4681
Indian Institute of Technology (BHU) Varanasi,"Industrial Chemistry (4 Years, Bachelor of Technology)",AI,OBC-NCL,Female-only (including Supernumerary),9259,9259,9259,9291,10245
Indian Institute of Technology (BHU) Varanasi,"Industrial Chemistry (4 Years, Bachelor of Technology)",AI,SC,Gender-Neutral,2720,2749,2749,2749,2780
Indian Institute of Technology (BHU) Varanasi,"Industrial Chemistry (4 Years, Bachelor of Technology)",AI,SC,Female-only (including Supernumerary),3650,4504,4504,4504,4504
Indian Institute of Technology (BHU) Varanasi,"Industrial Chemistry (4 Years, Bachelor of Technology)",AI,ST,Gender-Neutral,1407,1407,1407,1407,1407
Indian Institute of Technology (BHU) Varanasi,"Materials Science and Technology (4 Years, Bachelor of Technology)",AI,OPEN,Gender-Neutral,9257,9429,9560,9560,9905
Indian Institute of Technology (BHU) Varanasi,"Materials Science and Technology (4 Years, Bachelor of Technology)",AI,OPEN,Female-only (including Supernumerary),17574,17574,17574,17574,17773
Indian Institute of Technology (BHU) Varanasi,"Materials Science and Technology (4 Years, Bachelor of Technology)",AI,EWS,Gender-Neutral,1579,1579,1579,1579,1671
Indian Institute of Technology (BHU) Varanasi,"Materials Science and Technology (4 Years, Bachelor of Technology)",AI,EWS,Female-only (including Supernumerary),3522,3522,3522,3522,3522
Indian Institute of Technology (BHU) Varanasi,"Materials Science and Technology (4 Years, Bachelor of Technology)",AI,OBC-NCL,Gender-Neutral,3886,4158,4158,4193,4257
Indian Institute of Technology (BHU) Varanasi,"Materials Science and Technology (4 Years, Bachelor of Technology)",AI,OBC-NCL,Female-only (including Supernumerary),8113,8326,8326,8326,8326
Indian Institute of Technology (BHU) Varanasi,"Materials Science and Technology (4 Years, Bachelor of Technology)",AI,SC,Gender-Neutral,2313,2459,2459,2459,2573
Indian Institute of Technology (BHU) Varanasi,"Materials Science and Technology (4 Years, Bachelor of Technology)",AI,SC,Female-only (including Supernumerary),3583,3583,3583,3583,3583
Indian Institute of Technology (BHU) Varanasi,"Materials Science and Technology (4 Years, Bachelor of Technology)",AI,ST,Gender-Neutral,1331,1367,1367,1367,1367
Indian Institute of Technology (BHU) Varanasi,"Mathematics and Computing (4 Years, Bachelor of Technology)",AI,OPEN,Gender-Neutral,1854,1870,1870,1870,1923
Indian Institute of Technology (BHU) Varanasi,"Mathematics and Computing (4 Years, Bachelor of Technology)",AI,OPEN,Female-only (including Supernumerary),5284,5284,5284,5284,5284
Indian Institute of Technology (BHU) Varanasi,"Mathematics and Computing (4 Years, Bachelor of Technology)",AI,OPEN (PwD),Gender-Neutral,105,200,200,200,200
Indian Institute of Technology (BHU) Varanasi,"Mathematics and Computing (4 Years, Bachelor of Technology)",AI,OPEN (PwD),Female-only (including Supernumerary),258,258,258,258,258
Indian Institute of Technology (BHU) Varanasi,"Mathematics and Computing (4 Years, Bachelor of Technology)",AI,EWS,Gender-Neutral,284,290,290,290,290
Indian Institute of Technology (BHU) Varanasi,"Mathematics and Computing (4 Years, Bachelor of Technology)",AI,EWS,Female-only (including Supernumerary),889,889,889,889,889
Indian Institute of Technology (BHU) Varanasi,"Mathematics and Computing (4 Years, Bachelor of Technology)",AI,OBC-NCL,Gender-Neutral,826,845,845,845,845
Indian Institute of Technology (BHU) Varanasi,"Mathematics and Computing (4 Years, Bachelor of Technology)",AI,OBC-NCL,Female-only (including Supernumerary),2421,2505,2505,2505,2505
Indian Institute of Technology (BHU) Varanasi,"Mathematics and Computing (4 Years, Bachelor of Technology)",AI,OBC-NCL (PwD),Gender-Neutral,112,112,112,112,112
Indian Institute of Technology (BHU) Varanasi,"Mathematics and Computing (4 Years, Bachelor of Technology)",AI,SC,Gender-Neutral,467,467,467,467,467
Indian Institute of Technology (BHU) Varanasi,"Mathematics and Computing (4 Years, Bachelor of Technology)",AI,SC,Female-only (including Supernumerary),1513,1547,1547,1547,1547
Indian Institute of Technology (BHU) Varanasi,"Mathematics and Computing (4 Years, Bachelor of Technology)",AI,ST,Gender-Neutral,287,287,287,287,287
Indian Institute of Technology (BHU) Varanasi,"Mathematics and Computing (4 Years, Bachelor of Technology)",AI,ST,Female-only (including Supernumerary),347,347,347,347,347
Indian Institute of Technology (BHU) Varanasi,"Mechanical Engineering (4 Years, Bachelor of Technology)",AI,OPEN,Gender-Neutral,7035,7221,7289,7296,8010
Indian Institute of Technology (BHU) Varanasi,"Mechanical Engineering (4 Years, Bachelor of Technology)",AI,OPEN,Female-only (including Supernumerary),16077,16077,16077,16077,16502
Indian Institute of Technology (BHU) Varanasi,"Mechanical Engineering (4 Years, Bachelor of Technology)",AI,OPEN (PwD),Gender-Neutral,414P,519P,519P,519P,519P
Indian Institute of Technology (BHU) Varanasi,"Mechanical Engineering (4 Years, Bachelor of Technology)",AI,EWS,Gender-Neutral,1051,1074,1074,1074,1098
Indian Institute of Technology (BHU) Varanasi,"Mechanical Engineering (4 Years, Bachelor of Technology)",AI,EWS,Female-only (including Supernumerary),2670,2670,2670,2670,2826
Indian Institute of Technology (BHU) Varanasi,"Mechanical Engineering (4 Years, Bachelor of Technology)",AI,OBC-NCL,Gender-Neutral,2760,3038,3081,3081,3175
Indian Institute of Technology (BHU) Varanasi,"Mechanical Engineering (4 Years, Bachelor of Technology)",AI,OBC-NCL,Female-only (including Supernumerary),6729,6745,6745,6745,7082
Indian Institute of Technology (BHU) Varanasi,"Mechanical Engineering (4 Years, Bachelor of Technology)",AI,SC,Gender-Neutral,1681,1770,1770,1770,1809
Indian Institute of Technology (BHU) Varanasi,"Mechanical Engineering (4 Years, Bachelor of Technology)",AI,SC,Female-only (including Supernumerary),3120,3120,3120,3120,3120
Indian Institute of Technology (BHU) Varanasi,"Mechanical Engineering (4 Years, Bachelor of Technology)",AI,ST,Gender-Neutral,830,852,852,852,871
Indian Institute of Technology (BHU) Varanasi,"Mechanical Engineering (4 Years, Bachelor of Technology)",AI,ST,Female-only (including Supernumerary),1459,1570,1570,1570,1570
Indian Institute of Technology (BHU) Varanasi,"Metallurgical Engineering (4 Years, Bachelor of Technology)",AI,OPEN,Gender-Neutral,11592,11813,11813,11835,12952
Indian Institute of Technology (BHU) Varanasi,"Metallurgical Engineering (4 Years, Bachelor of Technology)",AI,OPEN,Female-only (including Supernumerary),20332,20951,20951,20951,22297
Indian Institute of Technology (BHU) Varanasi,"Metallurgical Engineering (4 Years, Bachelor of Technology)",AI,EWS,Gender-Neutral,1794,1845,1845,1845,1966
Indian Institute of Technology (BHU) Varanasi,"Metallurgical Engineering (4 Years, Bachelor of Technology)",AI,EWS,Female-only (including Supernumerary),3559,3609,3609,3609,3609
Indian Institute of Technology (BHU) Varanasi,"Metallurgical Engineering (4 Years, Bachelor of Technology)",AI,OBC-NCL,Gender-Neutral,4269,4344,4344,4344,4494
Indian Institute of Technology (BHU) Varanasi,"Metallurgical Engineering (4 Years, Bachelor of Technology)",AI,OBC-NCL,Female-only (including Supernumerary),8629,9126,9126,9259,9300
Indian Institute of Technology (BHU) Varanasi,"Metallurgical Engineering (4 Years, Bachelor of Technology)",AI,SC,Gender-Neutral,2642,2651,2651,2651,2656
Indian Institute of Technology (BHU) Varanasi,"Metallurgical Engineering (4 Years, Bachelor of Technology)",AI,SC,Female-only (including Supernumerary),3925,4274,4274,4274,4274
Indian Institute of Technology (BHU) Varanasi,"Metallurgical Engineering (4 Years, Bachelor of Technology)",AI,ST,Gender-Neutral,1322,1430,1430,1430,1430
Indian Institute of Technology (BHU) Varanasi,"Metallurgical Engineering (4 Years, Bachelor of Technology)",AI,ST,Female-only (including Supernumerary),1778,1787,1787,1787,1853
Indian Institute of Technology (BHU) Varanasi,"Mining Engineering (4 Years, Bachelor of Technology)",AI,OPEN,Gender-Neutral,13473,13863,13919,13944,15019
Indian Institute of Technology (BHU) Varanasi,"Mining Engineering (4 Years, Bachelor of Technology)",AI,OPEN,Female-only (including Supernumerary),24828,24828,24879,24893,25332
Indian Institute of Technology (BHU) Varanasi,"Mining Engineering (4 Years, Bachelor of Technology)",AI,EWS,Gender-Neutral,2000,2082,2082,2082,2306
Indian Institute of Technology (BHU) Varanasi,"Mining Engineering (4 Years, Bachelor of Technology)",AI,EWS,Female-only (including Supernumerary),3716,3716,3716,3716,4023
Indian Institute of Technology (BHU) Varanasi,"Mining Engineering (4 Years, Bachelor of Technology)",AI,OBC-NCL,Gender-Neutral,5031,5186,5186,5186,5329
Indian Institute of Technology (BHU) Varanasi,"Mining Engineering (4 Years, Bachelor of Technology)",AI,OBC-NCL,Female-only (including Supernumerary),10302,10517,10517,10517,10900
Indian Institute of Technology (BHU) Varanasi,"Mining Engineering (4 Years, Bachelor of Technology)",AI,SC,Gender-Neutral,2921,2981,2981,2981,3017
Indian Institute of Technology (BHU) Varanasi,"Mining Engineering (4 Years, Bachelor of Technology)",AI,SC,Female-only (including Supernumerary),4519,4691,4691,4691,4721
Indian Institute of Technology (BHU) Varanasi,"Mining Engineering (4 Years, Bachelor of Technology)",AI,ST,Gender-Neutral,1367,1399,1399,1399,1399
Indian Institute of Technology (BHU) Varanasi,"Mining Engineering (4 Years, Bachelor of Technology)",AI,ST,Female-only (including Supernumerary),1851,1956,1956,1956,1966
Indian Institute of Technology (BHU) Varanasi,"Pharmaceutical Engineering & Technology (4 Years, Bachelor of Technology)",AI,OPEN,Gender-Neutral,13991,14204,14208,14208,15894
Indian Institute of Technology (BHU) Varanasi,"Pharmaceutical Engineering & Technology (4 Years, Bachelor of Technology)",AI,OPEN,Female-only (including Supernumerary),22765,22765,22765,22765,22915
Indian Institute of Technology (BHU) Varanasi,"Pharmaceutical Engineering & Technology (4 Years, Bachelor of Technology)",AI,EWS,Gender-Neutral,2062,2161,2161,2161,2401
Indian Institute of Technology (BHU) Varanasi,"Pharmaceutical Engineering & Technology (4 Years, Bachelor of Technology)",AI,EWS,Female-only (including Supernumerary),3613,3788,3788,3788,4596
Indian Institute of Technology (BHU) Varanasi,"Pharmaceutical Engineering & Technology (4 Years, Bachelor of Technology)",AI,OBC-NCL,Gender-Neutral,5424,5660,5660,5660,5776
Indian Institute of Technology (BHU) Varanasi,"Pharmaceutical Engineering & Technology (4 Years, Bachelor of Technology)",AI,OBC-NCL,Female-only (including Supernumerary),9371,10478,10478,10478,10915
Indian Institute of Technology (BHU) Varanasi,"Pharmaceutical Engineering & Technology (4 Years, Bachelor of Technology)",AI,SC,Gender-Neutral,3080,3173,3173,3173,3173
Indian Institute of Technology (BHU) Varanasi,"Pharmaceutical Engineering & Technology (4 Years, Bachelor of Technology)",AI,SC,Female-only (including Supernumerary),4418,4418,4418,4418,4437
Indian Institute of Technology (BHU) Varanasi,"Pharmaceutical Engineering & Technology (4 Years, Bachelor of Technology)",AI,ST,Gender-Neutral,1504,1587,1587,1587,1620
Indian Institute of Technology (BHU) Varanasi,"Pharmaceutical Engineering & Technology (4 Years, Bachelor of Technology)",AI,ST,Female-only (including Supernumerary),1956,1998,1998,1998,1998
Indian Institute of Technology Guwahati,"Biosciences and Bioengineering (4 Years, Bachelor of Technology)",AI,OPEN,Gender-Neutral,10525,10732,10732,10811,12170
Indian Institute of Technology Guwahati,"Biosciences and Bioengineering (4 Years, Bachelor of Technology)",AI,OPEN,Female-only (including Supernumerary),17386,17386,17573,17573,19195
Indian Institute of Technology Guwahati,"Biosciences and Bioengineering (4 Years, Bachelor of Technology)",AI,EWS,Gender-Neutral,1596,1755,1755,1755,1908
Indian Institute of Technology Guwahati,"Biosciences and Bioengineering (4 Years, Bachelor of Technology)",AI,EWS,Female-only (including Supernumerary),3350,3350,3350,3350,3461
Indian Institute of Technology Guwahati,"Biosciences and Bioengineering (4 Years, Bachelor of Technology)",AI,OBC-NCL,Gender-Neutral,4242,4342,4342,4342,4389
Indian Institute of Technology Guwahati,"Biosciences and Bioengineering (4 Years, Bachelor of Technology)",AI,OBC-NCL,Female-only (including Supernumerary),8762,8987,8987,8987,8987
Indian Institute of Technology Guwahati,"Biosciences and Bioengineering (4 Years, Bachelor of Technology)",AI,SC,Gender-Neutral,2577,2745,2745,2745,2786
Indian Institute of Technology Guwahati,"Biosciences and Bioengineering (4 Years, Bachelor of Technology)",AI,SC,Female-only (including Supernumerary),3939,4269,4269,4269,4269
Indian Institute of Technology Guwahati,"Biosciences and Bioengineering (4 Years, Bachelor of Technology)",AI,ST,Gender-Neutral,1311,1429,1429,1429,1449
Indian Institute of Technology Guwahati,"Biosciences and Bioengineering (4 Years, Bachelor of Technology)",AI,ST,Female-only (including Supernumerary),1591,1591,1591,1591,1591
Indian Institute of Technology Guwahati,"Chemical Engineering (4 Years, Bachelor of Technology)",AI,OPEN,Gender-Neutral,6222,6233,6248,6258,6915
Indian Institute of Technology Guwahati,"Chemical Engineering (4 Years, Bachelor of Technology)",AI,OPEN,Female-only (including Supernumerary),13465,13465,13465,13465,13534
Indian Institute of Technology Guwahati,"Chemical Engineering (4 Years, Bachelor of Technology)",AI,OPEN (PwD),Gender-Neutral,41P,41P,41P,41P,41P
Indian Institute of Technology Guwahati,"Chemical Engineering (4 Years, Bachelor of Technology)",AI,EWS,Gender-Neutral,995,1081,1081,1081,1124
Indian Institute of Technology Guwahati,"Chemical Engineering (4 Years, Bachelor of Technology)",AI,EWS,Female-only (including Supernumerary),2440,2440,2440,2440,2440
Indian Institute of Technology Guwahati,"Chemical Engineering (4 Years, Bachelor of Technology)",AI,EWS (PwD),Gender-Neutral,80P,,,,
Indian Institute of Technology Guwahati,"Chemical Engineering (4 Years, Bachelor of Technology)",AI,OBC-NCL,Gender-Neutral,2555,2777,2777,2777,2844
Indian Institute of Technology Guwahati,"Chemical Engineering (4 Years, Bachelor of Technology)",AI,OBC-NCL,Female-only (including Supernumerary),6110,6606,6606,6606,6606
Indian Institute of Technology Guwahati,"Chemical Engineering (4 Years, Bachelor of Technology)",AI,SC,Gender-Neutral,1586,1638,1638,1638,1638
Indian Institute of Technology Guwahati,"Chemical Engineering (4 Years, Bachelor of Technology)",AI,SC,Female-only (including Supernumerary),2660,2668,2668,2668,2668
Indian Institute of Technology Guwahati,"Chemical Engineering (4 Years, Bachelor of Technology)",AI,ST,Gender-Neutral,881,949,949,949,949
Indian Institute of Technology Guwahati,"Chemical Engineering (4 Years, Bachelor of Technology)",AI,ST,Female-only (including Supernumerary),1433,1433,1433,1433,1433
Indian Institute of Technology Guwahati,"Chemical Science and Technology (4 Years, Bachelor of Technology)",AI,OPEN,Gender-Neutral,8138,8369,8369,8449,9262
Indian Institute of Technology Guwahati,"Chemical Science and Technology (4 Years, Bachelor of Technology)",AI,OPEN,Female-only (including Supernumerary),15641,15641,15641,15641,16897
Indian Institute of Technology Guwahati,"Chemical Science and Technology (4 Years, Bachelor of Technology)",AI,OPEN (PwD),Gender-Neutral,40P,,,,
Indian Institute of Technology Guwahati,"Chemical Science and Technology (4 Years, Bachelor of Technology)",AI,EWS,Gender-Neutral,1254,1479,1479,1479,1499
Indian Institute of Technology Guwahati,"Chemical Science and Technology (4 Years, Bachelor of Technology)",AI,EWS,Female-only (including Supernumerary),3035,3035,3035,3035,3035
Indian Institute of Technology Guwahati,"Chemical Science and Technology (4 Years, Bachelor of Technology)",AI,OBC-NCL,Gender-Neutral,3382,3496,3496,3496,3502
Indian Institute of Technology Guwahati,"Chemical Science and Technology (4 Years, Bachelor of Technology)",AI,OBC-NCL,Female-only (including Supernumerary),6830,7675,7675,7675,7675
Indian Institute of Technology Guwahati,"Chemical Science and Technology (4 Years, Bachelor of Technology)",AI,SC,Gender-Neutral,2074,2152,2152,2152,2153
Indian Institute of Technology Guwahati,"Chemical Science and Technology (4 Years, Bachelor of Technology)",AI,SC,Female-only (including Supernumerary),3591,3591,3591,3591,3591
Indian Institute of Technology Guwahati,"Chemical Science and Technology (4 Years, Bachelor of Technology)",AI,ST,Gender-Neutral,1100,1103,1103,1103,1103
Indian Institute of Technology Guwahati,"Chemical Science and Technology (4 Years, Bachelor of Technology)",AI,ST,Female-only (including Supernumerary),1450,1450,1450,1450,1450
Indian Institute of Technology Guwahati,"Civil Engineering (4 Years, Bachelor of Technology)",AI,OPEN,Gender-Neutral,8836,9020,9048,9073,9883
Indian Institute of Technology Guwahati,"Civil Engineering (4 Years, Bachelor of Technology)",AI,OPEN,Female-only (including Supernumerary),17282,17282,17282,17282,17941
Indian Institute of Technology Guwahati,"Civil Engineering (4 Years, Bachelor of Technology)",AI,OPEN (PwD),Gender-Neutral,499P,499P,499P,499P,499P
Indian Institute of Technology Guwahati,"Civil Engineering (4 Years, Bachelor of Technology)",AI,EWS,Gender-Neutral,1297,1402,1413,1423,1505
Indian Institute of Technology Guwahati,"Civil Engineering (4 Years, Bachelor of Technology)",AI,EWS,Female-only (including Supernumerary),2893,2893,2893,2893,3006
Indian Institute of Technology Guwahati,"Civil Engineering (4 Years, Bachelor of Technology)",AI,OBC-NCL,Gender-Neutral,3493,3573,3577,3577,3639
Indian Institute of Technology Guwahati,"Civil Engineering (4 Years, Bachelor of Technology)",AI,OBC-NCL,Female-only (including Supernumerary),7572,7687,7687,7687,7988
Indian Institute of Technology Guwahati,"Civil Engineering (4 Years, Bachelor of Technology)",AI,SC,Gender-Neutral,1948,1994,1994,1994,2067
Indian Institute of Technology Guwahati,"Civil Engineering (4 Years, Bachelor of Technology)",AI,SC,Female-only (including Supernumerary),3429,3429,3429,3429,3429
Indian Institute of Technology Guwahati,"Civil Engineering (4 Years, Bachelor of Technology)",AI,ST,Gender-Neutral,725,726,726,726,726
Indian Institute of Technology Guwahati,"Civil Engineering (4 Years, Bachelor of Technology)",AI,ST,Female-only (including Supernumerary),875,875,875,875,875
Indian Institute of Technology Guwahati,"Computer Science and Engineering (4 Years, Bachelor of Technology)",AI,OPEN,Gender-Neutral,810,810,810,810,822
Indian Institute of Technology Guwahati,"Computer Science and Engineering (4 Years, Bachelor of Technology)",AI,OPEN,Female-only (including Supernumerary),2903,2903,2903,2903,2903
Indian Institute of Technology Guwahati,"Computer Science and Engineering (4 Years, Bachelor of Technology)",AI,OPEN (PwD),Gender-Neutral,39,39,39,39,39
Indian Institute of Technology Guwahati,"Computer Science and Engineering (4 Years, Bachelor of Technology)",AI,EWS,Gender-Neutral,120,120,122,122,122
Indian Institute of Technology Guwahati,"Computer Science and Engineering (4 Years, Bachelor of Technology)",AI,EWS,Female-only (including Supernumerary),352,352,352,352,352
Indian Institute of Technology Guwahati,"Computer Science and Engineering (4 Years, Bachelor of Technology)",AI,EWS (PwD),Gender-Neutral,10,15,15,15,15
Indian Institute of Technology Guwahati,"Computer Science and Engineering (4 Years, Bachelor of Technology)",AI,OBC-NCL,Gender-Neutral,383,392,392,392,392
Indian Institute of Technology Guwahati,"Computer Science and Engineering (4 Years, Bachelor of Technology)",AI,OBC-NCL,Female-only (including Supernumerary),1155,1183,1183,1183,1183
Indian Institute of Technology Guwahati,"Computer Science and Engineering (4 Years, Bachelor of Technology)",AI,OBC-NCL (PwD),Gender-Neutral,15,15,15,15,15
Indian Institute of Technology Guwahati,"Computer Science and Engineering (4 Years, Bachelor of Technology)",AI,OBC-NCL (PwD),Female-only (including Supernumerary),63,63,63,63,63
Indian Institute of Technology Guwahati,"Computer Science and Engineering (4 Years, Bachelor of Technology)",AI,SC,Gender-Neutral,184,191,191,191,201
Indian Institute of Technology Guwahati,"Computer Science and Engineering (4 Years, Bachelor of Technology)",AI,SC,Female-only (including Supernumerary),617,617,617,617,617
Indian Institute of Technology Guwahati,"Computer Science and Engineering (4 Years, Bachelor of Technology)",AI,ST,Gender-Neutral,94,98,98,98,98
Indian Institute of Technology Guwahati,"Computer Science and Engineering (4 Years, Bachelor of Technology)",AI,ST,Female-only (including Supernumerary),224,224,224,224,224
Indian Institute of Technology Guwahati,"Data Science and Artificial Intelligence (4 Years, Bachelor of Technology)",AI,OPEN,Gender-Neutral,1259,1262,1262,1262,1286
Indian Institute of Technology Guwahati,"Data Science and Artificial Intelligence (4 Years, Bachelor of Technology)",AI,OPEN,Female-only (including Supernumerary),3291,3291,3291,3291,3291
Indian Institute of Technology Guwahati,"Data Science and Artificial Intelligence (4 Years, Bachelor of Technology)",AI,OPEN (PwD),Gender-Neutral,81,81,81,81,81
Indian Institute of Technology Guwahati,"Data Science and Artificial Intelligence (4 Years, Bachelor of Technology)",AI,OPEN (PwD),Female-only (including Supernumerary),91,91,91,91,91
Indian Institute of Technology Guwahati,"Data Science and Artificial Intelligence (4 Years, Bachelor of Technology)",AI,EWS,Gender-Neutral,184,184,184,184,184
Indian Institute of Technology Guwahati,"Data Science and Artificial Intelligence (4 Years, Bachelor of Technology)",AI,EWS,Female-only (including Supernumerary),627,627,627,627,627
Indian Institute of Technology Guwahati,"Data Science and Artificial Intelligence (4 Years, Bachelor of Technology)",AI,OBC-NCL,Gender-Neutral,535,544,544,544,544
Indian Institute of Technology Guwahati,"Data Science and Artificial Intelligence (4 Years, Bachelor of Technology)",AI,OBC-NCL,Female-only (including Supernumerary),1362,1420,1420,1420,1420
Indian Institute of Technology Guwahati,"Data Science and Artificial Intelligence (4 Years, Bachelor of Technology)",AI,OBC-NCL (PwD),Gender-Neutral,31,31,31,31,31
Indian Institute of Technology Guwahati,"Data Science and Artificial Intelligence (4 Years, Bachelor of Technology)",AI,SC,Gender-Neutral,314,324,324,324,324
Indian Institute of Technology Guwahati,"Data Science and Artificial Intelligence (4 Years, Bachelor of Technology)",AI,SC,Female-only (including Supernumerary),717,717,717,717,717
Indian Institute of Technology Guwahati,"Data Science and Artificial Intelligence (4 Years, Bachelor of Technology)",AI,ST,Gender-Neutral,129,129,129,129,129
Indian Institute of Technology Guwahati,"Data Science and Artificial Intelligence (4 Years, Bachelor of Technology)",AI,ST,Female-only (including Supernumerary),316,316,316,316,316
Indian Institute of Technology Guwahati,"Electronics and Communication Engineering (4 Years, Bachelor of Technology)",AI,OPEN,Gender-Neutral,1932,1932,1932,1944,1988
Indian Institute of Technology Guwahati,"Electronics and Communication Engineering (4 Years, Bachelor of Technology)",AI,OPEN,Female-only (including Supernumerary),5185,5185,5185,5185,5230
Indian Institute of Technology Guwahati,"Electronics and Communication Engineering (4 Years, Bachelor of Technology)",AI,OPEN (PwD),Gender-Neutral,137,137,137,137,137
Indian Institute of Technology Guwahati,"Electronics and Communication Engineering (4 Years, Bachelor of Technology)",AI,EWS,Gender-Neutral,328,337,337,342,342
Indian Institute of Technology Guwahati,"Electronics and Communication Engineering (4 Years, Bachelor of Technology)",AI,EWS,Female-only (including Supernumerary),978,978,978,978,978
Indian Institute of Technology Guwahati,"Electronics and Communication Engineering (4 Years, Bachelor of Technology)",AI,OBC-NCL,Gender-Neutral,866,899,899,899,899
Indian Institute of Technology Guwahati,"Electronics and Communication Engineering (4 Years, Bachelor of Technology)",AI,OBC-NCL,Female-only (including Supernumerary),2546,2619,2619,2619,2619
Indian Institute of Technology Guwahati,"Electronics and Communication Engineering (4 Years, Bachelor of Technology)",AI,OBC-NCL (PwD),Gender-Neutral,89,110,110,110,110
Indian Institute of Technology Guwahati,"Electronics and Communication Engineering (4 Years, Bachelor of Technology)",AI,OBC-NCL (PwD),Female-only (including Supernumerary),4P,4P,4P,4P,4P
Indian Institute of Technology Guwahati,"Electronics and Communication Engineering (4 Years, Bachelor of Technology)",AI,SC,Gender-Neutral,517,517,517,517,519
Indian Institute of Technology Guwahati,"Electronics and Communication Engineering (4 Years, Bachelor of Technology)",AI,SC,Female-only (including Supernumerary),1080,1080,1080,1080,1080
Indian Institute of Technology Guwahati,"Electronics and Communication Engineering (4 Years, Bachelor of Technology)",AI,ST,Gender-Neutral,249,250,250,250,250
Indian Institute of Technology Guwahati,"Electronics and Communication Engineering (4 Years, Bachelor of Technology)",AI,ST,Female-only (including Supernumerary),401,441,441,441,441
Indian Institute of Technology Guwahati,"Electronics and Electrical Engineering (4 Years, Bachelor of Technology)",AI,OPEN,Gender-Neutral,2212,2212,2216,2218,2247
Indian Institute of Technology Guwahati,"Electronics and Electrical Engineering (4 Years, Bachelor of Technology)",AI,OPEN,Female-only (including Supernumerary),5540,5540,5540,5593,5593
Indian Institute of Technology Guwahati,"Electronics and Electrical Engineering (4 Years, Bachelor of Technology)",AI,OPEN (PwD),Gender-Neutral,195,241,241,241,241
Indian Institute of Technology Guwahati,"Electronics and Electrical Engineering (4 Years, Bachelor of Technology)",AI,OPEN (PwD),Female-only (including Supernumerary),301,301,301,301,301
Indian Institute of Technology Guwahati,"Electronics and Electrical Engineering (4 Years, Bachelor of Technology)",AI,EWS,Gender-Neutral,359,363,363,379,379
Indian Institute of Technology Guwahati,"Electronics and Electrical Engineering (4 Years, Bachelor of Technology)",AI,EWS,Female-only (including Supernumerary),1039,1039,1039,1039,1039
Indian Institute of Technology Guwahati,"Electronics and Electrical Engineering (4 Years, Bachelor of Technology)",AI,EWS (PwD),Gender-Neutral,19P,28P,28P,28P,28P
Indian Institute of Technology Guwahati,"Electronics and Electrical Engineering (4 Years, Bachelor of Technology)",AI,OBC-NCL,Gender-Neutral,1037,1058,1058,1058,1060
Indian Institute of Technology Guwahati,"Electronics and Electrical Engineering (4 Years, Bachelor of Technology)",AI,OBC-NCL,Female-only (including Supernumerary),2820,2820,2820,2820,2820
Indian Institute of Technology Guwahati,"Electronics and Electrical Engineering (4 Years, Bachelor of Technology)",AI,OBC-NCL (PwD),Gender-Neutral,101,101,101,101,101
Indian Institute of Technology Guwahati,"Electronics and Electrical Engineering (4 Years, Bachelor of Technology)",AI,SC,Gender-Neutral,624,632,632,632,641
Indian Institute of Technology Guwahati,"Electronics and Electrical Engineering (4 Years, Bachelor of Technology)",AI,SC,Female-only (including Supernumerary),1365,1475,1475,1475,1475
Indian Institute of Technology Guwahati,"Electronics and Electrical Engineering (4 Years, Bachelor of Technology)",AI,ST,Gender-Neutral,312,312,312,312,312
Indian Institute of Technology Guwahati,"Electronics and Electrical Engineering (4 Years, Bachelor of Technology)",AI,ST,Female-only (including Supernumerary),441,680,680,680,680
Indian Institute of Technology Guwahati,"Energy Engineering (4 Years, Bachelor of Technology)",AI,OPEN,Gender-Neutral,6315,6315,6315,6315,6728
Indian Institute of Technology Guwahati,"Energy Engineering (4 Years, Bachelor of Technology)",AI,OPEN,Female-only (including Supernumerary),13248,13248,13248,13248,13248
Indian Institute of Technology Guwahati,"Energy Engineering (4 Years, Bachelor of Technology)",AI,OPEN (PwD),Gender-Neutral,327P,567P,567P,567P,567P
Indian Institute of Technology Guwahati,"Energy Engineering (4 Years, Bachelor of Technology)",AI,EWS,Gender-Neutral,1110,1110,1110,1110,1402
Indian Institute of Technology Guwahati,"Energy Engineering (4 Years, Bachelor of Technology)",AI,OBC-NCL,Gender-Neutral,2643,2821,2821,2821,2821
Indian Institute of Technology Guwahati,"Energy Engineering (4 Years, Bachelor of Technology)",AI,OBC-NCL,Female-only (including Supernumerary),7537,7537,7537,7537,7537
Indian Institute of Technology Guwahati,"Energy Engineering (4 Years, Bachelor of Technology)",AI,SC,Gender-Neutral,1667,1667,1667,1667,1667
Indian Institute of Technology Guwahati,"Energy Engineering (4 Years, Bachelor of Technology)",AI,SC,Female-only (including Supernumerary),3153,3153,3153,3153,3153
Indian Institute of Technology Guwahati,"Energy Engineering (4 Years, Bachelor of Technology)",AI,ST,Gender-Neutral,345,345,345,345,345
Indian Institute of Technology Guwahati,"Engineering Physics (4 Years, Bachelor of Technology)",AI,OPEN,Gender-Neutral,5813,5813,5813,5813,6121
Indian Institute of Technology Guwahati,"Engineering Physics (4 Years, Bachelor of Technology)",AI,OPEN,Female-only (including Supernumerary),14871,14871,14871,14871,14967
Indian Institute of Technology Guwahati,"Engineering Physics (4 Years, Bachelor of Technology)",AI,OPEN (PwD),Gender-Neutral,397P,397P,397P,397P,397P
Indian Institute of Technology Guwahati,"Engineering Physics (4 Years, Bachelor of Technology)",AI,EWS,Gender-Neutral,1094,1155,1155,1155,1193
Indian Institute of Technology Guwahati,"Engineering Physics (4 Years, Bachelor of Technology)",AI,EWS,Female-only (including Supernumerary),2718,2718,2718,2718,2718
Indian Institute of Technology Guwahati,"Engineering Physics (4 Years, Bachelor of Technology)",AI,OBC-NCL,Gender-Neutral,2961,2973,2973,2973,3122
Indian Institute of Technology Guwahati,"Engineering Physics (4 Years, Bachelor of Technology)",AI,OBC-NCL,Female-only (including Supernumerary),6196,6595,6595,6595,6595
Indian Institute of Technology Guwahati,"Engineering Physics (4 Years, Bachelor of Technology)",AI,SC,Gender-Neutral,1925,1925,1925,1925,2123
Indian Institute of Technology Guwahati,"Engineering Physics (4 Years, Bachelor of Technology)",AI,SC,Female-only (including Supernumerary),3331,3625,3625,3625,3625
Indian Institute of Technology Guwahati,"Engineering Physics (4 Years, Bachelor of Technology)",AI,ST,Gender-Neutral,1025,1025,1025,1025,1025
Indian Institute of Technology Guwahati,"Engineering Physics (4 Years, Bachelor of Technology)",AI,ST,Female-only (including Supernumerary),1082,1082,1082,1082,1082
Indian Institute of Technology Guwahati,"Mathematics and Computing (4 Years, Bachelor of Technology)",AI,OPEN,Gender-Neutral,1325,1325,1325,1325,1366
Indian Institute of Technology Guwahati,"Mathematics and Computing (4 Years, Bachelor of Technology)",AI,OPEN,Female-only (including Supernumerary),4299,4299,4299,4299,4299
Indian Institute of Technology Guwahati,"Mathematics and Computing (4 Years, Bachelor of Technology)",AI,OPEN (PwD),Gender-Neutral,115,115,115,115,115
Indian Institute of Technology Guwahati,"Mathematics and Computing (4 Years, Bachelor of Technology)",AI,OPEN (PwD),Female-only (including Supernumerary),198,285,285,285,285
Indian Institute of Technology Guwahati,"Mathematics and Computing (4 Years, Bachelor of Technology)",AI,EWS,Gender-Neutral,212,213,226,226,226
Indian Institute of Technology Guwahati,"Mathematics and Computing (4 Years, Bachelor of Technology)",AI,EWS,Female-only (including Supernumerary),982,982,982,982,982
Indian Institute of Technology Guwahati,"Mathematics and Computing (4 Years, Bachelor of Technology)",AI,EWS (PwD),Gender-Neutral,21P,21P,21P,21P,21P
Indian Institute of Technology Guwahati,"Mathematics and Computing (4 Years, Bachelor of Technology)",AI,OBC-NCL,Gender-Neutral,625,625,625,625,625
Indian Institute of Technology Guwahati,"Mathematics and Computing (4 Years, Bachelor of Technology)",AI,OBC-NCL,Female-only (including Supernumerary),2152,2152,2152,2152,2152
Indian Institute of Technology Guwahati,"Mathematics and Computing (4 Years, Bachelor of Technology)",AI,SC,Gender-Neutral,385,385,385,385,385
Indian Institute of Technology Guwahati,"Mathematics and Computing (4 Years, Bachelor of Technology)",AI,SC,Female-only (including Supernumerary),869,869,869,869,869
Indian Institute of Technology Guwahati,"Mathematics and Computing (4 Years, Bachelor of Technology)",AI,ST,Gender-Neutral,176,176,176,176,176
Indian Institute of Technology Guwahati,"Mathematics and Computing (4 Years, Bachelor of Technology)",AI,ST,Female-only (including Supernumerary),302,302,302,302,302
Indian Institute of Technology Guwahati,"Mechanical Engineering (4 Years, Bachelor of Technology)",AI,OPEN,Gender-Neutral,5030,5104,5105,5111,5642
Indian Institute of Technology Guwahati,"Mechanical Engineering (4 Years, Bachelor of Technology)",AI,OPEN,Female-only (including Supernumerary),13242,13242,13242,13534,13627
Indian Institute of Technology Guwahati,"Mechanical Engineering (4 Years, Bachelor of Technology)",AI,OPEN (PwD),Gender-Neutral,127P,189P,189P,189P,189P
Indian Institute of Technology Guwahati,"Mechanical Engineering (4 Years, Bachelor of Technology)",AI,EWS,Gender-Neutral,877,925,925,925,937
Indian Institute of Technology Guwahati,"Mechanical Engineering (4 Years, Bachelor of Technology)",AI,EWS,Female-only (including Supernumerary),2129,2129,2129,2129,2603
Indian Institute of Technology Guwahati,"Mechanical Engineering (4 Years, Bachelor of Technology)",AI,OBC-NCL,Gender-Neutral,2203,2333,2333,2333,2333
Indian Institute of Technology Guwahati,"Mechanical Engineering (4 Years, Bachelor of Technology)",AI,OBC-NCL,Female-only (including Supernumerary),5164,5223,5223,5223,5461
Indian Institute of Technology Guwahati,"Mechanical Engineering (4 Years, Bachelor of Technology)",AI,OBC-NCL (PwD),Gender-Neutral,128P,208P,208P,208P,208P
Indian Institute of Technology Guwahati,"Mechanical Engineering (4 Years, Bachelor of Technology)",AI,SC,Gender-Neutral,1191,1202,1202,1202,1212
Indian Institute of Technology Guwahati,"Mechanical Engineering (4 Years, Bachelor of Technology)",AI,SC,Female-only (including Supernumerary),2603,2660,2660,2660,2660
Indian Institute of Technology Guwahati,"Mechanical Engineering (4 Years, Bachelor of Technology)",AI,ST,Gender-Neutral,635,648,648,648,648
Indian Institute of Technology Guwahati,"Mechanical Engineering (4 Years, Bachelor of Technology)",AI,ST,Female-only (including Supernumerary),1379,1379,1379,1379,1379
Indian Institute of Technology Bhilai,"Computer Science and Engineering (4 Years, Bachelor of Technology)",AI,OPEN,Gender-Neutral,7981,8196,8196,8259,8886
Indian Institute of Technology Bhilai,"Computer Science and Engineering (4 Years, Bachelor of Technology)",AI,OPEN,Female-only (including Supernumerary),13073,13073,13073,13073,13285
Indian Institute of Technology Bhilai,"Computer Science and Engineering (4 Years, Bachelor of Technology)",AI,OPEN (PwD),Gender-Neutral,231,275,275,275,275
Indian Institute of Technology Bhilai,"Computer Science and Engineering (4 Years, Bachelor of Technology)",AI,EWS,Gender-Neutral,1164,1180,1180,1180,1219
Indian Institute of Technology Bhilai,"Computer Science and Engineering (4 Years, Bachelor of Technology)",AI,EWS,Female-only (including Supernumerary),1985,1985,1985,1985,2244
Indian Institute of Technology Bhilai,"Computer Science and Engineering (4 Years, Bachelor of Technology)",AI,OBC-NCL,Gender-Neutral,2775,2806,2806,2806,2815
Indian Institute of Technology Bhilai,"Computer Science and Engineering (4 Years, Bachelor of Technology)",AI,OBC-NCL,Female-only (including Supernumerary),4911,4911,4911,4911,4911
Indian Institute of Technology Bhilai,"Computer Science and Engineering (4 Years, Bachelor of Technology)",AI,OBC-NCL (PwD),Gender-Neutral,9P,9P,9P,9P,9P
Indian Institute of Technology Bhilai,"Computer Science and Engineering (4 Years, Bachelor of Technology)",AI,SC,Gender-Neutral,1459,1462,1462,1462,1464
Indian Institute of Technology Bhilai,"Computer Science and Engineering (4 Years, Bachelor of Technology)",AI,SC,Female-only (including Supernumerary),2122,2122,2122,2122,2122
Indian Institute of Technology Bhilai,"Computer Science and Engineering (4 Years, Bachelor of Technology)",AI,ST,Gender-Neutral,657,758,758,758,758
Indian Institute of Technology Bhilai,"Computer Science and Engineering (4 Years, Bachelor of Technology)",AI,ST,Female-only (including Supernumerary),939,1009,1009,1009,1009
Indian Institute of Technology Bhilai,"Data Science and Artificial Intelligence (4 Years, Bachelor of Technology)",AI,OPEN,Gender-Neutral,8598,8877,8929,8993,9400
Indian Institute of Technology Bhilai,"Data Science and Artificial Intelligence (4 Years, Bachelor of Technology)",AI,OPEN,Female-only (including Supernumerary),14495,14495,14495,14495,14917
Indian Institute of Technology Bhilai,"Data Science and Artificial Intelligence (4 Years, Bachelor of Technology)",AI,OPEN (PwD),Gender-Neutral,242,242,242,242,85P
Indian Institute of Technology Bhilai,"Data Science and Artificial Intelligence (4 Years, Bachelor of Technology)",AI,OPEN (PwD),Female-only (including Supernumerary),266P,266P,266P,266P,266P
Indian Institute of Technology Bhilai,"Data Science and Artificial Intelligence (4 Years, Bachelor of Technology)",AI,EWS,Gender-Neutral,1192,1200,1200,1200,1242
Indian Institute of Technology Bhilai,"Data Science and Artificial Intelligence (4 Years, Bachelor of Technology)",AI,EWS,Female-only (including Supernumerary),1996,2269,2269,2269,2269
Indian Institute of Technology Bhilai,"Data Science and Artificial Intelligence (4 Years, Bachelor of Technology)",AI,OBC-NCL,Gender-Neutral,3067,3144,3144,3144,3212
Indian Institute of Technology Bhilai,"Data Science and Artificial Intelligence (4 Years, Bachelor of Technology)",AI,OBC-NCL,Female-only (including Supernumerary),5373,5373,5373,5373,5902
Indian Institute of Technology Bhilai,"Data Science and Artificial Intelligence (4 Years, Bachelor of Technology)",AI,SC,Gender-Neutral,1514,1581,1581,1581,1581
Indian Institute of Technology Bhilai,"Data Science and Artificial Intelligence (4 Years, Bachelor of Technology)",AI,SC,Female-only (including Supernumerary),2250,2250,2250,2250,2250
Indian Institute of Technology Bhilai,"Data Science and Artificial Intelligence (4 Years, Bachelor of Technology)",AI,ST,Gender-Neutral,782,817,817,817,817
Indian Institute of Technology Bhilai,"Data Science and Artificial Intelligence (4 Years, Bachelor of Technology)",AI,ST,Female-only (including Supernumerary),1092,1092,1092,1092,1092
Indian Institute of Technology Bhilai,"Electrical Engineering (4 Years, Bachelor of Technology)",AI,OPEN,Gender-Neutral,10357,10509,10509,10741,11934
Indian Institute of Technology Bhilai,"Electrical Engineering (4 Years, Bachelor of Technology)",AI,OPEN,Female-only (including Supernumerary),18135,18188,18188,18188,18798
Indian Institute of Technology Bhilai,"Electrical Engineering (4 Years, Bachelor of Technology)",AI,EWS,Gender-Neutral,1627,1674,1674,1674,1819
Indian Institute of Technology Bhilai,"Electrical Engineering (4 Years, Bachelor of Technology)",AI,EWS,Female-only (including Supernumerary),2531,2754,2754,2754,2754
Indian Institute of Technology Bhilai,"Electrical Engineering (4 Years, Bachelor of Technology)",AI,OBC-NCL,Gender-Neutral,3888,4048,4138,4212,4369
Indian Institute of Technology Bhilai,"Electrical Engineering (4 Years, Bachelor of Technology)",AI,OBC-NCL,Female-only (including Supernumerary),6791,7662,7662,7662,7809
Indian Institute of Technology Bhilai,"Electrical Engineering (4 Years, Bachelor of Technology)",AI,SC,Gender-Neutral,2063,2253,2253,2253,2253
Indian Institute of Technology Bhilai,"Electrical Engineering (4 Years, Bachelor of Technology)",AI,SC,Female-only (including Supernumerary),3234,3313,3313,3313,3313
Indian Institute of Technology Bhilai,"Electrical Engineering (4 Years, Bachelor of Technology)",AI,ST,Gender-Neutral,976,1097,1097,1097,1097
Indian Institute of Technology Bhilai,"Electrical Engineering (4 Years, Bachelor of Technology)",AI,ST,Female-only (including Supernumerary),1328,1328,1328,1328,1328
Indian Institute of Technology Bhilai,"Electronics and Communication Engineering (4 Years, Bachelor of Technology)",AI,OPEN,Gender-Neutral,9188,9232,9267,9366,9962
Indian Institute of Technology Bhilai,"Electronics and Communication Engineering (4 Years, Bachelor of Technology)",AI,OPEN,Female-only (including Supernumerary),16448,17109,17109,17109,17231
Indian Institute of Technology Bhilai,"Electronics and Communication Engineering (4 Years, Bachelor of Technology)",AI,OPEN (PwD),Gender-Neutral,260P,261P,,,
Indian Institute of Technology Bhilai,"Electronics and Communication Engineering (4 Years, Bachelor of Technology)",AI,EWS,Gender-Neutral,1289,1312,1312,1312,1344
Indian Institute of Technology Bhilai,"Electronics and Communication Engineering (4 Years, Bachelor of Technology)",AI,EWS,Female-only (including Supernumerary),2368,2368,2368,2368,2531
Indian Institute of Technology Bhilai,"Electronics and Communication Engineering (4 Years, Bachelor of Technology)",AI,OBC-NCL,Gender-Neutral,3352,3402,3414,3414,3498
Indian Institute of Technology Bhilai,"Electronics and Communication Engineering (4 Years, Bachelor of Technology)",AI,OBC-NCL,Female-only (including Supernumerary),6138,6144,6144,6144,6323
Indian Institute of Technology Bhilai,"Electronics and Communication Engineering (4 Years, Bachelor of Technology)",AI,OBC-NCL (PwD),Gender-Neutral,219P,219P,,,
Indian Institute of Technology Bhilai,"Electronics and Communication Engineering (4 Years, Bachelor of Technology)",AI,SC,Gender-Neutral,1807,1836,1836,1836,1836
Indian Institute of Technology Bhilai,"Electronics and Communication Engineering (4 Years, Bachelor of Technology)",AI,SC,Female-only (including Supernumerary),2501,2501,2501,2501,2501
Indian Institute of Technology Bhilai,"Electronics and Communication Engineering (4 Years, Bachelor of Technology)",AI,ST,Gender-Neutral,963,976,976,976,976
Indian Institute of Technology Bhilai,"Materials Science and Metallurgical Engineering (4 Years, Bachelor of Technology)",AI,OPEN,Gender-Neutral,15505,15957,15957,15957,17880
Indian Institute of Technology Bhilai,"Materials Science and Metallurgical Engineering (4 Years, Bachelor of Technology)",AI,OPEN,Female-only (including Supernumerary),24547,25766,25766,25766,27479
Indian Institute of Technology Bhilai,"Materials Science and Metallurgical Engineering (4 Years, Bachelor of Technology)",AI,EWS,Gender-Neutral,2293,2359,2359,2359,2558
Indian Institute of Technology Bhilai,"Materials Science and Metallurgical Engineering (4 Years, Bachelor of Technology)",AI,EWS,Female-only (including Supernumerary),4191,4367,4419,4419,4857
Indian Institute of Technology Bhilai,"Materials Science and Metallurgical Engineering (4 Years, Bachelor of Technology)",AI,OBC-NCL,Gender-Neutral,5758,5926,5974,5974,6105
Indian Institute of Technology Bhilai,"Materials Science and Metallurgical Engineering (4 Years, Bachelor of Technology)",AI,OBC-NCL,Female-only (including Supernumerary),9822,10364,10364,10364,10427
Indian Institute of Technology Bhilai,"Materials Science and Metallurgical Engineering (4 Years, Bachelor of Technology)",AI,SC,Gender-Neutral,3063,3217,3217,3217,3295
Indian Institute of Technology Bhilai,"Materials Science and Metallurgical Engineering (4 Years, Bachelor of Technology)",AI,SC,Female-only (including Supernumerary),4438,4519,4663,4663,4663
Indian Institute of Technology Bhilai,"Materials Science and Metallurgical Engineering (4 Years, Bachelor of Technology)",AI,ST,Gender-Neutral,1373,1440,1440,1440,1440
Indian Institute of Technology Bhilai,"Materials Science and Metallurgical Engineering (4 Years, Bachelor of Technology)",AI,ST,Female-only (including Supernumerary),1853,1962,1962,1962,1962
Indian Institute of Technology Bhilai,"Mechanical Engineering (4 Years, Bachelor of Technology)",AI,OPEN,Gender-Neutral,12637,13029,13029,13029,15260
Indian Institute of Technology Bhilai,"Mechanical Engineering (4 Years, Bachelor of Technology)",AI,OPEN,Female-only (including Supernumerary),22392,24021,24021,24021,24459
Indian Institute of Technology Bhilai,"Mechanical Engineering (4 Years, Bachelor of Technology)",AI,EWS,Gender-Neutral,1971,1980,1980,1980,2322
Indian Institute of Technology Bhilai,"Mechanical Engineering (4 Years, Bachelor of Technology)",AI,EWS,Female-only (including Supernumerary),4033,4144,4173,4173,4397
Indian Institute of Technology Bhilai,"Mechanical Engineering (4 Years, Bachelor of Technology)",AI,OBC-NCL,Gender-Neutral,5002,5199,5199,5243,5514
Indian Institute of Technology Bhilai,"Mechanical Engineering (4 Years, Bachelor of Technology)",AI,OBC-NCL,Female-only (including Supernumerary),9206,9843,9989,9989,10129
Indian Institute of Technology Bhilai,"Mechanical Engineering (4 Years, Bachelor of Technology)",AI,SC,Gender-Neutral,2460,2558,2558,2558,2558
Indian Institute of Technology Bhilai,"Mechanical Engineering (4 Years, Bachelor of Technology)",AI,SC,Female-only (including Supernumerary),3878,3878,3878,3878,4456
Indian Institute of Technology Bhilai,"Mechanical Engineering (4 Years, Bachelor of Technology)",AI,ST,Gender-Neutral,1141,1261,1265,1265,1265
Indian Institute of Technology Bhilai,"Mechanical Engineering (4 Years, Bachelor of Technology)",AI,ST,Female-only (including Supernumerary),1696,1696,1696,1696,1696
Indian Institute of Technology Bhilai,"Mechatronics Engineering (4 Years, Bachelor of Technology)",AI,OPEN,Gender-Neutral,11418,11614,11614,11614,12519
Indian Institute of Technology Bhilai,"Mechatronics Engineering (4 Years, Bachelor of Technology)",AI,OPEN,Female-only (including Supernumerary),20216,21123,21123,21123,21980
Indian Institute of Technology Bhilai,"Mechatronics Engineering (4 Years, Bachelor of Technology)",AI,EWS,Gender-Neutral,1711,1789,1789,1789,1890
Indian Institute of Technology Bhilai,"Mechatronics Engineering (4 Years, Bachelor of Technology)",AI,OBC-NCL,Gender-Neutral,4554,4554,4554,4554,4885
Indian Institute of Technology Bhilai,"Mechatronics Engineering (4 Years, Bachelor of Technology)",AI,OBC-NCL,Female-only (including Supernumerary),8401,8401,8800,8800,8800
Indian Institute of Technology Bhilai,"Mechatronics Engineering (4 Years, Bachelor of Technology)",AI,SC,Gender-Neutral,2417,2707,2707,2707,2707
Indian Institute of Technology Bhilai,"Mechatronics Engineering (4 Years, Bachelor of Technology)",AI,SC,Female-only (including Supernumerary),3511,3511,3511,3511,3878
Indian Institute of Technology Bhilai,"Mechatronics Engineering (4 Years, Bachelor of Technology)",AI,ST,Gender-Neutral,1258,1300,1300,1300,1300
Indian Institute of Technology Goa,"Computer Science and Engineering (4 Years, Bachelor of Technology)",AI,OPEN,Gender-Neutral,6448,6628,6628,6628,7024
Indian Institute of Technology Goa,"Computer Science and Engineering (4 Years, Bachelor of Technology)",AI,OPEN,Female-only (including Supernumerary),10906,10906,10906,10906,13954
Indian Institute of Technology Goa,"Computer Science and Engineering (4 Years, Bachelor of Technology)",AI,OPEN (PwD),Female-only (including Supernumerary),122P,122P,122P,122P,122P
Indian Institute of Technology Goa,"Computer Science and Engineering (4 Years, Bachelor of Technology)",AI,EWS,Gender-Neutral,886,886,886,886,896
Indian Institute of Technology Goa,"Computer Science and Engineering (4 Years, Bachelor of Technology)",AI,EWS,Female-only (including Supernumerary),1916,1916,1916,1916,1916
Indian Institute of Technology Goa,"Computer Science and Engineering (4 Years, Bachelor of Technology)",AI,OBC-NCL,Gender-Neutral,2143,2234,2234,2234,2234
Indian Institute of Technology Goa,"Computer Science and Engineering (4 Years, Bachelor of Technology)",AI,OBC-NCL,Female-only (including Supernumerary),4558,4558,4558,4558,4786
Indian Institute of Technology Goa,"Computer Science and Engineering (4 Years, Bachelor of Technology)",AI,OBC-NCL (PwD),Gender-Neutral,108,41P,41P,41P,41P
Indian Institute of Technology Goa,"Computer Science and Engineering (4 Years, Bachelor of Technology)",AI,SC,Gender-Neutral,1317,1439,1439,1439,1439
Indian Institute of Technology Goa,"Computer Science and Engineering (4 Years, Bachelor of Technology)",AI,SC,Female-only (including Supernumerary),1949,1949,1949,1949,1949
Indian Institute of Technology Goa,"Computer Science and Engineering (4 Years, Bachelor of Technology)",AI,ST,Gender-Neutral,490,490,490,490,490
Indian Institute of Technology Goa,"Computer Science and Engineering (4 Years, Bachelor of Technology)",AI,ST,Female-only (including Supernumerary),1165,1165,1165,1165,1165
Indian Institute of Technology Goa,"Electrical Engineering (4 Years, Bachelor of Technology)",AI,OPEN,Gender-Neutral,9436,9643,9653,9677,11097
Indian Institute of Technology Goa,"Electrical Engineering (4 Years, Bachelor of Technology)",AI,OPEN,Female-only (including Supernumerary),15631,15631,15631,15631,18331
Indian Institute of Technology Goa,"Electrical Engineering (4 Years, Bachelor of Technology)",AI,EWS,Gender-Neutral,1344,1344,1344,1344,1688
Indian Institute of Technology Goa,"Electrical Engineering (4 Years, Bachelor of Technology)",AI,EWS,Female-only (including Supernumerary),2641,3126,3126,3126,3126
Indian Institute of Technology Goa,"Electrical Engineering (4 Years, Bachelor of Technology)",AI,OBC-NCL,Gender-Neutral,3534,3653,3716,3716,3804
Indian Institute of Technology Goa,"Electrical Engineering (4 Years, Bachelor of Technology)",AI,OBC-NCL,Female-only (including Supernumerary),6741,7474,7474,7474,7476
Indian Institute of Technology Goa,"Electrical Engineering (4 Years, Bachelor of Technology)",AI,SC,Gender-Neutral,2000,2007,2007,2007,2007
Indian Institute of Technology Goa,"Electrical Engineering (4 Years, Bachelor of Technology)",AI,SC,Female-only (including Supernumerary),3313,3398,3398,3398,3398
Indian Institute of Technology Goa,"Electrical Engineering (4 Years, Bachelor of Technology)",AI,ST,Gender-Neutral,1073,1126,1126,1126,1126
Indian Institute of Technology Goa,"Electrical Engineering (4 Years, Bachelor of Technology)",AI,ST,Female-only (including Supernumerary),1455,1455,1455,1455,1455
Indian Institute of Technology Goa,"Mathematics and Computing (4 Years, Bachelor of Technology)",AI,OPEN,Gender-Neutral,7115,7273,7528,7544,8565
Indian Institute of Technology Goa,"Mathematics and Computing (4 Years, Bachelor of Technology)",AI,OPEN,Female-only (including Supernumerary),14610,14610,14610,14610,14672
Indian Institute of Technology Goa,"Mathematics and Computing (4 Years, Bachelor of Technology)",AI,EWS,Gender-Neutral,1059,1059,1059,1059,1277
Indian Institute of Technology Goa,"Mathematics and Computing (4 Years, Bachelor of Technology)",AI,OBC-NCL,Gender-Neutral,2823,2932,2932,2932,2964
Indian Institute of Technology Goa,"Mathematics and Computing (4 Years, Bachelor of Technology)",AI,OBC-NCL,Female-only (including Supernumerary),5176,5176,5176,5176,6344
Indian Institute of Technology Goa,"Mathematics and Computing (4 Years, Bachelor of Technology)",AI,SC,Gender-Neutral,1725,1804,1804,1804,1804
Indian Institute of Technology Goa,"Mathematics and Computing (4 Years, Bachelor of Technology)",AI,ST,Gender-Neutral,817,860,860,860,860
Indian Institute of Technology Goa,"Mechanical Engineering (4 Years, Bachelor of Technology)",AI,OPEN,Gender-Neutral,12299,12529,12577,12601,14290
Indian Institute of Technology Goa,"Mechanical Engineering (4 Years, Bachelor of Technology)",AI,OPEN,Female-only (including Supernumerary),20820,20820,20820,20820,24203
Indian Institute of Technology Goa,"Mechanical Engineering (4 Years, Bachelor of Technology)",AI,EWS,Gender-Neutral,1769,1790,1790,1790,2135
Indian Institute of Technology Goa,"Mechanical Engineering (4 Years, Bachelor of Technology)",AI,EWS,Female-only (including Supernumerary),3453,3453,3453,3453,4305
Indian Institute of Technology Goa,"Mechanical Engineering (4 Years, Bachelor of Technology)",AI,OBC-NCL,Gender-Neutral,4785,5134,5134,5161,5287
Indian Institute of Technology Goa,"Mechanical Engineering (4 Years, Bachelor of Technology)",AI,OBC-NCL,Female-only (including Supernumerary),8065,8065,8065,8065,9279
Indian Institute of Technology Goa,"Mechanical Engineering (4 Years, Bachelor of Technology)",AI,SC,Gender-Neutral,2567,2567,2567,2567,2567
Indian Institute of Technology Goa,"Mechanical Engineering (4 Years, Bachelor of Technology)",AI,SC,Female-only (including Supernumerary),4110,4239,4239,4239,4239
Indian Institute of Technology Goa,"Mechanical Engineering (4 Years, Bachelor of Technology)",AI,ST,Gender-Neutral,1187,1209,1209,1209,1209
Indian Institute of Technology Goa,"Mechanical Engineering (4 Years, Bachelor of Technology)",AI,ST,Female-only (including Supernumerary),1513,1513,1513,1513,1513
Indian Institute of Technology Palakkad,"Civil Engineering (4 Years, Bachelor of Technology)",AI,OPEN,Gender-Neutral,15739,16369,16426,16440,18196
Indian Institute of Technology Palakkad,"Civil Engineering (4 Years, Bachelor of Technology)",AI,OPEN,Female-only (including Supernumerary),24929,25584,25984,26444,26797
Indian Institute of Technology Palakkad,"Civil Engineering (4 Years, Bachelor of Technology)",AI,EWS,Gender-Neutral,2249,2357,2357,2357,2574
Indian Institute of Technology Palakkad,"Civil Engineering (4 Years, Bachelor of Technology)",AI,EWS,Female-only (including Supernumerary),4180,4245,4245,4245,4410
Indian Institute of Technology Palakkad,"Civil Engineering (4 Years, Bachelor of Technology)",AI,OBC-NCL,Gender-Neutral,5516,5855,5855,5855,6072
Indian Institute of Technology Palakkad,"Civil Engineering (4 Years, Bachelor of Technology)",AI,OBC-NCL,Female-only (including Supernumerary),9304,9304,9304,9304,10142
Indian Institute of Technology Palakkad,"Civil Engineering (4 Years, Bachelor of Technology)",AI,SC,Gender-Neutral,2808,2855,2855,2855,2900
Indian Institute of Technology Palakkad,"Civil Engineering (4 Years, Bachelor of Technology)",AI,SC,Female-only (including Supernumerary),4065,4224,4224,4224,4224
Indian Institute of Technology Palakkad,"Civil Engineering (4 Years, Bachelor of Technology)",AI,ST,Gender-Neutral,1202,1226,1258,1258,1258
Indian Institute of Technology Palakkad,"Civil Engineering (4 Years, Bachelor of Technology)",AI,ST,Female-only (including Supernumerary),1338,1541,1541,1541,1541
Indian Institute of Technology Palakkad,"Computer Science and Engineering (4 Years, Bachelor of Technology)",AI,OPEN,Gender-Neutral,6556,6681,6681,6795,7625
Indian Institute of Technology Palakkad,"Computer Science and Engineering (4 Years, Bachelor of Technology)",AI,OPEN,Female-only (including Supernumerary),11396,12172,12172,12172,12457
Indian Institute of Technology Palakkad,"Computer Science and Engineering (4 Years, Bachelor of Technology)",AI,EWS,Gender-Neutral,847,892,892,892,1018
Indian Institute of Technology Palakkad,"Computer Science and Engineering (4 Years, Bachelor of Technology)",AI,EWS,Female-only (including Supernumerary),1715,1715,1715,1715,1715
Indian Institute of Technology Palakkad,"Computer Science and Engineering (4 Years, Bachelor of Technology)",AI,EWS (PwD),Gender-Neutral,45P,45P,45P,45P,45P
Indian Institute of Technology Palakkad,"Computer Science and Engineering (4 Years, Bachelor of Technology)",AI,OBC-NCL,Gender-Neutral,2399,2402,2402,2402,2432
Indian Institute of Technology Palakkad,"Computer Science and Engineering (4 Years, Bachelor of Technology)",AI,OBC-NCL,Female-only (including Supernumerary),4804,4804,4804,4804,4804
Indian Institute of Technology Palakkad,"Computer Science and Engineering (4 Years, Bachelor of Technology)",AI,OBC-NCL (PwD),Gender-Neutral,82,82,82,82,82
Indian Institute of Technology Palakkad,"Computer Science and Engineering (4 Years, Bachelor of Technology)",AI,SC,Gender-Neutral,1268,1317,1317,1317,1317
Indian Institute of Technology Palakkad,"Computer Science and Engineering (4 Years, Bachelor of Technology)",AI,SC,Female-only (including Supernumerary),1777,1777,1777,1777,1777
Indian Institute of Technology Palakkad,"Computer Science and Engineering (4 Years, Bachelor of Technology)",AI,ST,Gender-Neutral,550,550,550,550,550
Indian Institute of Technology Palakkad,"Computer Science and Engineering (4 Years, Bachelor of Technology)",AI,ST,Female-only (including Supernumerary),861,1015,1015,1015,1015
Indian Institute of Technology Palakkad,"Data Science and Engineering (4 Years, Bachelor of Technology)",AI,OPEN,Gender-Neutral,8826,8878,8878,8918,9484
Indian Institute of Technology Palakkad,"Data Science and Engineering (4 Years, Bachelor of Technology)",AI,OPEN,Female-only (including Supernumerary),14151,14302,14302,14302,14302
Indian Institute of Technology Palakkad,"Data Science and Engineering (4 Years, Bachelor of Technology)",AI,EWS,Gender-Neutral,1233,1291,1291,1291,1356
Indian Institute of Technology Palakkad,"Data Science and Engineering (4 Years, Bachelor of Technology)",AI,EWS,Female-only (including Supernumerary),1931,1996,1996,1996,1996
Indian Institute of Technology Palakkad,"Data Science and Engineering (4 Years, Bachelor of Technology)",AI,OBC-NCL,Gender-Neutral,3023,3052,3052,3052,3230
Indian Institute of Technology Palakkad,"Data Science and Engineering (4 Years, Bachelor of Technology)",AI,OBC-NCL,Female-only (including Supernumerary),5773,5773,5773,5773,5773
Indian Institute of Technology Palakkad,"Data Science and Engineering (4 Years, Bachelor of Technology)",AI,OBC-NCL (PwD),Gender-Neutral,62P,62P,62P,62P,62P
Indian Institute of Technology Palakkad,"Data Science and Engineering (4 Years, Bachelor of Technology)",AI,SC,Gender-Neutral,1714,1852,1852,1852,1852
Indian Institute of Technology Palakkad,"Data Science and Engineering (4 Years, Bachelor of Technology)",AI,SC,Female-only (including Supernumerary),2243,2770,2770,2770,2770
Indian Institute of Technology Palakkad,"Data Science and Engineering (4 Years, Bachelor of Technology)",AI,ST,Gender-Neutral,843,843,843,843,843
Indian Institute of Technology Palakkad,"Electrical Engineering (4 Years, Bachelor of Technology)",AI,OPEN,Gender-Neutral,9542,9746,9746,9816,10926
Indian Institute of Technology Palakkad,"Electrical Engineering (4 Years, Bachelor of Technology)",AI,OPEN,Female-only (including Supernumerary),15600,15600,15600,15600,16307
Indian Institute of Technology Palakkad,"Electrical Engineering (4 Years, Bachelor of Technology)",AI,OPEN (PwD),Gender-Neutral,351P,,,,
Indian Institute of Technology Palakkad,"Electrical Engineering (4 Years, Bachelor of Technology)",AI,EWS,Gender-Neutral,1360,1395,1395,1395,1692
Indian Institute of Technology Palakkad,"Electrical Engineering (4 Years, Bachelor of Technology)",AI,EWS,Female-only (including Supernumerary),2269,2641,2641,2641,2641
Indian Institute of Technology Palakkad,"Electrical Engineering (4 Years, Bachelor of Technology)",AI,OBC-NCL,Gender-Neutral,3512,3513,3513,3513,3699
Indian Institute of Technology Palakkad,"Electrical Engineering (4 Years, Bachelor of Technology)",AI,OBC-NCL,Female-only (including Supernumerary),6510,6727,6727,6727,7354
Indian Institute of Technology Palakkad,"Electrical Engineering (4 Years, Bachelor of Technology)",AI,SC,Gender-Neutral,2001,2001,2001,2001,2001
Indian Institute of Technology Palakkad,"Electrical Engineering (4 Years, Bachelor of Technology)",AI,SC,Female-only (including Supernumerary),3067,3067,3067,3067,3067
Indian Institute of Technology Palakkad,"Electrical Engineering (4 Years, Bachelor of Technology)",AI,ST,Gender-Neutral,893,963,963,963,963
Indian Institute of Technology Palakkad,"Electrical Engineering (4 Years, Bachelor of Technology)",AI,ST,Female-only (including Supernumerary),1088,1088,1088,1088,1088
Indian Institute of Technology Palakkad,"Materials Engineering (4 Years, Bachelor of Technology)",AI,OPEN,Gender-Neutral,15866,16562,16562,16661,18397
Indian Institute of Technology Palakkad,"Materials Engineering (4 Years, Bachelor of Technology)",AI,OPEN,Female-only (including Supernumerary),25298,26312,26312,26312,29145
Indian Institute of Technology Palakkad,"Materials Engineering (4 Years, Bachelor of Technology)",AI,EWS,Gender-Neutral,2357,2401,2401,2401,2683
Indian Institute of Technology Palakkad,"Materials Engineering (4 Years, Bachelor of Technology)",AI,EWS,Female-only (including Supernumerary),4173,4410,4410,4410,4876
Indian Institute of Technology Palakkad,"Materials Engineering (4 Years, Bachelor of Technology)",AI,OBC-NCL,Gender-Neutral,5763,5971,5984,5984,6216
Indian Institute of Technology Palakkad,"Materials Engineering (4 Years, Bachelor of Technology)",AI,OBC-NCL,Female-only (including Supernumerary),10017,10305,10420,10656,10785
Indian Institute of Technology Palakkad,"Materials Engineering (4 Years, Bachelor of Technology)",AI,SC,Gender-Neutral,3149,3284,3284,3284,3294
Indian Institute of Technology Palakkad,"Materials Engineering (4 Years, Bachelor of Technology)",AI,SC,Female-only (including Supernumerary),4242,4242,4242,4242,4242
Indian Institute of Technology Palakkad,"Materials Engineering (4 Years, Bachelor of Technology)",AI,ST,Gender-Neutral,1499,1529,1529,1529,1529
Indian Institute of Technology Palakkad,"Mechanical Engineering (4 Years, Bachelor of Technology)",AI,OPEN,Gender-Neutral,11591,11984,12062,12184,14360
Indian Institute of Technology Palakkad,"Mechanical Engineering (4 Years, Bachelor of Technology)",AI,OPEN,Female-only (including Supernumerary),22323,22495,22495,22495,23623
Indian Institute of Technology Palakkad,"Mechanical Engineering (4 Years, Bachelor of Technology)",AI,EWS,Gender-Neutral,1746,1812,1812,1812,2274
Indian Institute of Technology Palakkad,"Mechanical Engineering (4 Years, Bachelor of Technology)",AI,EWS,Female-only (including Supernumerary),3487,3487,4144,4144,4245
Indian Institute of Technology Palakkad,"Mechanical Engineering (4 Years, Bachelor of Technology)",AI,OBC-NCL,Gender-Neutral,4468,4710,4710,4710,4721
Indian Institute of Technology Palakkad,"Mechanical Engineering (4 Years, Bachelor of Technology)",AI,OBC-NCL,Female-only (including Supernumerary),8360,8663,8663,8663,9327
Indian Institute of Technology Palakkad,"Mechanical Engineering (4 Years, Bachelor of Technology)",AI,SC,Gender-Neutral,2581,2610,2610,2610,2647
Indian Institute of Technology Palakkad,"Mechanical Engineering (4 Years, Bachelor of Technology)",AI,SC,Female-only (including Supernumerary),4094,4094,4094,4094,4094
Indian Institute of Technology Palakkad,"Mechanical Engineering (4 Years, Bachelor of Technology)",AI,ST,Gender-Neutral,1146,1244,1244,1244,1244
Indian Institute of Technology Palakkad,"Mechanical Engineering (4 Years, Bachelor of Technology)",AI,ST,Female-only (including Supernumerary),1536,1536,1536,1536,1595
Indian Institute of Technology Tirupati,"Chemical Engineering (4 Years, Bachelor of Technology)",AI,OPEN,Gender-Neutral,13831,14378,14378,14378,15969
Indian Institute of Technology Tirupati,"Chemical Engineering (4 Years, Bachelor of Technology)",AI,OPEN,Female-only (including Supernumerary),22561,22830,22830,22851,24439
Indian Institute of Technology Tirupati,"Chemical Engineering (4 Years, Bachelor of Technology)",AI,EWS,Gender-Neutral,2013,2079,2079,2079,2410
Indian Institute of Technology Tirupati,"Chemical Engineering (4 Years, Bachelor of Technology)",AI,EWS,Female-only (including Supernumerary),3664,3664,3664,3664,4132
Indian Institute of Technology Tirupati,"Chemical Engineering (4 Years, Bachelor of Technology)",AI,OBC-NCL,Gender-Neutral,5412,5537,5537,5537,5642
Indian Institute of Technology Tirupati,"Chemical Engineering (4 Years, Bachelor of Technology)",AI,OBC-NCL,Female-only (including Supernumerary),7340,7340,7340,7340,9291
Indian Institute of Technology Tirupati,"Chemical Engineering (4 Years, Bachelor of Technology)",AI,SC,Gender-Neutral,2719,2791,2791,2791,2824
Indian Institute of Technology Tirupati,"Chemical Engineering (4 Years, Bachelor of Technology)",AI,SC,Female-only (including Supernumerary),3745,3783,3783,3783,3783
Indian Institute of Technology Tirupati,"Chemical Engineering (4 Years, Bachelor of Technology)",AI,ST,Gender-Neutral,1284,1342,1342,1342,1342
Indian Institute of Technology Tirupati,"Civil Engineering (4 Years, Bachelor of Technology)",AI,OPEN,Gender-Neutral,15388,15586,15586,15586,17682
Indian Institute of Technology Tirupati,"Civil Engineering (4 Years, Bachelor of Technology)",AI,OPEN,Female-only (including Supernumerary),24467,24467,24467,24811,25631
Indian Institute of Technology Tirupati,"Civil Engineering (4 Years, Bachelor of Technology)",AI,OPEN (PwD),Gender-Neutral,531P,,,,
Indian Institute of Technology Tirupati,"Civil Engineering (4 Years, Bachelor of Technology)",AI,EWS,Gender-Neutral,2192,2225,2225,2225,2526
Indian Institute of Technology Tirupati,"Civil Engineering (4 Years, Bachelor of Technology)",AI,EWS,Female-only (including Supernumerary),4144,4191,4248,4248,4248
Indian Institute of Technology Tirupati,"Civil Engineering (4 Years, Bachelor of Technology)",AI,OBC-NCL,Gender-Neutral,5390,5778,5807,5807,5835
Indian Institute of Technology Tirupati,"Civil Engineering (4 Years, Bachelor of Technology)",AI,OBC-NCL,Female-only (including Supernumerary),8337,8337,8337,8337,8337
Indian Institute of Technology Tirupati,"Civil Engineering (4 Years, Bachelor of Technology)",AI,SC,Gender-Neutral,2700,2833,2833,2833,2833
Indian Institute of Technology Tirupati,"Civil Engineering (4 Years, Bachelor of Technology)",AI,SC,Female-only (including Supernumerary),3733,3733,3733,3733,3733
Indian Institute of Technology Tirupati,"Civil Engineering (4 Years, Bachelor of Technology)",AI,ST,Gender-Neutral,933,933,933,933,933
Indian Institute of Technology Tirupati,"Computer Science and Engineering (4 Years, Bachelor of Technology)",AI,OPEN,Gender-Neutral,5342,5529,5529,5679,6030
Indian Institute of Technology Tirupati,"Computer Science and Engineering (4 Years, Bachelor of Technology)",AI,OPEN,Female-only (including Supernumerary),8942,8942,8942,8942,8942
Indian Institute of Technology Tirupati,"Computer Science and Engineering (4 Years, Bachelor of Technology)",AI,OPEN (PwD),Gender-Neutral,177,177,177,177,211
Indian Institute of Technology Tirupati,"Computer Science and Engineering (4 Years, Bachelor of Technology)",AI,EWS,Gender-Neutral,714,714,714,714,808
Indian Institute of Technology Tirupati,"Computer Science and Engineering (4 Years, Bachelor of Technology)",AI,EWS,Female-only (including Supernumerary),1570,1570,1570,1570,1570
Indian Institute of Technology Tirupati,"Computer Science and Engineering (4 Years, Bachelor of Technology)",AI,EWS (PwD),Gender-Neutral,9P,12P,12P,12P,12P
Indian Institute of Technology Tirupati,"Computer Science and Engineering (4 Years, Bachelor of Technology)",AI,OBC-NCL,Gender-Neutral,1971,1971,1971,1971,1971
Indian Institute of Technology Tirupati,"Computer Science and Engineering (4 Years, Bachelor of Technology)",AI,OBC-NCL,Female-only (including Supernumerary),3403,3403,3403,3403,3403
Indian Institute of Technology Tirupati,"Computer Science and Engineering (4 Years, Bachelor of Technology)",AI,SC,Gender-Neutral,1032,1032,1032,1032,1032
Indian Institute of Technology Tirupati,"Computer Science and Engineering (4 Years, Bachelor of Technology)",AI,SC,Female-only (including Supernumerary),1568,1568,1568,1568,1568
Indian Institute of Technology Tirupati,"Computer Science and Engineering (4 Years, Bachelor of Technology)",AI,ST,Gender-Neutral,405,405,405,405,405
Indian Institute of Technology Tirupati,"Computer Science and Engineering (4 Years, Bachelor of Technology)",AI,ST,Female-only (including Supernumerary),730,730,730,730,730
Indian Institute of Technology Tirupati,"Electrical Engineering (4 Years, Bachelor of Technology)",AI,OPEN,Gender-Neutral,8592,8860,8860,8860,9677
Indian Institute of Technology Tirupati,"Electrical Engineering (4 Years, Bachelor of Technology)",AI,OPEN,Female-only (including Supernumerary),14743,14743,14743,14743,14834
Indian Institute of Technology Tirupati,"Electrical Engineering (4 Years, Bachelor of Technology)",AI,OPEN (PwD),Gender-Neutral,212,212,212,212,212
Indian Institute of Technology Tirupati,"Electrical Engineering (4 Years, Bachelor of Technology)",AI,EWS,Gender-Neutral,1319,1333,1333,1333,1360
Indian Institute of Technology Tirupati,"Electrical Engineering (4 Years, Bachelor of Technology)",AI,EWS,Female-only (including Supernumerary),2058,2058,2058,2058,2058
Indian Institute of Technology Tirupati,"Electrical Engineering (4 Years, Bachelor of Technology)",AI,OBC-NCL,Gender-Neutral,3171,3345,3345,3345,3354
Indian Institute of Technology Tirupati,"Electrical Engineering (4 Years, Bachelor of Technology)",AI,OBC-NCL,Female-only (including Supernumerary),5511,6028,6028,6028,6028
Indian Institute of Technology Tirupati,"Electrical Engineering (4 Years, Bachelor of Technology)",AI,SC,Gender-Neutral,1956,2026,2026,2026,2026
Indian Institute of Technology Tirupati,"Electrical Engineering (4 Years, Bachelor of Technology)",AI,SC,Female-only (including Supernumerary),2770,2795,2795,2795,2795
Indian Institute of Technology Tirupati,"Electrical Engineering (4 Years, Bachelor of Technology)",AI,ST,Gender-Neutral,894,897,897,897,897
Indian Institute of Technology Tirupati,"Electrical Engineering (4 Years, Bachelor of Technology)",AI,ST,Female-only (including Supernumerary),918,918,918,918,918
Indian Institute of Technology Tirupati,"Engineering Physics (4 Years, Bachelor of Technology)",AI,OPEN,Gender-Neutral,10886,10886,10927,10927,13132
Indian Institute of Technology Tirupati,"Engineering Physics (4 Years, Bachelor of Technology)",AI,EWS,Female-only (including Supernumerary),3065,3065,3065,3065,3065
Indian Institute of Technology Tirupati,"Engineering Physics (4 Years, Bachelor of Technology)",AI,OBC-NCL,Gender-Neutral,4825,4947,4947,4947,5019
Indian Institute of Technology Tirupati,"Engineering Physics (4 Years, Bachelor of Technology)",AI,OBC-NCL,Female-only (including Supernumerary),5286,5286,5286,5286,8725
Indian Institute of Technology Tirupati,"Engineering Physics (4 Years, Bachelor of Technology)",AI,SC,Gender-Neutral,2811,2818,2818,2818,2818
Indian Institute of Technology Tirupati,"Mechanical Engineering (4 Years, Bachelor of Technology)",AI,OPEN,Gender-Neutral,11137,11177,11219,11379,12618
Indian Institute of Technology Tirupati,"Mechanical Engineering (4 Years, Bachelor of Technology)",AI,OPEN,Female-only (including Supernumerary),20247,20247,20247,20470,22458
Indian Institute of Technology Tirupati,"Mechanical Engineering (4 Years, Bachelor of Technology)",AI,OPEN (PwD),Gender-Neutral,42P,,,,
Indian Institute of Technology Tirupati,"Mechanical Engineering (4 Years, Bachelor of Technology)",AI,EWS,Gender-Neutral,1659,1692,1692,1692,2108
Indian Institute of Technology Tirupati,"Mechanical Engineering (4 Years, Bachelor of Technology)",AI,EWS,Female-only (including Supernumerary),3550,3550,3550,3550,4033
Indian Institute of Technology Tirupati,"Mechanical Engineering (4 Years, Bachelor of Technology)",AI,OBC-NCL,Gender-Neutral,4405,4456,4456,4456,4473
Indian Institute of Technology Tirupati,"Mechanical Engineering (4 Years, Bachelor of Technology)",AI,OBC-NCL,Female-only (including Supernumerary),7812,8046,8046,8046,8262
Indian Institute of Technology Tirupati,"Mechanical Engineering (4 Years, Bachelor of Technology)",AI,OBC-NCL (PwD),Gender-Neutral,154P,,,,
Indian Institute of Technology Tirupati,"Mechanical Engineering (4 Years, Bachelor of Technology)",AI,SC,Gender-Neutral,2350,2398,2398,2398,2445
Indian Institute of Technology Tirupati,"Mechanical Engineering (4 Years, Bachelor of Technology)",AI,SC,Female-only (including Supernumerary),3741,3745,3745,3745,3745
Indian Institute of Technology Tirupati,"Mechanical Engineering (4 Years, Bachelor of Technology)",AI,ST,Gender-Neutral,1091,1217,1217,1217,1217
Indian Institute of Technology Tirupati,"Mechanical Engineering (4 Years, Bachelor of Technology)",AI,ST,Female-only (including Supernumerary),1064,1064,1064,1064,1064
Indian Institute of Technology Jammu,"Chemical Engineering (4 Years, Bachelor of Technology)",AI,OPEN,Gender-Neutral,14821,15009,15029,15029,17411
Indian Institute of Technology Jammu,"Chemical Engineering (4 Years, Bachelor of Technology)",AI,OPEN,Female-only (including Supernumerary),23456,24203,24203,24203,26951
Indian Institute of Technology Jammu,"Chemical Engineering (4 Years, Bachelor of Technology)",AI,EWS,Gender-Neutral,2216,2306,2306,2306,2580
Indian Institute of Technology Jammu,"Chemical Engineering (4 Years, Bachelor of Technology)",AI,EWS,Female-only (including Supernumerary),3506,4173,4290,4290,4290
Indian Institute of Technology Jammu,"Chemical Engineering (4 Years, Bachelor of Technology)",AI,OBC-NCL,Gender-Neutral,5469,5604,5604,5604,5905
Indian Institute of Technology Jammu,"Chemical Engineering (4 Years, Bachelor of Technology)",AI,OBC-NCL,Female-only (including Supernumerary),9999,10043,10043,10043,10449
Indian Institute of Technology Jammu,"Chemical Engineering (4 Years, Bachelor of Technology)",AI,SC,Gender-Neutral,2824,2852,2852,2852,2990
Indian Institute of Technology Jammu,"Chemical Engineering (4 Years, Bachelor of Technology)",AI,SC,Female-only (including Supernumerary),4274,4474,4474,4474,4571
Indian Institute of Technology Jammu,"Chemical Engineering (4 Years, Bachelor of Technology)",AI,ST,Gender-Neutral,1325,1387,1387,1387,1410
Indian Institute of Technology Jammu,"Chemical Engineering (4 Years, Bachelor of Technology)",AI,ST,Female-only (including Supernumerary),1793,1793,1793,1793,1793
Indian Institute of Technology Jammu,"Civil Engineering (4 Years, Bachelor of Technology)",AI,OPEN,Gender-Neutral,15466,15634,15739,15757,18245
Indian Institute of Technology Jammu,"Civil Engineering (4 Years, Bachelor of Technology)",AI,OPEN,Female-only (including Supernumerary),25612,26460,26460,26460,29824
Indian Institute of Technology Jammu,"Civil Engineering (4 Years, Bachelor of Technology)",AI,EWS,Gender-Neutral,2304,2338,2338,2338,2606
Indian Institute of Technology Jammu,"Civil Engineering (4 Years, Bachelor of Technology)",AI,EWS,Female-only (including Supernumerary),4290,4290,4305,4305,4670
Indian Institute of Technology Jammu,"Civil Engineering (4 Years, Bachelor of Technology)",AI,OBC-NCL,Gender-Neutral,5637,5895,5922,5922,6065
Indian Institute of Technology Jammu,"Civil Engineering (4 Years, Bachelor of Technology)",AI,OBC-NCL,Female-only (including Supernumerary),10241,10354,10354,10354,11028
Indian Institute of Technology Jammu,"Civil Engineering (4 Years, Bachelor of Technology)",AI,SC,Gender-Neutral,2832,2899,2899,2899,2907
Indian Institute of Technology Jammu,"Civil Engineering (4 Years, Bachelor of Technology)",AI,SC,Female-only (including Supernumerary),4325,4325,4325,4325,4657
Indian Institute of Technology Jammu,"Civil Engineering (4 Years, Bachelor of Technology)",AI,ST,Gender-Neutral,1162,1166,1166,1166,1166
Indian Institute of Technology Jammu,"Civil Engineering (4 Years, Bachelor of Technology)",AI,ST,Female-only (including Supernumerary),1557,1557,1557,1557,1597
Indian Institute of Technology Jammu,"Computer Science and Engineering (4 Years, Bachelor of Technology)",AI,OPEN,Gender-Neutral,6738,7024,7024,7024,7218
Indian Institute of Technology Jammu,"Computer Science and Engineering (4 Years, Bachelor of Technology)",AI,OPEN,Female-only (including Supernumerary),13707,14322,14322,14322,14701
Indian Institute of Technology Jammu,"Computer Science and Engineering (4 Years, Bachelor of Technology)",AI,OPEN (PwD),Gender-Neutral,251,251,251,251,251
Indian Institute of Technology Jammu,"Computer Science and Engineering (4 Years, Bachelor of Technology)",AI,EWS,Gender-Neutral,896,966,966,966,1030
Indian Institute of Technology Jammu,"Computer Science and Engineering (4 Years, Bachelor of Technology)",AI,EWS,Female-only (including Supernumerary),2228,2228,2228,2228,2228
Indian Institute of Technology Jammu,"Computer Science and Engineering (4 Years, Bachelor of Technology)",AI,OBC-NCL,Gender-Neutral,2604,2604,2604,2604,2662
Indian Institute of Technology Jammu,"Computer Science and Engineering (4 Years, Bachelor of Technology)",AI,OBC-NCL,Female-only (including Supernumerary),5200,5200,5200,5200,5333
Indian Institute of Technology Jammu,"Computer Science and Engineering (4 Years, Bachelor of Technology)",AI,OBC-NCL (PwD),Gender-Neutral,85P,85P,85P,85P,85P
Indian Institute of Technology Jammu,"Computer Science and Engineering (4 Years, Bachelor of Technology)",AI,SC,Gender-Neutral,1247,1247,1247,1247,1318
Indian Institute of Technology Jammu,"Computer Science and Engineering (4 Years, Bachelor of Technology)",AI,SC,Female-only (including Supernumerary),2283,2283,2283,2283,2283
Indian Institute of Technology Jammu,"Computer Science and Engineering (4 Years, Bachelor of Technology)",AI,ST,Gender-Neutral,692,837,837,837,837
Indian Institute of Technology Jammu,"Computer Science and Engineering (4 Years, Bachelor of Technology)",AI,ST,Female-only (including Supernumerary),940,1272,1272,1272,1370
Indian Institute of Technology Jammu,"Electrical Engineering (4 Years, Bachelor of Technology)",AI,OPEN,Gender-Neutral,9944,10365,10365,10395,11188
Indian Institute of Technology Jammu,"Electrical Engineering (4 Years, Bachelor of Technology)",AI,OPEN,Female-only (including Supernumerary),17047,17047,17047,17047,17109
Indian Institute of Technology Jammu,"Electrical Engineering (4 Years, Bachelor of Technology)",AI,OPEN (PwD),Gender-Neutral,335P,,,,
Indian Institute of Technology Jammu,"Electrical Engineering (4 Years, Bachelor of Technology)",AI,EWS,Gender-Neutral,1604,1604,1604,1604,1743
Indian Institute of Technology Jammu,"Electrical Engineering (4 Years, Bachelor of Technology)",AI,EWS,Female-only (including Supernumerary),2735,2735,2735,2735,2735
Indian Institute of Technology Jammu,"Electrical Engineering (4 Years, Bachelor of Technology)",AI,OBC-NCL,Gender-Neutral,3819,3971,3971,3971,4048
Indian Institute of Technology Jammu,"Electrical Engineering (4 Years, Bachelor of Technology)",AI,OBC-NCL,Female-only (including Supernumerary),8063,8063,8063,8063,8063
Indian Institute of Technology Jammu,"Electrical Engineering (4 Years, Bachelor of Technology)",AI,SC,Gender-Neutral,2230,2258,2258,2258,2264
Indian Institute of Technology Jammu,"Electrical Engineering (4 Years, Bachelor of Technology)",AI,SC,Female-only (including Supernumerary),3474,3474,3474,3474,3474
Indian Institute of Technology Jammu,"Electrical Engineering (4 Years, Bachelor of Technology)",AI,ST,Gender-Neutral,1093,1099,1099,1099,1099
Indian Institute of Technology Jammu,"Electrical Engineering (4 Years, Bachelor of Technology)",AI,ST,Female-only (including Supernumerary),1370,1370,1370,1370,1557
Indian Institute of Technology Jammu,"Engineering Physics (4 Years, Bachelor of Technology)",AI,OPEN,Gender-Neutral,14080,14139,14190,14197,15070
Indian Institute of Technology Jammu,"Engineering Physics (4 Years, Bachelor of Technology)",AI,OPEN,Female-only (including Supernumerary),23223,24449,24449,24449,24498
Indian Institute of Technology Jammu,"Engineering Physics (4 Years, Bachelor of Technology)",AI,EWS,Gender-Neutral,2290,2326,2326,2326,2585
Indian Institute of Technology Jammu,"Engineering Physics (4 Years, Bachelor of Technology)",AI,OBC-NCL,Gender-Neutral,5561,5727,5755,5755,6136
Indian Institute of Technology Jammu,"Engineering Physics (4 Years, Bachelor of Technology)",AI,OBC-NCL,Female-only (including Supernumerary),10472,10897,10897,10897,11136
Indian Institute of Technology Jammu,"Engineering Physics (4 Years, Bachelor of Technology)",AI,SC,Gender-Neutral,3041,3072,3072,3072,3212
Indian Institute of Technology Jammu,"Engineering Physics (4 Years, Bachelor of Technology)",AI,SC,Female-only (including Supernumerary),4456,4725,4736,4736,4838
Indian Institute of Technology Jammu,"Engineering Physics (4 Years, Bachelor of Technology)",AI,ST,Gender-Neutral,1480,1480,1480,1480,1550
Indian Institute of Technology Jammu,"Engineering Physics (4 Years, Bachelor of Technology)",AI,ST,Female-only (including Supernumerary),1918,1918,1918,1918,1918
Indian Institute of Technology Jammu,"Materials and Metallurgical Engineering (4 Years, Bachelor of Technology)",AI,OPEN,Gender-Neutral,15757,16661,16854,17057,18637
Indian Institute of Technology Jammu,"Materials and Metallurgical Engineering (4 Years, Bachelor of Technology)",AI,OPEN,Female-only (including Supernumerary),26022,27712,27754,27754,29690
Indian Institute of Technology Jammu,"Materials and Metallurgical Engineering (4 Years, Bachelor of Technology)",AI,EWS,Gender-Neutral,2359,2377,2377,2377,2743
Indian Institute of Technology Jammu,"Materials and Metallurgical Engineering (4 Years, Bachelor of Technology)",AI,EWS,Female-only (including Supernumerary),4305,4596,4596,4596,4913
Indian Institute of Technology Jammu,"Materials and Metallurgical Engineering (4 Years, Bachelor of Technology)",AI,OBC-NCL,Gender-Neutral,5813,6033,6034,6034,6266
Indian Institute of Technology Jammu,"Materials and Metallurgical Engineering (4 Years, Bachelor of Technology)",AI,OBC-NCL,Female-only (including Supernumerary),10364,10781,10781,10781,11051
Indian Institute of Technology Jammu,"Materials and Metallurgical Engineering (4 Years, Bachelor of Technology)",AI,SC,Gender-Neutral,3081,3289,3295,3295,3374
Indian Institute of Technology Jammu,"Materials and Metallurgical Engineering (4 Years, Bachelor of Technology)",AI,SC,Female-only (including Supernumerary),4661,4733,4733,4733,4733
Indian Institute of Technology Jammu,"Materials and Metallurgical Engineering (4 Years, Bachelor of Technology)",AI,ST,Gender-Neutral,1510,1523,1530,1530,1530
Indian Institute of Technology Jammu,"Mathematics and Computing (4 Years, Bachelor of Technology)",AI,OPEN,Gender-Neutral,8276,8398,8412,8412,8786
Indian Institute of Technology Jammu,"Mathematics and Computing (4 Years, Bachelor of Technology)",AI,OPEN,Female-only (including Supernumerary),15441,15512,15512,15512,15512
Indian Institute of Technology Jammu,"Mathematics and Computing (4 Years, Bachelor of Technology)",AI,OPEN (PwD),Gender-Neutral,295,44P,44P,44P,559P
Indian Institute of Technology Jammu,"Mathematics and Computing (4 Years, Bachelor of Technology)",AI,EWS,Gender-Neutral,1128,1128,1128,1128,1301
Indian Institute of Technology Jammu,"Mathematics and Computing (4 Years, Bachelor of Technology)",AI,EWS,Female-only (including Supernumerary),2272,2272,2272,2272,2272
Indian Institute of Technology Jammu,"Mathematics and Computing (4 Years, Bachelor of Technology)",AI,OBC-NCL,Gender-Neutral,3071,3252,3252,3252,3337
Indian Institute of Technology Jammu,"Mathematics and Computing (4 Years, Bachelor of Technology)",AI,OBC-NCL,Female-only (including Supernumerary),6424,6424,6424,6424,6550
Indian Institute of Technology Jammu,"Mathematics and Computing (4 Years, Bachelor of Technology)",AI,OBC-NCL (PwD),Gender-Neutral,199P,,,,
Indian Institute of Technology Jammu,"Mathematics and Computing (4 Years, Bachelor of Technology)",AI,SC,Gender-Neutral,1640,1640,1640,1640,1640
Indian Institute of Technology Jammu,"Mathematics and Computing (4 Years, Bachelor of Technology)",AI,SC,Female-only (including Supernumerary),2414,2553,2553,2553,2553
Indian Institute of Technology Jammu,"Mathematics and Computing (4 Years, Bachelor of Technology)",AI,ST,Gender-Neutral,959,1002,1002,1002,1002
Indian Institute of Technology Jammu,"Mechanical Engineering (4 Years, Bachelor of Technology)",AI,OPEN,Gender-Neutral,12718,12972,12972,13114,14123
Indian Institute of Technology Jammu,"Mechanical Engineering (4 Years, Bachelor of Technology)",AI,OPEN,Female-only (including Supernumerary),22595,22900,22900,22900,22900
Indian Institute of Technology Jammu,"Mechanical Engineering (4 Years, Bachelor of Technology)",AI,EWS,Gender-Neutral,1886,1886,1886,1939,2416
Indian Institute of Technology Jammu,"Mechanical Engineering (4 Years, Bachelor of Technology)",AI,EWS,Female-only (including Supernumerary),4142,4142,4142,4142,4142
Indian Institute of Technology Jammu,"Mechanical Engineering (4 Years, Bachelor of Technology)",AI,OBC-NCL,Gender-Neutral,4882,5064,5064,5064,5426
Indian Institute of Technology Jammu,"Mechanical Engineering (4 Years, Bachelor of Technology)",AI,OBC-NCL,Female-only (including Supernumerary),9327,9999,9999,9999,10241
Indian Institute of Technology Jammu,"Mechanical Engineering (4 Years, Bachelor of Technology)",AI,SC,Gender-Neutral,2527,2650,2650,2650,2725
Indian Institute of Technology Jammu,"Mechanical Engineering (4 Years, Bachelor of Technology)",AI,SC,Female-only (including Supernumerary),4172,4172,4172,4172,4172
Indian Institute of Technology Jammu,"Mechanical Engineering (4 Years, Bachelor of Technology)",AI,ST,Gender-Neutral,1215,1232,1232,1232,1232
Indian Institute of Technology Jammu,"Mechanical Engineering (4 Years, Bachelor of Technology)",AI,ST,Female-only (including Supernumerary),1678,1678,1678,1678,1678
Indian Institute of Technology Jammu,"Unified Engineering (4 Years, Bachelor of Technology)",AI,OPEN,Gender-Neutral,13124,13124,13124,13256,15636
Indian Institute of Technology Jammu,"Unified Engineering (4 Years, Bachelor of Technology)",AI,OPEN,Female-only (including Supernumerary),23258,23258,23258,23258,23258
Indian Institute of Technology Jammu,"Unified Engineering (4 Years, Bachelor of Technology)",AI,EWS,Gender-Neutral,2131,2131,2131,2131,2629
Indian Institute of Technology Jammu,"Unified Engineering (4 Years, Bachelor of Technology)",AI,EWS,Female-only (including Supernumerary),4357,4552,4552,4552,4552
Indian Institute of Technology Jammu,"Unified Engineering (4 Years, Bachelor of Technology)",AI,OBC-NCL,Gender-Neutral,5731,5990,5990,5990,5994
Indian Institute of Technology Jammu,"Unified Engineering (4 Years, Bachelor of Technology)",AI,OBC-NCL,Female-only (including Supernumerary),10258,10258,10258,10258,10258
Indian Institute of Technology Jammu,"Unified Engineering (4 Years, Bachelor of Technology)",AI,SC,Gender-Neutral,3190,3190,3209,3209,3209
Indian Institute of Technology Jammu,"Unified Engineering (4 Years, Bachelor of Technology)",AI,SC,Female-only (including Supernumerary),4549,4549,4549,4549,4549
Indian Institute of Technology Jammu,"Unified Engineering (4 Years, Bachelor of Technology)",AI,ST,Gender-Neutral,1525,1578,1578,1578,1578
Indian Institute of Technology Dharwad,"Chemical and Biochemical Engineering (4 Years, Bachelor of Technology)",AI,OPEN,Gender-Neutral,15199,15910,15910,15910,17789
Indian Institute of Technology Dharwad,"Chemical and Biochemical Engineering (4 Years, Bachelor of Technology)",AI,OPEN,Female-only (including Supernumerary),24203,24803,25799,25799,25984
Indian Institute of Technology Dharwad,"Chemical and Biochemical Engineering (4 Years, Bachelor of Technology)",AI,OPEN (PwD),Gender-Neutral,72P,,,,
Indian Institute of Technology Dharwad,"Chemical and Biochemical Engineering (4 Years, Bachelor of Technology)",AI,EWS,Gender-Neutral,2326,2387,2387,2387,2560
Indian Institute of Technology Dharwad,"Chemical and Biochemical Engineering (4 Years, Bachelor of Technology)",AI,EWS,Female-only (including Supernumerary),4132,4132,4132,4132,4483
Indian Institute of Technology Dharwad,"Chemical and Biochemical Engineering (4 Years, Bachelor of Technology)",AI,OBC-NCL,Gender-Neutral,5642,5950,5950,5950,6107
Indian Institute of Technology Dharwad,"Chemical and Biochemical Engineering (4 Years, Bachelor of Technology)",AI,OBC-NCL,Female-only (including Supernumerary),9622,10216,10216,10216,10290
Indian Institute of Technology Dharwad,"Chemical and Biochemical Engineering (4 Years, Bachelor of Technology)",AI,SC,Gender-Neutral,2985,2985,2985,2985,3220
Indian Institute of Technology Dharwad,"Chemical and Biochemical Engineering (4 Years, Bachelor of Technology)",AI,SC,Female-only (including Supernumerary),3301,3301,3301,3301,3301
Indian Institute of Technology Dharwad,"Chemical and Biochemical Engineering (4 Years, Bachelor of Technology)",AI,ST,Gender-Neutral,1343,1343,1343,1343,1343
Indian Institute of Technology Dharwad,"Civil and Infrastructure Engineering (4 Years, Bachelor of Technology)",AI,OPEN,Gender-Neutral,15934,16248,16248,16248,17968
Indian Institute of Technology Dharwad,"Civil and Infrastructure Engineering (4 Years, Bachelor of Technology)",AI,OPEN,Female-only (including Supernumerary),24018,24459,24459,24459,27345
Indian Institute of Technology Dharwad,"Civil and Infrastructure Engineering (4 Years, Bachelor of Technology)",AI,OPEN (PwD),Gender-Neutral,485P,485P,485P,485P,485P
Indian Institute of Technology Dharwad,"Civil and Infrastructure Engineering (4 Years, Bachelor of Technology)",AI,EWS,Gender-Neutral,2234,2361,2361,2361,2563
Indian Institute of Technology Dharwad,"Civil and Infrastructure Engineering (4 Years, Bachelor of Technology)",AI,EWS,Female-only (including Supernumerary),4232,4243,4243,4243,4464
Indian Institute of Technology Dharwad,"Civil and Infrastructure Engineering (4 Years, Bachelor of Technology)",AI,OBC-NCL,Gender-Neutral,5680,5879,5880,5880,6129
Indian Institute of Technology Dharwad,"Civil and Infrastructure Engineering (4 Years, Bachelor of Technology)",AI,OBC-NCL,Female-only (including Supernumerary),9691,10271,10271,10271,10271
Indian Institute of Technology Dharwad,"Civil and Infrastructure Engineering (4 Years, Bachelor of Technology)",AI,SC,Gender-Neutral,2894,2935,2935,2935,2940
Indian Institute of Technology Dharwad,"Civil and Infrastructure Engineering (4 Years, Bachelor of Technology)",AI,SC,Female-only (including Supernumerary),4224,4507,4507,4507,4774
Indian Institute of Technology Dharwad,"Civil and Infrastructure Engineering (4 Years, Bachelor of Technology)",AI,ST,Gender-Neutral,1223,1249,1249,1249,1249
Indian Institute of Technology Dharwad,"Computer Science and Engineering (4 Years, Bachelor of Technology)",AI,OPEN,Gender-Neutral,7426,7616,7616,7698,8332
Indian Institute of Technology Dharwad,"Computer Science and Engineering (4 Years, Bachelor of Technology)",AI,OPEN,Female-only (including Supernumerary),12225,12406,12406,12406,14069
Indian Institute of Technology Dharwad,"Computer Science and Engineering (4 Years, Bachelor of Technology)",AI,OPEN (PwD),Gender-Neutral,167,167,167,167,167
Indian Institute of Technology Dharwad,"Computer Science and Engineering (4 Years, Bachelor of Technology)",AI,EWS,Gender-Neutral,1106,1191,1191,1191,1203
Indian Institute of Technology Dharwad,"Computer Science and Engineering (4 Years, Bachelor of Technology)",AI,EWS,Female-only (including Supernumerary),1895,1895,1895,1895,1985
Indian Institute of Technology Dharwad,"Computer Science and Engineering (4 Years, Bachelor of Technology)",AI,OBC-NCL,Gender-Neutral,2688,2737,2737,2737,2782
Indian Institute of Technology Dharwad,"Computer Science and Engineering (4 Years, Bachelor of Technology)",AI,OBC-NCL,Female-only (including Supernumerary),5123,5296,5296,5296,5296
Indian Institute of Technology Dharwad,"Computer Science and Engineering (4 Years, Bachelor of Technology)",AI,OBC-NCL (PwD),Gender-Neutral,107,107,107,107,107
Indian Institute of Technology Dharwad,"Computer Science and Engineering (4 Years, Bachelor of Technology)",AI,SC,Gender-Neutral,1466,1468,1468,1468,1484
Indian Institute of Technology Dharwad,"Computer Science and Engineering (4 Years, Bachelor of Technology)",AI,SC,Female-only (including Supernumerary),2273,2414,2414,2414,2414
Indian Institute of Technology Dharwad,"Computer Science and Engineering (4 Years, Bachelor of Technology)",AI,ST,Gender-Neutral,538,589,589,589,589
Indian Institute of Technology Dharwad,"Computer Science and Engineering (4 Years, Bachelor of Technology)",AI,ST,Female-only (including Supernumerary),577,577,577,577,577
Indian Institute of Technology Dharwad,"Electrical and Electronics Engineering (4 Years, Bachelor of Technology)",AI,OPEN,Gender-Neutral,9552,9745,9745,9842,11099
Indian Institute of Technology Dharwad,"Electrical and Electronics Engineering (4 Years, Bachelor of Technology)",AI,OPEN,Female-only (including Supernumerary),15783,15783,15783,15783,17677
Indian Institute of Technology Dharwad,"Electrical and Electronics Engineering (4 Years, Bachelor of Technology)",AI,OPEN (PwD),Gender-Neutral,68P,72P,72P,72P,72P
Indian Institute of Technology Dharwad,"Electrical and Electronics Engineering (4 Years, Bachelor of Technology)",AI,EWS,Gender-Neutral,1339,1505,1505,1505,1530
Indian Institute of Technology Dharwad,"Electrical and Electronics Engineering (4 Years, Bachelor of Technology)",AI,EWS,Female-only (including Supernumerary),2548,2548,2548,2548,2691
Indian Institute of Technology Dharwad,"Electrical and Electronics Engineering (4 Years, Bachelor of Technology)",AI,OBC-NCL,Gender-Neutral,3549,3669,3669,3669,4026
Indian Institute of Technology Dharwad,"Electrical and Electronics Engineering (4 Years, Bachelor of Technology)",AI,OBC-NCL,Female-only (including Supernumerary),6587,7627,7627,7627,7627
Indian Institute of Technology Dharwad,"Electrical and Electronics Engineering (4 Years, Bachelor of Technology)",AI,SC,Gender-Neutral,2077,2092,2092,2092,2092
Indian Institute of Technology Dharwad,"Electrical and Electronics Engineering (4 Years, Bachelor of Technology)",AI,SC,Female-only (including Supernumerary),2911,2911,2911,2911,2911
Indian Institute of Technology Dharwad,"Electrical and Electronics Engineering (4 Years, Bachelor of Technology)",AI,ST,Gender-Neutral,1036,1036,1036,1036,1036
Indian Institute of Technology Dharwad,"Electronics and Communication Engineering (4 Years, Bachelor of Technology)",AI,OPEN,Gender-Neutral,8996,9147,9147,9240,9848
Indian Institute of Technology Dharwad,"Electronics and Communication Engineering (4 Years, Bachelor of Technology)",AI,OPEN,Female-only (including Supernumerary),15164,15164,15164,15164,15164
Indian Institute of Technology Dharwad,"Electronics and Communication Engineering (4 Years, Bachelor of Technology)",AI,OPEN (PwD),Gender-Neutral,275,268,268,268,268
Indian Institute of Technology Dharwad,"Electronics and Communication Engineering (4 Years, Bachelor of Technology)",AI,EWS,Gender-Neutral,1302,1341,1341,1341,1341
Indian Institute of Technology Dharwad,"Electronics and Communication Engineering (4 Years, Bachelor of Technology)",AI,EWS,Female-only (including Supernumerary),2374,2374,2374,2374,2374
Indian Institute of Technology Dharwad,"Electronics and Communication Engineering (4 Years, Bachelor of Technology)",AI,OBC-NCL,Gender-Neutral,3260,3285,3285,3285,3441
Indian Institute of Technology Dharwad,"Electronics and Communication Engineering (4 Years, Bachelor of Technology)",AI,OBC-NCL,Female-only (including Supernumerary),6007,6007,6007,6007,6007
Indian Institute of Technology Dharwad,"Electronics and Communication Engineering (4 Years, Bachelor of Technology)",AI,OBC-NCL (PwD),Gender-Neutral,61P,61P,61P,61P,61P
Indian Institute of Technology Dharwad,"Electronics and Communication Engineering (4 Years, Bachelor of Technology)",AI,SC,Gender-Neutral,1817,1866,1866,1866,1898
Indian Institute of Technology Dharwad,"Electronics and Communication Engineering (4 Years, Bachelor of Technology)",AI,SC,Female-only (including Supernumerary),2466,2466,2466,2466,2466
Indian Institute of Technology Dharwad,"Electronics and Communication Engineering (4 Years, Bachelor of Technology)",AI,ST,Gender-Neutral,919,919,919,919,919
Indian Institute of Technology Dharwad,"Electronics and Communication Engineering (4 Years, Bachelor of Technology)",AI,ST,Female-only (including Supernumerary),1060,1060,1060,1060,1060
Indian Institute of Technology Dharwad,"Engineering Physics (4 Years, Bachelor of Technology)",AI,OPEN,Gender-Neutral,12873,13877,13877,13877,14696
Indian Institute of Technology Dharwad,"Engineering Physics (4 Years, Bachelor of Technology)",AI,OPEN,Female-only (including Supernumerary),20504,20504,21227,21227,21227
Indian Institute of Technology Dharwad,"Engineering Physics (4 Years, Bachelor of Technology)",AI,EWS,Gender-Neutral,2270,2270,2270,2270,2441
Indian Institute of Technology Dharwad,"Engineering Physics (4 Years, Bachelor of Technology)",AI,EWS,Female-only (including Supernumerary),3564,4357,4357,4357,4357
Indian Institute of Technology Dharwad,"Engineering Physics (4 Years, Bachelor of Technology)",AI,OBC-NCL,Gender-Neutral,5062,5439,5439,5439,5775
Indian Institute of Technology Dharwad,"Engineering Physics (4 Years, Bachelor of Technology)",AI,OBC-NCL,Female-only (including Supernumerary),9521,9521,9521,9521,9521
Indian Institute of Technology Dharwad,"Engineering Physics (4 Years, Bachelor of Technology)",AI,SC,Gender-Neutral,3006,3063,3154,3163,3163
Indian Institute of Technology Dharwad,"Engineering Physics (4 Years, Bachelor of Technology)",AI,SC,Female-only (including Supernumerary),4330,4438,4438,4438,4438
Indian Institute of Technology Dharwad,"Engineering Physics (4 Years, Bachelor of Technology)",AI,ST,Gender-Neutral,1335,1539,1539,1539,1539
Indian Institute of Technology Dharwad,"Major in Mathematics (4 Years, Bachelor of Science)",AI,OPEN,Gender-Neutral,10445,11792,11792,11792,17372
Indian Institute of Technology Dharwad,"Major in Mathematics (4 Years, Bachelor of Science)",AI,OPEN,Female-only (including Supernumerary),21227,25158,25158,25158,26937
Indian Institute of Technology Dharwad,"Major in Mathematics (4 Years, Bachelor of Science)",AI,EWS,Gender-Neutral,2387,2437,2437,2437,2437
Indian Institute of Technology Dharwad,"Major in Mathematics (4 Years, Bachelor of Science)",AI,OBC-NCL,Gender-Neutral,5687,6008,6017,6017,6017
Indian Institute of Technology Dharwad,"Major in Mathematics (4 Years, Bachelor of Science)",AI,OBC-NCL,Female-only (including Supernumerary),9260,9260,9260,9260,9768
Indian Institute of Technology Dharwad,"Major in Mathematics (4 Years, Bachelor of Science)",AI,SC,Gender-Neutral,3248,3248,3248,3248,3300
Indian Institute of Technology Dharwad,"Major in Mathematics (4 Years, Bachelor of Science)",AI,ST,Gender-Neutral,1442,1601,1605,1605,1605
Indian Institute of Technology Dharwad,"Major in Physics (4 Years, Bachelor of Science)",AI,OPEN,Gender-Neutral,14236,14612,14612,14612,18223
Indian Institute of Technology Dharwad,"Major in Physics (4 Years, Bachelor of Science)",AI,OPEN,Female-only (including Supernumerary),26020,27211,27211,27211,29216
Indian Institute of Technology Dharwad,"Major in Physics (4 Years, Bachelor of Science)",AI,EWS,Gender-Neutral,2431,2504,2504,2504,2772
Indian Institute of Technology Dharwad,"Major in Physics (4 Years, Bachelor of Science)",AI,OBC-NCL,Gender-Neutral,5832,6053,6053,6053,6372
Indian Institute of Technology Dharwad,"Major in Physics (4 Years, Bachelor of Science)",AI,OBC-NCL,Female-only (including Supernumerary),10225,10878,10878,10878,11146
Indian Institute of Technology Dharwad,"Major in Physics (4 Years, Bachelor of Science)",AI,SC,Gender-Neutral,3286,3328,3351,3362,3362
Indian Institute of Technology Dharwad,"Major in Physics (4 Years, Bachelor of Science)",AI,ST,Gender-Neutral,1505,1575,1575,1575,1575
Indian Institute of Technology Dharwad,"Mathematics and Computing (4 Years, Bachelor of Technology)",AI,OPEN,Gender-Neutral,8053,8123,8163,8163,9148
Indian Institute of Technology Dharwad,"Mathematics and Computing (4 Years, Bachelor of Technology)",AI,OPEN,Female-only (including Supernumerary),12457,12457,12457,12457,12659
Indian Institute of Technology Dharwad,"Mathematics and Computing (4 Years, Bachelor of Technology)",AI,OPEN (PwD),Gender-Neutral,44P,238P,238P,238P,238P
Indian Institute of Technology Dharwad,"Mathematics and Computing (4 Years, Bachelor of Technology)",AI,EWS,Gender-Neutral,1214,1233,1233,1233,1233
Indian Institute of Technology Dharwad,"Mathematics and Computing (4 Years, Bachelor of Technology)",AI,EWS,Female-only (including Supernumerary),2195,2195,2195,2195,2195
Indian Institute of Technology Dharwad,"Mathematics and Computing (4 Years, Bachelor of Technology)",AI,OBC-NCL,Gender-Neutral,3062,3130,3130,3130,3200
Indian Institute of Technology Dharwad,"Mathematics and Computing (4 Years, Bachelor of Technology)",AI,OBC-NCL,Female-only (including Supernumerary),5733,5733,5733,5733,5733
Indian Institute of Technology Dharwad,"Mathematics and Computing (4 Years, Bachelor of Technology)",AI,OBC-NCL (PwD),Gender-Neutral,96P,,,,
Indian Institute of Technology Dharwad,"Mathematics and Computing (4 Years, Bachelor of Technology)",AI,SC,Gender-Neutral,1842,1842,1842,1842,1842
Indian Institute of Technology Dharwad,"Mathematics and Computing (4 Years, Bachelor of Technology)",AI,SC,Female-only (including Supernumerary),2553,2604,2604,2604,2604
Indian Institute of Technology Dharwad,"Mathematics and Computing (4 Years, Bachelor of Technology)",AI,ST,Gender-Neutral,740,1007,1007,1007,1007
Indian Institute of Technology Dharwad,"Mechanical Engineering (4 Years, Bachelor of Technology)",AI,OPEN,Gender-Neutral,12908,13263,13263,13263,15332
Indian Institute of Technology Dharwad,"Mechanical Engineering (4 Years, Bachelor of Technology)",AI,OPEN,Female-only (including Supernumerary),22495,23759,23759,23759,24811
Indian Institute of Technology Dharwad,"Mechanical Engineering (4 Years, Bachelor of Technology)",AI,OPEN (PwD),Gender-Neutral,438P,173P,173P,173P,173P
Indian Institute of Technology Dharwad,"Mechanical Engineering (4 Years, Bachelor of Technology)",AI,EWS,Gender-Neutral,1979,2103,2103,2103,2270
Indian Institute of Technology Dharwad,"Mechanical Engineering (4 Years, Bachelor of Technology)",AI,EWS,Female-only (including Supernumerary),3537,3537,3537,3537,4173
Indian Institute of Technology Dharwad,"Mechanical Engineering (4 Years, Bachelor of Technology)",AI,OBC-NCL,Gender-Neutral,4918,5215,5215,5215,5570
Indian Institute of Technology Dharwad,"Mechanical Engineering (4 Years, Bachelor of Technology)",AI,OBC-NCL,Female-only (including Supernumerary),9135,9768,9768,9768,10216
Indian Institute of Technology Dharwad,"Mechanical Engineering (4 Years, Bachelor of Technology)",AI,SC,Gender-Neutral,2591,2739,2769,2769,2769
Indian Institute of Technology Dharwad,"Mechanical Engineering (4 Years, Bachelor of Technology)",AI,SC,Female-only (including Supernumerary),3728,3728,3728,3728,3728
Indian Institute of Technology Dharwad,"Mechanical Engineering (4 Years, Bachelor of Technology)",AI,ST,Gender-Neutral,1185,1263,1263,1263,1263
Indian Institute of Technology Dharwad,"Mechanical Engineering (4 Years, Bachelor of Technology)",AI,ST,Female-only (including Supernumerary),1629,1629,1629,1629,1629
"Indian Institute of Science, Bangalore","Aerospace Engineering (4 Years, Bachelor of Technology)",AI,OPEN,Gender-Neutral,3552,3552,3552,3843,3901
"Indian Institute of Science, Bangalore","Aerospace Engineering (4 Years, Bachelor of Technology)",AI,OPEN,Female-only (including Supernumerary),4716,4716,4716,4716,4716
"Indian Institute of Science, Bangalore","Aerospace Engineering (4 Years, Bachelor of Technology)",AI,EWS,Gender-Neutral,769,769,769,769,769
"Indian Institute of Science, Bangalore","Aerospace Engineering (4 Years, Bachelor of Technology)",AI,EWS,Female-only (including Supernumerary),1739,1739,1739,1739,1739
"Indian Institute of Science, Bangalore","Aerospace Engineering (4 Years, Bachelor of Technology)",AI,OBC-NCL,Gender-Neutral,1690,1764,1764,1764,1942
"Indian Institute of Science, Bangalore","Aerospace Engineering (4 Years, Bachelor of Technology)",AI,OBC-NCL,Female-only (including Supernumerary),3729,3729,3729,3729,3843
"Indian Institute of Science, Bangalore","Aerospace Engineering (4 Years, Bachelor of Technology)",AI,OBC-NCL (PwD),Gender-Neutral,88,88,88,88,74P
"Indian Institute of Science, Bangalore","Aerospace Engineering (4 Years, Bachelor of Technology)",AI,SC,Gender-Neutral,1006,1061,1061,1061,1061
"Indian Institute of Science, Bangalore","Aerospace Engineering (4 Years, Bachelor of Technology)",AI,ST,Gender-Neutral,516,516,516,516,516
"Indian Institute of Science, Bangalore","B.Tech in Materials Science and Engineering (4 Years, Bachelor of Technology)",AI,OPEN,Gender-Neutral,4373,4564,4564,4564,4912
"Indian Institute of Science, Bangalore","B.Tech in Materials Science and Engineering (4 Years, Bachelor of Technology)",AI,OPEN,Female-only (including Supernumerary),6524,6524,6524,6524,6524
"Indian Institute of Science, Bangalore","B.Tech in Materials Science and Engineering (4 Years, Bachelor of Technology)",AI,EWS,Gender-Neutral,918,918,918,918,918
"Indian Institute of Science, Bangalore","B.Tech in Materials Science and Engineering (4 Years, Bachelor of Technology)",AI,OBC-NCL,Gender-Neutral,2224,2224,2224,2224,2323
"Indian Institute of Science, Bangalore","B.Tech in Materials Science and Engineering (4 Years, Bachelor of Technology)",AI,OBC-NCL,Female-only (including Supernumerary),4231,4231,4231,4231,4231
"Indian Institute of Science, Bangalore","B.Tech in Materials Science and Engineering (4 Years, Bachelor of Technology)",AI,SC,Gender-Neutral,1297,1297,1297,1297,1482
"Indian Institute of Science, Bangalore","B.Tech in Materials Science and Engineering (4 Years, Bachelor of Technology)",AI,SC,Female-only (including Supernumerary),1844,1844,1844,1844,1844
"Indian Institute of Science, Bangalore","B.Tech in Materials Science and Engineering (4 Years, Bachelor of Technology)",AI,ST,Gender-Neutral,720,720,720,720,720
"Indian Institute of Science, Bangalore","B.Tech in Materials Science and Engineering (4 Years, Bachelor of Technology)",AI,ST,Female-only (including Supernumerary),1170,1170,1170,1170,1170
"Indian Institute of Science, Bangalore","B.Tech in Mathematics and Computing (4 Years, Bachelor of Technology)",AI,OPEN,Gender-Neutral,712,743,743,743,743
"Indian Institute of Science, Bangalore","B.Tech in Mathematics and Computing (4 Years, Bachelor of Technology)",AI,OPEN,Female-only (including Supernumerary),2954,2954,2954,2954,2954
"Indian Institute of Science, Bangalore","B.Tech in Mathematics and Computing (4 Years, Bachelor of Technology)",AI,OPEN (PwD),Gender-Neutral,67,67,67,67,67
"Indian Institute of Science, Bangalore","B.Tech in Mathematics and Computing (4 Years, Bachelor of Technology)",AI,EWS,Gender-Neutral,153,153,153,153,153
"Indian Institute of Science, Bangalore","B.Tech in Mathematics and Computing (4 Years, Bachelor of Technology)",AI,EWS,Female-only (including Supernumerary),427,427,427,427,427
"Indian Institute of Science, Bangalore","B.Tech in Mathematics and Computing (4 Years, Bachelor of Technology)",AI,OBC-NCL,Gender-Neutral,546,567,567,567,567
"Indian Institute of Science, Bangalore","B.Tech in Mathematics and Computing (4 Years, Bachelor of Technology)",AI,OBC-NCL,Female-only (including Supernumerary),1067,1067,1067,1067,1067
"Indian Institute of Science, Bangalore","B.Tech in Mathematics and Computing (4 Years, Bachelor of Technology)",AI,OBC-NCL (PwD),Gender-Neutral,61,61,61,61,61
"Indian Institute of Science, Bangalore","B.Tech in Mathematics and Computing (4 Years, Bachelor of Technology)",AI,SC,Gender-Neutral,272,320,320,320,320
"Indian Institute of Science, Bangalore","B.Tech in Mathematics and Computing (4 Years, Bachelor of Technology)",AI,SC,Female-only (including Supernumerary),881,881,881,881,881
"Indian Institute of Science, Bangalore","B.Tech in Mathematics and Computing (4 Years, Bachelor of Technology)",AI,SC (PwD),Gender-Neutral,22P,,,,
"Indian Institute of Science, Bangalore","B.Tech in Mathematics and Computing (4 Years, Bachelor of Technology)",AI,ST,Gender-Neutral,231,231,231,231,231
"Indian Institute of Science, Bangalore","B.Tech in Mathematics and Computing (4 Years, Bachelor of Technology)",AI,ST,Female-only (including Supernumerary),276,276,276,276,276
"Indian Institute of Science, Bangalore","Mechanics and Computing (4 Years, Bachelor of Technology)",AI,OPEN,Gender-Neutral,1960,1960,1960,1960,1967
"Indian Institute of Science, Bangalore","Mechanics and Computing (4 Years, Bachelor of Technology)",AI,OPEN,Female-only (including Supernumerary),4488,4488,4488,4488,4488
"Indian Institute of Science, Bangalore","Mechanics and Computing (4 Years, Bachelor of Technology)",AI,OPEN (PwD),Gender-Neutral,193,193,193,193,193
"Indian Institute of Science, Bangalore","Mechanics and Computing (4 Years, Bachelor of Technology)",AI,EWS,Gender-Neutral,383,383,383,383,383
"Indian Institute of Science, Bangalore","Mechanics and Computing (4 Years, Bachelor of Technology)",AI,OBC-NCL,Gender-Neutral,923,923,923,923,923
"Indian Institute of Science, Bangalore","Mechanics and Computing (4 Years, Bachelor of Technology)",AI,OBC-NCL,Female-only (including Supernumerary),2797,2797,2797,2797,2797
"Indian Institute of Science, Bangalore","Mechanics and Computing (4 Years, Bachelor of Technology)",AI,SC,Gender-Neutral,477,477,477,477,535
"Indian Institute of Science, Bangalore","Mechanics and Computing (4 Years, Bachelor of Technology)",AI,SC,Female-only (including Supernumerary),1257,1257,1257,1257,1257
"Indian Institute of Science, Bangalore","Mechanics and Computing (4 Years, Bachelor of Technology)",AI,ST,Gender-Neutral,400,400,400,400,400